{
"type": "FeatureCollection",
"name": "hospitals",
"crs": { "type": "name", "properties": { "name": "urn:ogc:def:crs:OGC:1.3:CRS84" } },
"features": [
{ "type": "Feature", "properties": { "element": "node", "id": 342119964, "name": "Saint Anne's Hospital", "category": "hospitals" }, "geometry": { "type": "Point", "coordinates": [ 72.883476, 19.2733799 ] } },
{ "type": "Feature", "properties": { "element": "node", "id": 346643796, "name": "National Centre for Training and Research into Cerebral Palsy", "category": "hospitals" }, "geometry": { "type": "Point", "coordinates": [ 72.8321317, 19.0516428 ] } },
{ "type": "Feature", "properties": { "element": "node", "id": 457068089, "name": "Jasmine Hospital And Wow Clinic", "category": "hospitals" }, "geometry": { "type": "Point", "coordinates": [ 72.9998192, 19.1486707 ] } },
{ "type": "Feature", "properties": { "element": "node", "id": 702054649, "name": "Borivali West", "category": "hospitals" }, "geometry": { "type": "Point", "coordinates": [ 72.8471376, 19.2298129 ] } },
{ "type": "Feature", "properties": { "element": "node", "id": 860315256, "name": "Saifee Ambulance", "category": "hospitals" }, "geometry": { "type": "Point", "coordinates": [ 72.8314957, 18.9599377 ] } },
{ "type": "Feature", "properties": { "element": "node", "id": 1174929416, "name": "Siddarth Municipal Hospital", "category": "hospitals" }, "geometry": { "type": "Point", "coordinates": [ 72.8399209, 19.1597156 ] } },
{ "type": "Feature", "properties": { "element": "node", "id": 1347550460, "name": "Jevan Vikas Hospital", "category": "hospitals" }, "geometry": { "type": "Point", "coordinates": [ 72.8483274, 19.1106501 ] } },
{ "type": "Feature", "properties": { "element": "node", "id": 1356234984, "name": "Dr Kasbekar Sterling Hospital", "category": "hospitals" }, "geometry": { "type": "Point", "coordinates": [ 72.9873953, 19.0698454 ] } },
{ "type": "Feature", "properties": { "element": "node", "id": 1398715651, "name": "JOY Hospital", "category": "hospitals" }, "geometry": { "type": "Point", "coordinates": [ 72.8973945, 19.0558773 ] } },
{ "type": "Feature", "properties": { "element": "node", "id": 1398717565, "name": "Inlaks Hospital", "category": "hospitals" }, "geometry": { "type": "Point", "coordinates": [ 72.8964218, 19.0466131 ] } },
{ "type": "Feature", "properties": { "element": "node", "id": 1496182480, "name": "Ankit Fracture, Maternity and Surgical Hospital", "category": "hospitals" }, "geometry": { "type": "Point", "coordinates": [ 72.8605924, 19.2270454 ] } },
{ "type": "Feature", "properties": { "element": "node", "id": 1640244309, "name": "Dr Maitreyee Parulekar", "category": "hospitals" }, "geometry": { "type": "Point", "coordinates": [ 72.8483799, 19.0962884 ] } },
{ "type": "Feature", "properties": { "element": "node", "id": 1787854399, "name": "Sujay Hospital", "category": "hospitals" }, "geometry": { "type": "Point", "coordinates": [ 72.8339632, 19.116234 ] } },
{ "type": "Feature", "properties": { "element": "node", "id": 1855265659, "name": "Bethany Hospital", "category": "hospitals" }, "geometry": { "type": "Point", "coordinates": [ 72.9618661, 19.2198203 ] } },
{ "type": "Feature", "properties": { "element": "node", "id": 1855812192, "name": "Powai Dental Clinic", "category": "hospitals" }, "geometry": { "type": "Point", "coordinates": [ 72.9172844, 19.1246531 ] } },
{ "type": "Feature", "properties": { "element": "node", "id": 1855812194, "name": "Powai Hospital", "category": "hospitals" }, "geometry": { "type": "Point", "coordinates": [ 72.9164511, 19.124088 ] } },
{ "type": "Feature", "properties": { "element": "node", "id": 1939199158, "name": "Sailee Hospital and Diagnostic Center", "category": "hospitals" }, "geometry": { "type": "Point", "coordinates": [ 72.8406807, 19.2277332 ] } },
{ "type": "Feature", "properties": { "element": "node", "id": 2097757612, "name": null, "category": "hospitals" }, "geometry": { "type": "Point", "coordinates": [ 72.871778, 19.2150169 ] } },
{ "type": "Feature", "properties": { "element": "node", "id": 2134856430, "name": null, "category": "hospitals" }, "geometry": { "type": "Point", "coordinates": [ 72.8698066, 19.0493781 ] } },
{ "type": "Feature", "properties": { "element": "node", "id": 2186668978, "name": "Dr Manveen Gill", "category": "hospitals" }, "geometry": { "type": "Point", "coordinates": [ 72.8274922, 19.132483 ] } },
{ "type": "Feature", "properties": { "element": "node", "id": 2238635335, "name": "Ameeta Patil Nursing Home", "category": "hospitals" }, "geometry": { "type": "Point", "coordinates": [ 72.8997288, 19.0622247 ] } },
{ "type": "Feature", "properties": { "element": "node", "id": 2319217775, "name": "Mata Ramabai B Ambedkar Hospital", "category": "hospitals" }, "geometry": { "type": "Point", "coordinates": [ 72.8946408, 19.0557141 ] } },
{ "type": "Feature", "properties": { "element": "node", "id": 2411660992, "name": "Hyat Hosptal", "category": "hospitals" }, "geometry": { "type": "Point", "coordinates": [ 72.8630713, 19.1806805 ] } },
{ "type": "Feature", "properties": { "element": "node", "id": 2913810856, "name": "Sai Snehdeep Hospital KK", "category": "hospitals" }, "geometry": { "type": "Point", "coordinates": [ 73.0017953, 19.1085023 ] } },
{ "type": "Feature", "properties": { "element": "node", "id": 2920710941, "name": "Mangal Murti Hospital and Polyclinic", "category": "hospitals" }, "geometry": { "type": "Point", "coordinates": [ 72.8278848, 19.2263008 ] } },
{ "type": "Feature", "properties": { "element": "node", "id": 2930722306, "name": "Dr.zamil", "category": "hospitals" }, "geometry": { "type": "Point", "coordinates": [ 72.9282129, 19.0615785 ] } },
{ "type": "Feature", "properties": { "element": "node", "id": 2947820875, "name": null, "category": "hospitals" }, "geometry": { "type": "Point", "coordinates": [ 72.8451297, 19.0616337 ] } },
{ "type": "Feature", "properties": { "element": "node", "id": 3204211842, "name": "jonsons diagnostics", "category": "hospitals" }, "geometry": { "type": "Point", "coordinates": [ 72.9193344, 19.0501477 ] } },
{ "type": "Feature", "properties": { "element": "node", "id": 3205777384, "name": "nidan hospital", "category": "hospitals" }, "geometry": { "type": "Point", "coordinates": [ 72.9121731, 19.0924663 ] } },
{ "type": "Feature", "properties": { "element": "node", "id": 3205813953, "name": "bba", "category": "hospitals" }, "geometry": { "type": "Point", "coordinates": [ 72.9113338, 19.0602605 ] } },
{ "type": "Feature", "properties": { "element": "node", "id": 3205935610, "name": "mahaveer hospital", "category": "hospitals" }, "geometry": { "type": "Point", "coordinates": [ 72.9275925, 19.0677525 ] } },
{ "type": "Feature", "properties": { "element": "node", "id": 3206033563, "name": "maa hospital", "category": "hospitals" }, "geometry": { "type": "Point", "coordinates": [ 72.8904048, 19.0585059 ] } },
{ "type": "Feature", "properties": { "element": "node", "id": 3213764477, "name": "sanjeevan hospital", "category": "hospitals" }, "geometry": { "type": "Point", "coordinates": [ 72.9247689, 19.0608709 ] } },
{ "type": "Feature", "properties": { "element": "node", "id": 3213767187, "name": "Metalife", "category": "hospitals" }, "geometry": { "type": "Point", "coordinates": [ 72.9134181, 19.0668912 ] } },
{ "type": "Feature", "properties": { "element": "node", "id": 3215517363, "name": "AMAN", "category": "hospitals" }, "geometry": { "type": "Point", "coordinates": [ 72.9185421, 19.0524549 ] } },
{ "type": "Feature", "properties": { "element": "node", "id": 3224657234, "name": "Saidhanhospital Iccu and Eye Care", "category": "hospitals" }, "geometry": { "type": "Point", "coordinates": [ 72.9612909, 19.1682476 ] } },
{ "type": "Feature", "properties": { "element": "node", "id": 3224692237, "name": "Chandraganga Hospital, Mulund", "category": "hospitals" }, "geometry": { "type": "Point", "coordinates": [ 72.9618357, 19.1760293 ] } },
{ "type": "Feature", "properties": { "element": "node", "id": 3289580677, "name": "Kurla Nursing Room", "category": "hospitals" }, "geometry": { "type": "Point", "coordinates": [ 72.8806792, 19.0708167 ] } },
{ "type": "Feature", "properties": { "element": "node", "id": 3396640328, "name": "The Origin International Fertility Centre", "category": "hospitals" }, "geometry": { "type": "Point", "coordinates": [ 72.9694447, 19.227965 ] } },
{ "type": "Feature", "properties": { "element": "node", "id": 3403264488, "name": "gr8 smile dental clinic", "category": "hospitals" }, "geometry": { "type": "Point", "coordinates": [ 72.8507443, 19.1068191 ] } },
{ "type": "Feature", "properties": { "element": "node", "id": 3529547303, "name": "new life hospital", "category": "hospitals" }, "geometry": { "type": "Point", "coordinates": [ 72.9049996, 19.0897614 ] } },
{ "type": "Feature", "properties": { "element": "node", "id": 3532038985, "name": "muktabai hospital", "category": "hospitals" }, "geometry": { "type": "Point", "coordinates": [ 72.9032913, 19.0946018 ] } },
{ "type": "Feature", "properties": { "element": "node", "id": 3532119818, "name": "v care hospital intensive& unit care", "category": "hospitals" }, "geometry": { "type": "Point", "coordinates": [ 72.8817876, 19.0634778 ] } },
{ "type": "Feature", "properties": { "element": "node", "id": 3532124714, "name": "arpan nursing home", "category": "hospitals" }, "geometry": { "type": "Point", "coordinates": [ 72.8781202, 19.0693933 ] } },
{ "type": "Feature", "properties": { "element": "node", "id": 3532124717, "name": "fauziya hospital", "category": "hospitals" }, "geometry": { "type": "Point", "coordinates": [ 72.8731765, 19.0627584 ] } },
{ "type": "Feature", "properties": { "element": "node", "id": 3532126359, "name": "arayan hospital", "category": "hospitals" }, "geometry": { "type": "Point", "coordinates": [ 72.8819271, 19.0636096 ] } },
{ "type": "Feature", "properties": { "element": "node", "id": 3587131699, "name": "Anket Nursing Home", "category": "hospitals" }, "geometry": { "type": "Point", "coordinates": [ 72.9299048, 19.1308944 ] } },
{ "type": "Feature", "properties": { "element": "node", "id": 3767106111, "name": "Bellevue Multispeciality Hospital", "category": "hospitals" }, "geometry": { "type": "Point", "coordinates": [ 72.8316764, 19.1289988 ] } },
{ "type": "Feature", "properties": { "element": "node", "id": 3951526714, "name": "Nanavati Hospital, Mumbai", "category": "hospitals" }, "geometry": { "type": "Point", "coordinates": [ 72.8400115, 19.0959684 ] } },
{ "type": "Feature", "properties": { "element": "node", "id": 3951538079, "name": "Surya Mother And Child Speciality Hospital", "category": "hospitals" }, "geometry": { "type": "Point", "coordinates": [ 72.8377345, 19.0857296 ] } },
{ "type": "Feature", "properties": { "element": "node", "id": 3951538080, "name": "Surya Childrens Hospital", "category": "hospitals" }, "geometry": { "type": "Point", "coordinates": [ 72.837945, 19.0855132 ] } },
{ "type": "Feature", "properties": { "element": "node", "id": 3958000626, "name": "Aryan Hospital", "category": "hospitals" }, "geometry": { "type": "Point", "coordinates": [ 72.9488101, 19.0391617 ] } },
{ "type": "Feature", "properties": { "element": "node", "id": 3979081599, "name": "Nutan Mammography and Sonography Centre", "category": "hospitals" }, "geometry": { "type": "Point", "coordinates": [ 72.8417197, 19.1140839 ] } },
{ "type": "Feature", "properties": { "element": "node", "id": 4113597101, "name": "Dr.Mukhi's Raj Hospital", "category": "hospitals" }, "geometry": { "type": "Point", "coordinates": [ 72.9490036, 19.1760945 ] } },
{ "type": "Feature", "properties": { "element": "node", "id": 4119416996, "name": "Ashwini Hospital and I. C. C. U. with Dialysis Centre", "category": "hospitals" }, "geometry": { "type": "Point", "coordinates": [ 72.9514943, 19.1753107 ] } },
{ "type": "Feature", "properties": { "element": "node", "id": 4158102989, "name": "Chiranjeevi Hospital", "category": "hospitals" }, "geometry": { "type": "Point", "coordinates": [ 72.9681922, 19.1979406 ] } },
{ "type": "Feature", "properties": { "element": "node", "id": 4209578999, "name": "Bhatia", "category": "hospitals" }, "geometry": { "type": "Point", "coordinates": [ 72.8135089, 18.9656765 ] } },
{ "type": "Feature", "properties": { "element": "node", "id": 4216317814, "name": "Currae Hospital", "category": "hospitals" }, "geometry": { "type": "Point", "coordinates": [ 72.971723, 19.25583 ] } },
{ "type": "Feature", "properties": { "element": "node", "id": 4216741290, "name": "Mukund Hospital", "category": "hospitals" }, "geometry": { "type": "Point", "coordinates": [ 72.8723931, 19.111503 ] } },
{ "type": "Feature", "properties": { "element": "node", "id": 4326473789, "name": "Tiwari Hospital", "category": "hospitals" }, "geometry": { "type": "Point", "coordinates": [ 72.888041, 19.09722 ] } },
{ "type": "Feature", "properties": { "element": "node", "id": 4352387478, "name": "Ramakrishna Mission Hospital, Mumbai", "category": "hospitals" }, "geometry": { "type": "Point", "coordinates": [ 72.8356392, 19.0750197 ] } },
{ "type": "Feature", "properties": { "element": "node", "id": 4375287768, "name": "Dhanwantri Hospital", "category": "hospitals" }, "geometry": { "type": "Point", "coordinates": [ 72.9621847, 19.2734457 ] } },
{ "type": "Feature", "properties": { "element": "node", "id": 4423695890, "name": "Smt S.R.Mehta and Sir K.P.Cardiac Institute", "category": "hospitals" }, "geometry": { "type": "Point", "coordinates": [ 72.8595512, 19.0323408 ] } },
{ "type": "Feature", "properties": { "element": "node", "id": 4498900764, "name": "Government General Hospital, Malwani Malad", "category": "hospitals" }, "geometry": { "type": "Point", "coordinates": [ 72.8221715, 19.2007076 ] } },
{ "type": "Feature", "properties": { "element": "node", "id": 4535334564, "name": "Aayush Hospital, Thane", "category": "hospitals" }, "geometry": { "type": "Point", "coordinates": [ 72.9657017, 19.1984892 ] } },
{ "type": "Feature", "properties": { "element": "node", "id": 4548656491, "name": "Balaji Hospital", "category": "hospitals" }, "geometry": { "type": "Point", "coordinates": [ 72.859127, 19.2953061 ] } },
{ "type": "Feature", "properties": { "element": "node", "id": 4572621489, "name": "Deepak Hospital", "category": "hospitals" }, "geometry": { "type": "Point", "coordinates": [ 72.8616136, 19.2928354 ] } },
{ "type": "Feature", "properties": { "element": "node", "id": 4585363491, "name": null, "category": "hospitals" }, "geometry": { "type": "Point", "coordinates": [ 72.9627237, 19.2001317 ] } },
{ "type": "Feature", "properties": { "element": "node", "id": 4585363492, "name": "Upasani Maternity and Surgical Nursing Home", "category": "hospitals" }, "geometry": { "type": "Point", "coordinates": [ 72.9547642, 19.1732429 ] } },
{ "type": "Feature", "properties": { "element": "node", "id": 4585381996, "name": "Highway Hospital", "category": "hospitals" }, "geometry": { "type": "Point", "coordinates": [ 72.9630092, 19.1894902 ] } },
{ "type": "Feature", "properties": { "element": "node", "id": 4605844012, "name": null, "category": "hospitals" }, "geometry": { "type": "Point", "coordinates": [ 72.9505093, 19.2070682 ] } },
{ "type": "Feature", "properties": { "element": "node", "id": 4605876116, "name": null, "category": "hospitals" }, "geometry": { "type": "Point", "coordinates": [ 72.9542754, 19.206275 ] } },
{ "type": "Feature", "properties": { "element": "node", "id": 4605880700, "name": null, "category": "hospitals" }, "geometry": { "type": "Point", "coordinates": [ 72.9539766, 19.2052684 ] } },
{ "type": "Feature", "properties": { "element": "node", "id": 4605881297, "name": null, "category": "hospitals" }, "geometry": { "type": "Point", "coordinates": [ 72.9545828, 19.2076472 ] } },
{ "type": "Feature", "properties": { "element": "node", "id": 4605904089, "name": null, "category": "hospitals" }, "geometry": { "type": "Point", "coordinates": [ 72.9527481, 19.2058429 ] } },
{ "type": "Feature", "properties": { "element": "node", "id": 4610458627, "name": "Army Medical Facility", "category": "hospitals" }, "geometry": { "type": "Point", "coordinates": [ 73.029474, 19.0260761 ] } },
{ "type": "Feature", "properties": { "element": "node", "id": 4658913990, "name": "Meher Ambe Nursing Home", "category": "hospitals" }, "geometry": { "type": "Point", "coordinates": [ 72.9569965, 19.1753796 ] } },
{ "type": "Feature", "properties": { "element": "node", "id": 4658954489, "name": null, "category": "hospitals" }, "geometry": { "type": "Point", "coordinates": [ 72.9509527, 19.172178 ] } },
{ "type": "Feature", "properties": { "element": "node", "id": 4672225593, "name": "Pikale Hospital", "category": "hospitals" }, "geometry": { "type": "Point", "coordinates": [ 72.844575, 19.0401523 ] } },
{ "type": "Feature", "properties": { "element": "node", "id": 4746710022, "name": null, "category": "hospitals" }, "geometry": { "type": "Point", "coordinates": [ 72.9538799, 19.1733919 ] } },
{ "type": "Feature", "properties": { "element": "node", "id": 4809630421, "name": null, "category": "hospitals" }, "geometry": { "type": "Point", "coordinates": [ 72.9496899, 19.1729063 ] } },
{ "type": "Feature", "properties": { "element": "node", "id": 4848773727, "name": "Mata Lachmi Hospital", "category": "hospitals" }, "geometry": { "type": "Point", "coordinates": [ 72.8609822, 19.0358379 ] } },
{ "type": "Feature", "properties": { "element": "node", "id": 4930562921, "name": null, "category": "hospitals" }, "geometry": { "type": "Point", "coordinates": [ 72.9601586, 19.1689031 ] } },
{ "type": "Feature", "properties": { "element": "node", "id": 4930562922, "name": null, "category": "hospitals" }, "geometry": { "type": "Point", "coordinates": [ 72.9674462, 19.185962 ] } },
{ "type": "Feature", "properties": { "element": "node", "id": 4956342424, "name": "Doctor's Clinic", "category": "hospitals" }, "geometry": { "type": "Point", "coordinates": [ 73.0157937, 19.006584 ] } },
{ "type": "Feature", "properties": { "element": "node", "id": 4992249823, "name": "Saarthi Health Care", "category": "hospitals" }, "geometry": { "type": "Point", "coordinates": [ 72.9514785, 19.1764944 ] } },
{ "type": "Feature", "properties": { "element": "node", "id": 4996322798, "name": "Kurla Municipal Hospital", "category": "hospitals" }, "geometry": { "type": "Point", "coordinates": [ 72.8831157, 19.0815079 ] } },
{ "type": "Feature", "properties": { "element": "node", "id": 4998848423, "name": "Bharatiya Arogya Nidhi Sheth Kantilal C. Parikh General Hospital", "category": "hospitals" }, "geometry": { "type": "Point", "coordinates": [ 72.8283425, 19.1117839 ] } },
{ "type": "Feature", "properties": { "element": "node", "id": 5090930970, "name": "Peoples Mobile Hospitals", "category": "hospitals" }, "geometry": { "type": "Point", "coordinates": [ 72.8179411, 19.0066529 ] } },
{ "type": "Feature", "properties": { "element": "node", "id": 5099872961, "name": "Gleneagles Hospital Super Speciality and Transplant Center", "category": "hospitals" }, "geometry": { "type": "Point", "coordinates": [ 72.8405011, 18.9994432 ] } },
{ "type": "Feature", "properties": { "element": "node", "id": 5115140442, "name": "Dr. Vora's Premature Critical Care and General Hospital", "category": "hospitals" }, "geometry": { "type": "Point", "coordinates": [ 72.8419209, 19.206618 ] } },
{ "type": "Feature", "properties": { "element": "node", "id": 5193467221, "name": null, "category": "hospitals" }, "geometry": { "type": "Point", "coordinates": [ 72.8371432, 18.9534957 ] } },
{ "type": "Feature", "properties": { "element": "node", "id": 5201099224, "name": null, "category": "hospitals" }, "geometry": { "type": "Point", "coordinates": [ 72.8366102, 19.1372375 ] } },
{ "type": "Feature", "properties": { "element": "node", "id": 5206554121, "name": null, "category": "hospitals" }, "geometry": { "type": "Point", "coordinates": [ 72.8054881, 18.9645402 ] } },
{ "type": "Feature", "properties": { "element": "node", "id": 5456874526, "name": null, "category": "hospitals" }, "geometry": { "type": "Point", "coordinates": [ 72.898646, 19.0938333 ] } },
{ "type": "Feature", "properties": { "element": "node", "id": 5496408819, "name": "Marol", "category": "hospitals" }, "geometry": { "type": "Point", "coordinates": [ 72.882342, 19.1172198 ] } },
{ "type": "Feature", "properties": { "element": "node", "id": 5506320776, "name": "Shivam Nursing Home", "category": "hospitals" }, "geometry": { "type": "Point", "coordinates": [ 72.8510225, 19.0646242 ] } },
{ "type": "Feature", "properties": { "element": "node", "id": 5859095486, "name": null, "category": "hospitals" }, "geometry": { "type": "Point", "coordinates": [ 72.9369083, 19.1627973 ] } },
{ "type": "Feature", "properties": { "element": "node", "id": 6322310753, "name": "Ashirvaad Heart Hospital", "category": "hospitals" }, "geometry": { "type": "Point", "coordinates": [ 72.9054696, 19.0763785 ] } },
{ "type": "Feature", "properties": { "element": "node", "id": 6358405085, "name": "Dr. Sabnis Maternity and Nursing Home", "category": "hospitals" }, "geometry": { "type": "Point", "coordinates": [ 72.9621216, 19.1737405 ] } },
{ "type": "Feature", "properties": { "element": "node", "id": 6411677375, "name": "Vagholikar Hospital", "category": "hospitals" }, "geometry": { "type": "Point", "coordinates": [ 72.9718231, 19.1894009 ] } },
{ "type": "Feature", "properties": { "element": "node", "id": 6564629280, "name": "Dr. Disha's Homoeopathy", "category": "hospitals" }, "geometry": { "type": "Point", "coordinates": [ 72.8489685, 19.2040615 ] } },
{ "type": "Feature", "properties": { "element": "node", "id": 6795512985, "name": null, "category": "hospitals" }, "geometry": { "type": "Point", "coordinates": [ 72.9073885, 19.1150444 ] } },
{ "type": "Feature", "properties": { "element": "node", "id": 6795570585, "name": null, "category": "hospitals" }, "geometry": { "type": "Point", "coordinates": [ 72.9075074, 19.1154259 ] } },
{ "type": "Feature", "properties": { "element": "node", "id": 6801919192, "name": "Nihal Nursing Home & Opthalmologist", "category": "hospitals" }, "geometry": { "type": "Point", "coordinates": [ 72.9190861, 19.1253722 ] } },
{ "type": "Feature", "properties": { "element": "node", "id": 6881057808, "name": "Dr. R. N. Cooper General Hospital Blood Bank", "category": "hospitals" }, "geometry": { "type": "Point", "coordinates": [ 72.8359866, 19.1078504 ] } },
{ "type": "Feature", "properties": { "element": "node", "id": 6991331185, "name": null, "category": "hospitals" }, "geometry": { "type": "Point", "coordinates": [ 72.8407113, 19.0239187 ] } },
{ "type": "Feature", "properties": { "element": "node", "id": 7040968857, "name": "Daxini Heart Centre", "category": "hospitals" }, "geometry": { "type": "Point", "coordinates": [ 72.9527646, 19.1757098 ] } },
{ "type": "Feature", "properties": { "element": "node", "id": 7040981014, "name": "Ashirwad Critical Care Unit", "category": "hospitals" }, "geometry": { "type": "Point", "coordinates": [ 72.9527345, 19.1744516 ] } },
{ "type": "Feature", "properties": { "element": "node", "id": 7041018413, "name": "Prasad Surgical and Children Nursing Home", "category": "hospitals" }, "geometry": { "type": "Point", "coordinates": [ 72.9521906, 19.1762443 ] } },
{ "type": "Feature", "properties": { "element": "node", "id": 7041055354, "name": "Dr Bhanushali Hospital", "category": "hospitals" }, "geometry": { "type": "Point", "coordinates": [ 72.9761146, 19.1882382 ] } },
{ "type": "Feature", "properties": { "element": "node", "id": 7042870633, "name": "Sumangal Hospital", "category": "hospitals" }, "geometry": { "type": "Point", "coordinates": [ 72.827885, 19.2020207 ] } },
{ "type": "Feature", "properties": { "element": "node", "id": 7042871859, "name": "Niramaya General Hospital", "category": "hospitals" }, "geometry": { "type": "Point", "coordinates": [ 72.9044715, 19.0500033 ] } },
{ "type": "Feature", "properties": { "element": "node", "id": 7042873521, "name": "Gokul Nursing Home and ICCU", "category": "hospitals" }, "geometry": { "type": "Point", "coordinates": [ 72.9553535, 19.1734002 ] } },
{ "type": "Feature", "properties": { "element": "node", "id": 7042873531, "name": "Kapadia Multi Speciality Hospital", "category": "hospitals" }, "geometry": { "type": "Point", "coordinates": [ 72.8434806, 19.1631084 ] } },
{ "type": "Feature", "properties": { "element": "node", "id": 7042873546, "name": "Pooja Hospital, Mumbai", "category": "hospitals" }, "geometry": { "type": "Point", "coordinates": [ 72.845498, 19.155501 ] } },
{ "type": "Feature", "properties": { "element": "node", "id": 7042942734, "name": "Dr.Sanjay Sonar Laparoscopy and Scopy Center", "category": "hospitals" }, "geometry": { "type": "Point", "coordinates": [ 72.8973126, 19.059025 ] } },
{ "type": "Feature", "properties": { "element": "node", "id": 7042945057, "name": "Dr. Bet Hospital and Polyclinic", "category": "hospitals" }, "geometry": { "type": "Point", "coordinates": [ 72.8397135, 19.1932665 ] } },
{ "type": "Feature", "properties": { "element": "node", "id": 7042955283, "name": "Shree Chembur Jain Medical Relief Centre", "category": "hospitals" }, "geometry": { "type": "Point", "coordinates": [ 72.8957395, 19.0563744 ] } },
{ "type": "Feature", "properties": { "element": "node", "id": 7042963296, "name": "Yash Eye Care and Polyclinic", "category": "hospitals" }, "geometry": { "type": "Point", "coordinates": [ 72.8985543, 19.0608391 ] } },
{ "type": "Feature", "properties": { "element": "node", "id": 7042981400, "name": "Sai Seva Hospital and Icu, Mumbai", "category": "hospitals" }, "geometry": { "type": "Point", "coordinates": [ 72.9974642, 19.1554376 ] } },
{ "type": "Feature", "properties": { "element": "node", "id": 7042981412, "name": "Ria Nursing Home", "category": "hospitals" }, "geometry": { "type": "Point", "coordinates": [ 72.9565283, 19.1790754 ] } },
{ "type": "Feature", "properties": { "element": "node", "id": 7042987278, "name": "Kk Maternity and General Hospital", "category": "hospitals" }, "geometry": { "type": "Point", "coordinates": [ 72.8611122, 19.2467458 ] } },
{ "type": "Feature", "properties": { "element": "node", "id": 7042991461, "name": "Amber Eye Care and Microsurgery Centre", "category": "hospitals" }, "geometry": { "type": "Point", "coordinates": [ 72.9692407, 19.1872664 ] } },
{ "type": "Feature", "properties": { "element": "node", "id": 7042991469, "name": "Dr.Pathak's Hospital", "category": "hospitals" }, "geometry": { "type": "Point", "coordinates": [ 72.9663971, 19.187441 ] } },
{ "type": "Feature", "properties": { "element": "node", "id": 7042997510, "name": "Manorama Hospital", "category": "hospitals" }, "geometry": { "type": "Point", "coordinates": [ 72.8463601, 19.1905421 ] } },
{ "type": "Feature", "properties": { "element": "node", "id": 7042999151, "name": "Vatsal Nicu and Childrens Hospital", "category": "hospitals" }, "geometry": { "type": "Point", "coordinates": [ 72.9092512, 19.0824458 ] } },
{ "type": "Feature", "properties": { "element": "node", "id": 7043001747, "name": "Aditya Health Care Hospital", "category": "hospitals" }, "geometry": { "type": "Point", "coordinates": [ 72.9087979, 19.0579944 ] } },
{ "type": "Feature", "properties": { "element": "node", "id": 7043003793, "name": "Le Nest Hospital", "category": "hospitals" }, "geometry": { "type": "Point", "coordinates": [ 72.8463833, 19.1759439 ] } },
{ "type": "Feature", "properties": { "element": "node", "id": 7043029973, "name": "Nayak Medicare - Chembur", "category": "hospitals" }, "geometry": { "type": "Point", "coordinates": [ 72.9025014, 19.0456831 ] } },
{ "type": "Feature", "properties": { "element": "node", "id": 7043035499, "name": "Dr. Das Hospital - Chembur (Mumbai)", "category": "hospitals" }, "geometry": { "type": "Point", "coordinates": [ 72.8997535, 19.0596994 ] } },
{ "type": "Feature", "properties": { "element": "node", "id": 7043038873, "name": "Dr Parikhs Maternity, Gynaec, and General Hospital", "category": "hospitals" }, "geometry": { "type": "Point", "coordinates": [ 72.8574027, 19.2228876 ] } },
{ "type": "Feature", "properties": { "element": "node", "id": 7043038874, "name": "Dhanshri Hospital", "category": "hospitals" }, "geometry": { "type": "Point", "coordinates": [ 72.8550357, 19.2221415 ] } },
{ "type": "Feature", "properties": { "element": "node", "id": 7043038875, "name": "Vasudhan Cosmetic Plastic Surgery Centre", "category": "hospitals" }, "geometry": { "type": "Point", "coordinates": [ 72.8523723, 19.2187028 ] } },
{ "type": "Feature", "properties": { "element": "node", "id": 7043055857, "name": "Laxmi Maternity and Nursing Home, Mumbai", "category": "hospitals" }, "geometry": { "type": "Point", "coordinates": [ 72.8988851, 19.0570862 ] } },
{ "type": "Feature", "properties": { "element": "node", "id": 7043060180, "name": "Hegde Hospital", "category": "hospitals" }, "geometry": { "type": "Point", "coordinates": [ 72.8997141, 19.0606625 ] } },
{ "type": "Feature", "properties": { "element": "node", "id": 7043060181, "name": "Sai Siddhi Hospital, Mumbai", "category": "hospitals" }, "geometry": { "type": "Point", "coordinates": [ 72.9321205, 19.1699191 ] } },
{ "type": "Feature", "properties": { "element": "node", "id": 7043071382, "name": "Devkunj Charitablr Trust Matushri Mankbai Nagji Sa", "category": "hospitals" }, "geometry": { "type": "Point", "coordinates": [ 72.9498291, 19.170637 ] } },
{ "type": "Feature", "properties": { "element": "node", "id": 7043077889, "name": "Dr Nandita Rane's Eye Clinic", "category": "hospitals" }, "geometry": { "type": "Point", "coordinates": [ 72.9038545, 19.0694366 ] } },
{ "type": "Feature", "properties": { "element": "node", "id": 7043090395, "name": "Genesis Speciality Center (Health-Check Up", "category": "hospitals" }, "geometry": { "type": "Point", "coordinates": [ 72.8639666, 19.0190313 ] } },
{ "type": "Feature", "properties": { "element": "node", "id": 7043106193, "name": "Patankar's Hand and Limb Reconstruction Clinic", "category": "hospitals" }, "geometry": { "type": "Point", "coordinates": [ 72.8985974, 19.0610033 ] } },
{ "type": "Feature", "properties": { "element": "node", "id": 7043116599, "name": "Nav Drishti Netralaya", "category": "hospitals" }, "geometry": { "type": "Point", "coordinates": [ 72.9570701, 19.1739604 ] } },
{ "type": "Feature", "properties": { "element": "node", "id": 7043123119, "name": "Surya Eye Institute and Research Centre", "category": "hospitals" }, "geometry": { "type": "Point", "coordinates": [ 72.9450512, 19.1686019 ] } },
{ "type": "Feature", "properties": { "element": "node", "id": 7043125151, "name": "Icon Hospital and Research Centre", "category": "hospitals" }, "geometry": { "type": "Point", "coordinates": [ 72.8980838, 19.0618187 ] } },
{ "type": "Feature", "properties": { "element": "node", "id": 7043143042, "name": "Dr. Khona's E. N. T. Hospital & Regional Center", "category": "hospitals" }, "geometry": { "type": "Point", "coordinates": [ 72.9539676, 19.175445 ] } },
{ "type": "Feature", "properties": { "element": "node", "id": 7043174029, "name": "Sangita Maternity Surgical and Diagnostic Centre", "category": "hospitals" }, "geometry": { "type": "Point", "coordinates": [ 72.844288, 19.1181601 ] } },
{ "type": "Feature", "properties": { "element": "node", "id": 7043174030, "name": "Ojas Eye Hospital", "category": "hospitals" }, "geometry": { "type": "Point", "coordinates": [ 72.834439, 19.0632283 ] } },
{ "type": "Feature", "properties": { "element": "node", "id": 7043177298, "name": "Dr. Shettys E.N.T. Hospital", "category": "hospitals" }, "geometry": { "type": "Point", "coordinates": [ 72.9528357, 19.1758149 ] } },
{ "type": "Feature", "properties": { "element": "node", "id": 7043182324, "name": "R. K. Hospital, Mumbai", "category": "hospitals" }, "geometry": { "type": "Point", "coordinates": [ 72.8421846, 19.0803279 ] } },
{ "type": "Feature", "properties": { "element": "node", "id": 7043182325, "name": "Dr. R.N. Patil's Suraj Neurologiacal and Multispeciality Hospital", "category": "hospitals" }, "geometry": { "type": "Point", "coordinates": [ 73.0060434, 19.0624707 ] } },
{ "type": "Feature", "properties": { "element": "node", "id": 7043188926, "name": "Inlaks General Hospital", "category": "hospitals" }, "geometry": { "type": "Point", "coordinates": [ 72.8934167, 19.0467619 ] } },
{ "type": "Feature", "properties": { "element": "node", "id": 7043230046, "name": "Prime Orthopedic Speciality Hospital, Mumbai", "category": "hospitals" }, "geometry": { "type": "Point", "coordinates": [ 72.8468965, 19.1284312 ] } },
{ "type": "Feature", "properties": { "element": "node", "id": 7043230054, "name": "Sunflowar Laboratory and Diagnostic Centre", "category": "hospitals" }, "geometry": { "type": "Point", "coordinates": [ 72.8418451, 19.1930526 ] } },
{ "type": "Feature", "properties": { "element": "node", "id": 7043230063, "name": "THC-Thane Health Care", "category": "hospitals" }, "geometry": { "type": "Point", "coordinates": [ 72.9696322, 19.1867653 ] } },
{ "type": "Feature", "properties": { "element": "node", "id": 7043233247, "name": "Swastik Hospital and Research Centre, Mumbai", "category": "hospitals" }, "geometry": { "type": "Point", "coordinates": [ 72.8898903, 19.0552184 ] } },
{ "type": "Feature", "properties": { "element": "node", "id": 7043236781, "name": "Sitla Hospital", "category": "hospitals" }, "geometry": { "type": "Point", "coordinates": [ 72.8911664, 19.0526628 ] } },
{ "type": "Feature", "properties": { "element": "node", "id": 7043348148, "name": "Nandan Maternity and Surgical Home", "category": "hospitals" }, "geometry": { "type": "Point", "coordinates": [ 72.8427047, 19.0797908 ] } },
{ "type": "Feature", "properties": { "element": "node", "id": 7043376493, "name": "Mumbai Retina Centre", "category": "hospitals" }, "geometry": { "type": "Point", "coordinates": [ 72.8380749, 19.0784905 ] } },
{ "type": "Feature", "properties": { "element": "node", "id": 7043388690, "name": "Malpani Eye Hospital and Laser Centre", "category": "hospitals" }, "geometry": { "type": "Point", "coordinates": [ 72.8376687, 19.0879436 ] } },
{ "type": "Feature", "properties": { "element": "node", "id": 7043397402, "name": "Shreeji Hospital (Kandivli)", "category": "hospitals" }, "geometry": { "type": "Point", "coordinates": [ 72.8736733, 19.1968922 ] } },
{ "type": "Feature", "properties": { "element": "node", "id": 7043397403, "name": "S B Nursing Home and Icu", "category": "hospitals" }, "geometry": { "type": "Point", "coordinates": [ 72.8906147, 19.1242045 ] } },
{ "type": "Feature", "properties": { "element": "node", "id": 7043397404, "name": "Sri Sai Eye Care Centre", "category": "hospitals" }, "geometry": { "type": "Point", "coordinates": [ 72.9181845, 19.1254925 ] } },
{ "type": "Feature", "properties": { "element": "node", "id": 7043397894, "name": "Kenias Eye Hospital", "category": "hospitals" }, "geometry": { "type": "Point", "coordinates": [ 72.8385763, 19.089509 ] } },
{ "type": "Feature", "properties": { "element": "node", "id": 7043397906, "name": "Centre For Sight, Juhu", "category": "hospitals" }, "geometry": { "type": "Point", "coordinates": [ 72.8379245, 19.1129534 ] } },
{ "type": "Feature", "properties": { "element": "node", "id": 7043397913, "name": "Ankur Hospital", "category": "hospitals" }, "geometry": { "type": "Point", "coordinates": [ 72.8470266, 19.2030731 ] } },
{ "type": "Feature", "properties": { "element": "node", "id": 7043399087, "name": "Trupti Hospital - Thane", "category": "hospitals" }, "geometry": { "type": "Point", "coordinates": [ 72.9590323, 19.216111 ] } },
{ "type": "Feature", "properties": { "element": "node", "id": 7043399089, "name": "Dr. Kunnure Hospital and Iccu", "category": "hospitals" }, "geometry": { "type": "Point", "coordinates": [ 72.9988839, 19.081001 ] } },
{ "type": "Feature", "properties": { "element": "node", "id": 7043399091, "name": "Aditi Children Hospital and Nursing", "category": "hospitals" }, "geometry": { "type": "Point", "coordinates": [ 72.9906975, 19.1930041 ] } },
{ "type": "Feature", "properties": { "element": "node", "id": 7043399092, "name": "Total Woman Medical Centre - Dahisar", "category": "hospitals" }, "geometry": { "type": "Point", "coordinates": [ 72.8675938, 19.2425422 ] } },
{ "type": "Feature", "properties": { "element": "node", "id": 7043448094, "name": "Mangeshikar Access Gynecology and Infertility Center", "category": "hospitals" }, "geometry": { "type": "Point", "coordinates": [ 72.8102066, 18.9603152 ] } },
{ "type": "Feature", "properties": { "element": "node", "id": 7043454787, "name": "Dr.A.Tungekar's Hospital", "category": "hospitals" }, "geometry": { "type": "Point", "coordinates": [ 72.9392899, 18.8801317 ] } },
{ "type": "Feature", "properties": { "element": "node", "id": 7043548005, "name": "Shroff Eye Hospital", "category": "hospitals" }, "geometry": { "type": "Point", "coordinates": [ 72.8369346, 19.0604562 ] } },
{ "type": "Feature", "properties": { "element": "node", "id": 7043574603, "name": "Vinod Sharma Memorial Medical Centre", "category": "hospitals" }, "geometry": { "type": "Point", "coordinates": [ 72.8276074, 18.9230941 ] } },
{ "type": "Feature", "properties": { "element": "node", "id": 7043607124, "name": "Risk Care Hospital and Iccu", "category": "hospitals" }, "geometry": { "type": "Point", "coordinates": [ 72.9721436, 19.1996346 ] } },
{ "type": "Feature", "properties": { "element": "node", "id": 7043615376, "name": "Vaidya Maternity Home", "category": "hospitals" }, "geometry": { "type": "Point", "coordinates": [ 72.9678346, 19.1871764 ] } },
{ "type": "Feature", "properties": { "element": "node", "id": 7043670893, "name": "Dr Bansal's Arogya Hospital", "category": "hospitals" }, "geometry": { "type": "Point", "coordinates": [ 72.9770842, 19.2111354 ] } },
{ "type": "Feature", "properties": { "element": "node", "id": 7043693171, "name": "Noble Hospital, Ghatkopar", "category": "hospitals" }, "geometry": { "type": "Point", "coordinates": [ 72.9069324, 19.0878158 ] } },
{ "type": "Feature", "properties": { "element": "node", "id": 7043757576, "name": "Parulekar Hospital", "category": "hospitals" }, "geometry": { "type": "Point", "coordinates": [ 72.9974623, 19.1467481 ] } },
{ "type": "Feature", "properties": { "element": "node", "id": 7043758338, "name": "Disha Hospital", "category": "hospitals" }, "geometry": { "type": "Point", "coordinates": [ 72.9979656, 19.1511429 ] } },
{ "type": "Feature", "properties": { "element": "node", "id": 7043769618, "name": "Excel Ent Hospital", "category": "hospitals" }, "geometry": { "type": "Point", "coordinates": [ 72.9092287, 19.0824573 ] } },
{ "type": "Feature", "properties": { "element": "node", "id": 7043778826, "name": "Parle Eye Hospital", "category": "hospitals" }, "geometry": { "type": "Point", "coordinates": [ 72.8484596, 19.1013222 ] } },
{ "type": "Feature", "properties": { "element": "node", "id": 7043842002, "name": "Dr.Bhatia's Ruby Hospital", "category": "hospitals" }, "geometry": { "type": "Point", "coordinates": [ 72.9293557, 19.1457239 ] } },
{ "type": "Feature", "properties": { "element": "node", "id": 7043843797, "name": "Megha Surgical Hospital", "category": "hospitals" }, "geometry": { "type": "Point", "coordinates": [ 72.8544543, 19.1857961 ] } },
{ "type": "Feature", "properties": { "element": "node", "id": 7044011261, "name": "Metropol Hospital and Icu", "category": "hospitals" }, "geometry": { "type": "Point", "coordinates": [ 72.9755159, 19.2358192 ] } },
{ "type": "Feature", "properties": { "element": "node", "id": 7044023272, "name": "Shri Bala Hanuman Maternity & Surgical Hospital", "category": "hospitals" }, "geometry": { "type": "Point", "coordinates": [ 72.8523903, 19.2187787 ] } },
{ "type": "Feature", "properties": { "element": "node", "id": 7044057691, "name": "Shah Surgical Hospital and Maternity Home P. Ltd.", "category": "hospitals" }, "geometry": { "type": "Point", "coordinates": [ 72.8494285, 19.2039141 ] } },
{ "type": "Feature", "properties": { "element": "node", "id": 7044064894, "name": "Dr.Vaze Hospital", "category": "hospitals" }, "geometry": { "type": "Point", "coordinates": [ 72.8368979, 19.0240308 ] } },
{ "type": "Feature", "properties": { "element": "node", "id": 7044071693, "name": "Asha Surgical and Maternity Home", "category": "hospitals" }, "geometry": { "type": "Point", "coordinates": [ 72.8283792, 19.0135345 ] } },
{ "type": "Feature", "properties": { "element": "node", "id": 7044217369, "name": "Janam Hospital", "category": "hospitals" }, "geometry": { "type": "Point", "coordinates": [ 72.9762286, 19.1964227 ] } },
{ "type": "Feature", "properties": { "element": "node", "id": 7044322978, "name": "Apex Hospital, Mumbai", "category": "hospitals" }, "geometry": { "type": "Point", "coordinates": [ 72.8500816, 19.2318895 ] } },
{ "type": "Feature", "properties": { "element": "node", "id": 7044344099, "name": "Mukund Maternity and Surgical Nursing Home", "category": "hospitals" }, "geometry": { "type": "Point", "coordinates": [ 72.8721267, 19.1111299 ] } },
{ "type": "Feature", "properties": { "element": "node", "id": 7044368551, "name": "Aparna Hospital, Mulund (W)", "category": "hospitals" }, "geometry": { "type": "Point", "coordinates": [ 72.9536431, 19.169912 ] } },
{ "type": "Feature", "properties": { "element": "node", "id": 7044368883, "name": "Shree Ramkrishna Netralaya", "category": "hospitals" }, "geometry": { "type": "Point", "coordinates": [ 72.9722703, 19.1998018 ] } },
{ "type": "Feature", "properties": { "element": "node", "id": 7044376947, "name": "Vikas Nursing Home, Mumbai", "category": "hospitals" }, "geometry": { "type": "Point", "coordinates": [ 72.9207404, 19.0628176 ] } },
{ "type": "Feature", "properties": { "element": "node", "id": 7044435707, "name": "Ameya Maternity and Surgical Nursing Home, Borivali", "category": "hospitals" }, "geometry": { "type": "Point", "coordinates": [ 72.8470749, 19.2322314 ] } },
{ "type": "Feature", "properties": { "element": "node", "id": 7044466685, "name": "Dr. Yash Shah Total Eye Care", "category": "hospitals" }, "geometry": { "type": "Point", "coordinates": [ 72.821319, 18.9576821 ] } },
{ "type": "Feature", "properties": { "element": "node", "id": 7044553386, "name": "Krishna Cardiac Care Centre, Mumbai", "category": "hospitals" }, "geometry": { "type": "Point", "coordinates": [ 72.8486822, 19.0196598 ] } },
{ "type": "Feature", "properties": { "element": "node", "id": 7044610739, "name": "Shree Sai Hospital, Mumbai", "category": "hospitals" }, "geometry": { "type": "Point", "coordinates": [ 72.8670365, 19.213646 ] } },
{ "type": "Feature", "properties": { "element": "node", "id": 7044669600, "name": "Tara Neo Surg Hospital", "category": "hospitals" }, "geometry": { "type": "Point", "coordinates": [ 72.9030552, 19.0757589 ] } },
{ "type": "Feature", "properties": { "element": "node", "id": 7044692216, "name": "The Eye Super Specialities", "category": "hospitals" }, "geometry": { "type": "Point", "coordinates": [ 72.902154, 19.0793026 ] } },
{ "type": "Feature", "properties": { "element": "node", "id": 7044723744, "name": "Dr Wavikar Eye Hospital", "category": "hospitals" }, "geometry": { "type": "Point", "coordinates": [ 72.9723501, 19.188266 ] } },
{ "type": "Feature", "properties": { "element": "node", "id": 7044745237, "name": "Dr Walvatkars Eye Care Center", "category": "hospitals" }, "geometry": { "type": "Point", "coordinates": [ 72.9784012, 19.2192568 ] } },
{ "type": "Feature", "properties": { "element": "node", "id": 7044745238, "name": "Advanced Orthopaedic and Super Speciality Center", "category": "hospitals" }, "geometry": { "type": "Point", "coordinates": [ 72.9039431, 19.0791531 ] } },
{ "type": "Feature", "properties": { "element": "node", "id": 7044797317, "name": "Surbhi Life Care Hospital", "category": "hospitals" }, "geometry": { "type": "Point", "coordinates": [ 72.8636751, 19.2133896 ] } },
{ "type": "Feature", "properties": { "element": "node", "id": 7044828033, "name": "Galaxy Hospital", "category": "hospitals" }, "geometry": { "type": "Point", "coordinates": [ 72.8753494, 19.2965257 ] } },
{ "type": "Feature", "properties": { "element": "node", "id": 7044829632, "name": "Sushila Hospital-Icu and Maternity", "category": "hospitals" }, "geometry": { "type": "Point", "coordinates": [ 72.8819436, 19.0829325 ] } },
{ "type": "Feature", "properties": { "element": "node", "id": 7044851836, "name": "Dr Subodh Mehtas Advance Orthopedic and Joint Replacement Center", "category": "hospitals" }, "geometry": { "type": "Point", "coordinates": [ 72.9663366, 19.1962657 ] } },
{ "type": "Feature", "properties": { "element": "node", "id": 7044863001, "name": "Dr Manes Gawali Hospital", "category": "hospitals" }, "geometry": { "type": "Point", "coordinates": [ 73.0015627, 19.1428364 ] } },
{ "type": "Feature", "properties": { "element": "node", "id": 7044982117, "name": "Adarsh Hospital, Mumbai", "category": "hospitals" }, "geometry": { "type": "Point", "coordinates": [ 72.8394373, 19.1937801 ] } },
{ "type": "Feature", "properties": { "element": "node", "id": 7045020590, "name": "V Care Hospital and Icu", "category": "hospitals" }, "geometry": { "type": "Point", "coordinates": [ 72.8815868, 19.062706 ] } },
{ "type": "Feature", "properties": { "element": "node", "id": 7045048100, "name": "Unnati Critical Care Unit and I.C.C.U", "category": "hospitals" }, "geometry": { "type": "Point", "coordinates": [ 72.9708615, 19.1959389 ] } },
{ "type": "Feature", "properties": { "element": "node", "id": 7045155680, "name": "Universal Eye Clinic and Surgical Centre", "category": "hospitals" }, "geometry": { "type": "Point", "coordinates": [ 72.8936943, 19.0431439 ] } },
{ "type": "Feature", "properties": { "element": "node", "id": 7045282445, "name": "Mahima Hospital and Polyclinic", "category": "hospitals" }, "geometry": { "type": "Point", "coordinates": [ 72.8184403, 19.1305947 ] } },
{ "type": "Feature", "properties": { "element": "node", "id": 7045283817, "name": "Niramay Mother-Care Centre (Maternity and Surgical)", "category": "hospitals" }, "geometry": { "type": "Point", "coordinates": [ 72.8401212, 19.2213057 ] } },
{ "type": "Feature", "properties": { "element": "node", "id": 7045291440, "name": "Siddivinayak Healthcare Pvt Ltd", "category": "hospitals" }, "geometry": { "type": "Point", "coordinates": [ 72.8325856, 19.0139586 ] } },
{ "type": "Feature", "properties": { "element": "node", "id": 7045315311, "name": "Indu Child Care Center", "category": "hospitals" }, "geometry": { "type": "Point", "coordinates": [ 72.8243659, 19.1344091 ] } },
{ "type": "Feature", "properties": { "element": "node", "id": 7045315524, "name": "Bodas Surgical and Maternity Home", "category": "hospitals" }, "geometry": { "type": "Point", "coordinates": [ 72.9710492, 19.1930892 ] } },
{ "type": "Feature", "properties": { "element": "node", "id": 7045320931, "name": "Suchak Hospital", "category": "hospitals" }, "geometry": { "type": "Point", "coordinates": [ 72.8501675, 19.1888056 ] } },
{ "type": "Feature", "properties": { "element": "node", "id": 7045324038, "name": "Aryan Hospital and Iccu - Kurla-Mumbai", "category": "hospitals" }, "geometry": { "type": "Point", "coordinates": [ 72.8823915, 19.0630077 ] } },
{ "type": "Feature", "properties": { "element": "node", "id": 7045490278, "name": "Dr Bothra's Hospital", "category": "hospitals" }, "geometry": { "type": "Point", "coordinates": [ 72.9308885, 19.1532611 ] } },
{ "type": "Feature", "properties": { "element": "node", "id": 7045681875, "name": "Sahil Hospital, Thane", "category": "hospitals" }, "geometry": { "type": "Point", "coordinates": [ 72.9719143, 19.2029832 ] } },
{ "type": "Feature", "properties": { "element": "node", "id": 7045701178, "name": "Paramount Ganpati Health Care - Kandivali", "category": "hospitals" }, "geometry": { "type": "Point", "coordinates": [ 72.8687109, 19.2149511 ] } },
{ "type": "Feature", "properties": { "element": "node", "id": 7045750046, "name": "Anandpara Surgical and General Hospital", "category": "hospitals" }, "geometry": { "type": "Point", "coordinates": [ 72.8514314, 19.1844402 ] } },
{ "type": "Feature", "properties": { "element": "node", "id": 7045750052, "name": "Sanket Hospital", "category": "hospitals" }, "geometry": { "type": "Point", "coordinates": [ 72.8510848, 19.228839 ] } },
{ "type": "Feature", "properties": { "element": "node", "id": 7045821102, "name": "Maher Maternity and Nursing Home, Mumbai", "category": "hospitals" }, "geometry": { "type": "Point", "coordinates": [ 72.9588425, 19.1703693 ] } },
{ "type": "Feature", "properties": { "element": "node", "id": 7045980559, "name": "Avadhoot Hospital and Iccu", "category": "hospitals" }, "geometry": { "type": "Point", "coordinates": [ 72.9925981, 19.1597689 ] } },
{ "type": "Feature", "properties": { "element": "node", "id": 7046326222, "name": "Navjivan Maternity and Surgical Nursing Home", "category": "hospitals" }, "geometry": { "type": "Point", "coordinates": [ 72.8493802, 19.0972827 ] } },
{ "type": "Feature", "properties": { "element": "node", "id": 7046488275, "name": "Kolekar Hospital & ICCU", "category": "hospitals" }, "geometry": { "type": "Point", "coordinates": [ 72.9011294, 19.0598819 ] } },
{ "type": "Feature", "properties": { "element": "node", "id": 7046600689, "name": "Dr.Priya's Sai Niwas Maternity and Infertility Nursing Home", "category": "hospitals" }, "geometry": { "type": "Point", "coordinates": [ 72.9522537, 19.1877619 ] } },
{ "type": "Feature", "properties": { "element": "node", "id": 7046777602, "name": "Surana Sethia Hospital And Research Centre", "category": "hospitals" }, "geometry": { "type": "Point", "coordinates": [ 72.8870063, 19.0535553 ] } },
{ "type": "Feature", "properties": { "element": "node", "id": 7046929174, "name": "Dr Uppal's ENT Hospital & Sonic Hearing & Speech Centre", "category": "hospitals" }, "geometry": { "type": "Point", "coordinates": [ 72.9670675, 19.1982794 ] } },
{ "type": "Feature", "properties": { "element": "node", "id": 7047301433, "name": "Uma Hospital", "category": "hospitals" }, "geometry": { "type": "Point", "coordinates": [ 72.9998548, 19.0823723 ] } },
{ "type": "Feature", "properties": { "element": "node", "id": 7047367430, "name": "Dr. Sonawane's Hospital", "category": "hospitals" }, "geometry": { "type": "Point", "coordinates": [ 73.0241248, 19.0217017 ] } },
{ "type": "Feature", "properties": { "element": "node", "id": 7047423152, "name": "Tushar Maternity and Surgical Nursing Home", "category": "hospitals" }, "geometry": { "type": "Point", "coordinates": [ 72.8613845, 19.1743945 ] } },
{ "type": "Feature", "properties": { "element": "node", "id": 7047430578, "name": "Durga Maternity and Surgical Nursing Home", "category": "hospitals" }, "geometry": { "type": "Point", "coordinates": [ 72.8608239, 19.0758488 ] } },
{ "type": "Feature", "properties": { "element": "node", "id": 7047542514, "name": "Vatsalya Maternity and Surgical Nursing Home", "category": "hospitals" }, "geometry": { "type": "Point", "coordinates": [ 72.9053056, 19.0858653 ] } },
{ "type": "Feature", "properties": { "element": "node", "id": 7047553990, "name": "Shreeji Hospital, Ghatkopar", "category": "hospitals" }, "geometry": { "type": "Point", "coordinates": [ 72.9048134, 19.0844927 ] } },
{ "type": "Feature", "properties": { "element": "node", "id": 7047557038, "name": "Banaji Eyesurgery and Laser Center", "category": "hospitals" }, "geometry": { "type": "Point", "coordinates": [ 72.8332373, 18.9358357 ] } },
{ "type": "Feature", "properties": { "element": "node", "id": 7047581070, "name": "Indra Maternity and Surgical Nursing Home", "category": "hospitals" }, "geometry": { "type": "Point", "coordinates": [ 72.8648499, 19.2777521 ] } },
{ "type": "Feature", "properties": { "element": "node", "id": 7047598027, "name": "Nirmala Maternity and Surgical Hospital with Polyclinic", "category": "hospitals" }, "geometry": { "type": "Point", "coordinates": [ 72.8306866, 18.9868937 ] } },
{ "type": "Feature", "properties": { "element": "node", "id": 7047690741, "name": "Abhijit Hospital", "category": "hospitals" }, "geometry": { "type": "Point", "coordinates": [ 72.8433922, 19.1880874 ] } },
{ "type": "Feature", "properties": { "element": "node", "id": 7047711117, "name": "Siddhivinayak Surgical Centre", "category": "hospitals" }, "geometry": { "type": "Point", "coordinates": [ 72.8314617, 19.1274074 ] } },
{ "type": "Feature", "properties": { "element": "node", "id": 7047813835, "name": "Suvidha Hospital and Iccu", "category": "hospitals" }, "geometry": { "type": "Point", "coordinates": [ 72.8634739, 19.1813262 ] } },
{ "type": "Feature", "properties": { "element": "node", "id": 7047889769, "name": "Netra Jyot Eye Care Centre", "category": "hospitals" }, "geometry": { "type": "Point", "coordinates": [ 72.9550807, 19.1739389 ] } },
{ "type": "Feature", "properties": { "element": "node", "id": 7047919321, "name": "Indravati Hospital", "category": "hospitals" }, "geometry": { "type": "Point", "coordinates": [ 72.9977667, 19.1566538 ] } },
{ "type": "Feature", "properties": { "element": "node", "id": 7047933154, "name": "Aryan Hospital and Icu", "category": "hospitals" }, "geometry": { "type": "Point", "coordinates": [ 72.8412236, 18.9898598 ] } },
{ "type": "Feature", "properties": { "element": "node", "id": 7048041081, "name": "DNA Multispeciality Hospital - Mumbai", "category": "hospitals" }, "geometry": { "type": "Point", "coordinates": [ 72.8714374, 19.2005212 ] } },
{ "type": "Feature", "properties": { "element": "node", "id": 7048110383, "name": "Sulochan Eye", "category": "hospitals" }, "geometry": { "type": "Point", "coordinates": [ 72.9363066, 19.1473308 ] } },
{ "type": "Feature", "properties": { "element": "node", "id": 7048131891, "name": "Vedaant Multispeciality Hospital", "category": "hospitals" }, "geometry": { "type": "Point", "coordinates": [ 72.9986988, 19.1006081 ] } },
{ "type": "Feature", "properties": { "element": "node", "id": 7048131897, "name": "Purandare Hospital, Mumbai", "category": "hospitals" }, "geometry": { "type": "Point", "coordinates": [ 72.8221216, 19.1293511 ] } },
{ "type": "Feature", "properties": { "element": "node", "id": 7048131898, "name": "Vibha Care Home", "category": "hospitals" }, "geometry": { "type": "Point", "coordinates": [ 72.8514703, 19.2208372 ] } },
{ "type": "Feature", "properties": { "element": "node", "id": 7048131904, "name": "Surya Hospital and Iccu", "category": "hospitals" }, "geometry": { "type": "Point", "coordinates": [ 73.0231659, 19.0360934 ] } },
{ "type": "Feature", "properties": { "element": "node", "id": 7048172474, "name": "Vaishnav Seva Samaj", "category": "hospitals" }, "geometry": { "type": "Point", "coordinates": [ 72.8590146, 19.0338607 ] } },
{ "type": "Feature", "properties": { "element": "node", "id": 7048261194, "name": "Patel Nursing Home, Mumbai", "category": "hospitals" }, "geometry": { "type": "Point", "coordinates": [ 72.8549309, 19.2269461 ] } },
{ "type": "Feature", "properties": { "element": "node", "id": 7048261227, "name": "Priyanka Maternity and Surgical Nursing Home", "category": "hospitals" }, "geometry": { "type": "Point", "coordinates": [ 72.8907222, 19.1006777 ] } },
{ "type": "Feature", "properties": { "element": "node", "id": 7048261246, "name": "Shivani Maternity Home Thane", "category": "hospitals" }, "geometry": { "type": "Point", "coordinates": [ 72.946963, 19.1902469 ] } },
{ "type": "Feature", "properties": { "element": "node", "id": 7048433639, "name": "Foresight Eye Center", "category": "hospitals" }, "geometry": { "type": "Point", "coordinates": [ 72.8133863, 18.956311 ] } },
{ "type": "Feature", "properties": { "element": "node", "id": 7048433640, "name": "Dr. Masurkar Hospital", "category": "hospitals" }, "geometry": { "type": "Point", "coordinates": [ 72.8524567, 19.2033581 ] } },
{ "type": "Feature", "properties": { "element": "node", "id": 7048433662, "name": "Vivek Maternity and Nursing Home", "category": "hospitals" }, "geometry": { "type": "Point", "coordinates": [ 72.9000364, 19.0940612 ] } },
{ "type": "Feature", "properties": { "element": "node", "id": 7048433674, "name": "Sujata Medicare (Sujata Gyanaecology Clinic);Dhake Colony", "category": "hospitals" }, "geometry": { "type": "Point", "coordinates": [ 72.8333795, 19.127861 ] } },
{ "type": "Feature", "properties": { "element": "node", "id": 7048439600, "name": "Aayush Multispeciality Hospital", "category": "hospitals" }, "geometry": { "type": "Point", "coordinates": [ 72.9985231, 19.1525023 ] } },
{ "type": "Feature", "properties": { "element": "node", "id": 7048439606, "name": "Life Care Hospital, Mira Road", "category": "hospitals" }, "geometry": { "type": "Point", "coordinates": [ 72.8657176, 19.2842284 ] } },
{ "type": "Feature", "properties": { "element": "node", "id": 7048439618, "name": "Akshit Maternity Home", "category": "hospitals" }, "geometry": { "type": "Point", "coordinates": [ 72.8640854, 19.2551528 ] } },
{ "type": "Feature", "properties": { "element": "node", "id": 7048489128, "name": "Hi-Tech Urology Centre", "category": "hospitals" }, "geometry": { "type": "Point", "coordinates": [ 72.9627861, 19.1990415 ] } },
{ "type": "Feature", "properties": { "element": "node", "id": 7048504206, "name": "Aryan Hospital", "category": "hospitals" }, "geometry": { "type": "Point", "coordinates": [ 73.014902, 19.0410522 ] } },
{ "type": "Feature", "properties": { "element": "node", "id": 7048529142, "name": "Shushrusha Hospital and Icu", "category": "hospitals" }, "geometry": { "type": "Point", "coordinates": [ 72.9580539, 19.1712725 ] } },
{ "type": "Feature", "properties": { "element": "node", "id": 7048562945, "name": "Shivam Eye Foundation P P N", "category": "hospitals" }, "geometry": { "type": "Point", "coordinates": [ 73.0219696, 19.0238279 ] } },
{ "type": "Feature", "properties": { "element": "node", "id": 7048562946, "name": "Maa Nursing Home and Netra Jyoti Eye Care Center", "category": "hospitals" }, "geometry": { "type": "Point", "coordinates": [ 72.8459443, 19.1750295 ] } },
{ "type": "Feature", "properties": { "element": "node", "id": 7048562947, "name": "Vardhaman Iccu and Nursing Home", "category": "hospitals" }, "geometry": { "type": "Point", "coordinates": [ 72.8441191, 19.1901368 ] } },
{ "type": "Feature", "properties": { "element": "node", "id": 7048747817, "name": "Dr.Reena Mokal Nursing Home and Polyclinic", "category": "hospitals" }, "geometry": { "type": "Point", "coordinates": [ 72.8153551, 19.215374 ] } },
{ "type": "Feature", "properties": { "element": "node", "id": 7048747818, "name": "Saket Maternity and Nursing Home", "category": "hospitals" }, "geometry": { "type": "Point", "coordinates": [ 72.8140642, 19.1352084 ] } },
{ "type": "Feature", "properties": { "element": "node", "id": 7048777736, "name": "Dr. Nisars Eye Care Centre", "category": "hospitals" }, "geometry": { "type": "Point", "coordinates": [ 72.8116697, 18.9590608 ] } },
{ "type": "Feature", "properties": { "element": "node", "id": 7048859409, "name": "Neeta Ambani Hospital", "category": "hospitals" }, "geometry": { "type": "Point", "coordinates": [ 72.9728879, 19.2617069 ] } },
{ "type": "Feature", "properties": { "element": "node", "id": 7048863374, "name": "Varsha Parekh Maternity and Surgical Hospital", "category": "hospitals" }, "geometry": { "type": "Point", "coordinates": [ 72.8985131, 19.0610324 ] } },
{ "type": "Feature", "properties": { "element": "node", "id": 7048872963, "name": "Shree Sukh Shanti Hospital", "category": "hospitals" }, "geometry": { "type": "Point", "coordinates": [ 72.9023337, 19.0878791 ] } },
{ "type": "Feature", "properties": { "element": "node", "id": 7048883830, "name": "Divyadrashti Eye Care Centre", "category": "hospitals" }, "geometry": { "type": "Point", "coordinates": [ 72.8553515, 19.2347733 ] } },
{ "type": "Feature", "properties": { "element": "node", "id": 7048911653, "name": "Vital Care Centre", "category": "hospitals" }, "geometry": { "type": "Point", "coordinates": [ 72.8311546, 19.1468937 ] } },
{ "type": "Feature", "properties": { "element": "node", "id": 7048944239, "name": "Akshaya Surgical and Maternity Home", "category": "hospitals" }, "geometry": { "type": "Point", "coordinates": [ 72.9770654, 19.2037608 ] } },
{ "type": "Feature", "properties": { "element": "node", "id": 7048950247, "name": "Modi General Hospital and Iccu", "category": "hospitals" }, "geometry": { "type": "Point", "coordinates": [ 72.9306605, 19.1154687 ] } },
{ "type": "Feature", "properties": { "element": "node", "id": 7048956597, "name": "Speciality Ear Nose Throat Hospital", "category": "hospitals" }, "geometry": { "type": "Point", "coordinates": [ 72.8671432, 19.2144825 ] } },
{ "type": "Feature", "properties": { "element": "node", "id": 7048966028, "name": "Saraswati Eye Hospital, Mumbai", "category": "hospitals" }, "geometry": { "type": "Point", "coordinates": [ 72.9043213, 19.0799959 ] } },
{ "type": "Feature", "properties": { "element": "node", "id": 7049041346, "name": "Ashirwad Heart Hospital", "category": "hospitals" }, "geometry": { "type": "Point", "coordinates": [ 72.9056409, 19.076179 ] } },
{ "type": "Feature", "properties": { "element": "node", "id": 7049047978, "name": "Neon Critical Care", "category": "hospitals" }, "geometry": { "type": "Point", "coordinates": [ 72.8392093, 19.1940087 ] } },
{ "type": "Feature", "properties": { "element": "node", "id": 7049051361, "name": "Darshan Orthopaedic and Surgical Clinic - Malad (W)", "category": "hospitals" }, "geometry": { "type": "Point", "coordinates": [ 72.8475892, 19.1951758 ] } },
{ "type": "Feature", "properties": { "element": "node", "id": 7049059260, "name": "Dr. Alok Shahs Iccu and Nursing Home", "category": "hospitals" }, "geometry": { "type": "Point", "coordinates": [ 72.8533351, 19.2337078 ] } },
{ "type": "Feature", "properties": { "element": "node", "id": 7049068219, "name": "Pioneer Health Care", "category": "hospitals" }, "geometry": { "type": "Point", "coordinates": [ 72.9741385, 19.2035122 ] } },
{ "type": "Feature", "properties": { "element": "node", "id": 7049071219, "name": "Dr.Nalavade Multispeciality Hospital", "category": "hospitals" }, "geometry": { "type": "Point", "coordinates": [ 72.9718137, 19.196828 ] } },
{ "type": "Feature", "properties": { "element": "node", "id": 7049124019, "name": "Shree Vardhaman Sthanakvasi Jain Shravak Sangh Dadar Sanchalit Navneet Jain Health Centre", "category": "hospitals" }, "geometry": { "type": "Point", "coordinates": [ 72.8383778, 19.0204668 ] } },
{ "type": "Feature", "properties": { "element": "node", "id": 7049156092, "name": "J. K. Child Health Care and Nicu", "category": "hospitals" }, "geometry": { "type": "Point", "coordinates": [ 72.9347174, 19.1449554 ] } },
{ "type": "Feature", "properties": { "element": "node", "id": 7049161132, "name": "Suruchi Eye Centre", "category": "hospitals" }, "geometry": { "type": "Point", "coordinates": [ 72.9979008, 19.1511493 ] } },
{ "type": "Feature", "properties": { "element": "node", "id": 7049182746, "name": "Amruta Surgical and Maternity Home", "category": "hospitals" }, "geometry": { "type": "Point", "coordinates": [ 72.9125141, 19.0926292 ] } },
{ "type": "Feature", "properties": { "element": "node", "id": 7049253111, "name": "Pkc Hospital", "category": "hospitals" }, "geometry": { "type": "Point", "coordinates": [ 73.0030265, 19.0805599 ] } },
{ "type": "Feature", "properties": { "element": "node", "id": 7049291708, "name": "Navjeevan Urology and Stone Care Centre", "category": "hospitals" }, "geometry": { "type": "Point", "coordinates": [ 72.8507602, 19.1660129 ] } },
{ "type": "Feature", "properties": { "element": "node", "id": 7049336179, "name": "Criticare Multispeciality Hospital and Research Centre", "category": "hospitals" }, "geometry": { "type": "Point", "coordinates": [ 72.8353295, 19.1156879 ] } },
{ "type": "Feature", "properties": { "element": "node", "id": 7049344773, "name": "Orbit Eye Hospital, Mumbai", "category": "hospitals" }, "geometry": { "type": "Point", "coordinates": [ 72.8427203, 19.1433248 ] } },
{ "type": "Feature", "properties": { "element": "node", "id": 7049374148, "name": "Enclave Maternity Home", "category": "hospitals" }, "geometry": { "type": "Point", "coordinates": [ 72.8640358, 19.1745533 ] } },
{ "type": "Feature", "properties": { "element": "node", "id": 7049410769, "name": "Aasha Cancer Hospital and Children First", "category": "hospitals" }, "geometry": { "type": "Point", "coordinates": [ 72.9706731, 19.193409 ] } },
{ "type": "Feature", "properties": { "element": "node", "id": 7049431620, "name": "Sai Krupa E.N.T. Nursing Home", "category": "hospitals" }, "geometry": { "type": "Point", "coordinates": [ 72.8526716, 19.2262963 ] } },
{ "type": "Feature", "properties": { "element": "node", "id": 7049454051, "name": "Balaji Speciality Hospital", "category": "hospitals" }, "geometry": { "type": "Point", "coordinates": [ 72.888, 19.1079061 ] } },
{ "type": "Feature", "properties": { "element": "node", "id": 7049483334, "name": "Kaushalya Medical Foundation Trust Hospital, Mumbai", "category": "hospitals" }, "geometry": { "type": "Point", "coordinates": [ 72.9666732, 19.2000627 ] } },
{ "type": "Feature", "properties": { "element": "node", "id": 7049527159, "name": "Holy Trinity Hospital", "category": "hospitals" }, "geometry": { "type": "Point", "coordinates": [ 72.9513688, 19.1676317 ] } },
{ "type": "Feature", "properties": { "element": "node", "id": 7049558994, "name": "Sanghvi Maternity and Surgical Hospital", "category": "hospitals" }, "geometry": { "type": "Point", "coordinates": [ 72.8507911, 19.2170609 ] } },
{ "type": "Feature", "properties": { "element": "node", "id": 7049584815, "name": "RG Stone Urology and Laparoscopy Hospital, Khar", "category": "hospitals" }, "geometry": { "type": "Point", "coordinates": [ 72.8329611, 19.0740757 ] } },
{ "type": "Feature", "properties": { "element": "node", "id": 7049588260, "name": "Chetna Critical Care Unit", "category": "hospitals" }, "geometry": { "type": "Point", "coordinates": [ 72.9526278, 19.1747167 ] } },
{ "type": "Feature", "properties": { "element": "node", "id": 7049595408, "name": "Omkar Eye Care Center", "category": "hospitals" }, "geometry": { "type": "Point", "coordinates": [ 72.9541071, 19.1708418 ] } },
{ "type": "Feature", "properties": { "element": "node", "id": 7049597126, "name": "Sushrusha Heart Care Center and Speciality Hospital", "category": "hospitals" }, "geometry": { "type": "Point", "coordinates": [ 73.0096382, 19.0432478 ] } },
{ "type": "Feature", "properties": { "element": "node", "id": 7049604152, "name": "Dr.Badwaik's Maternity and General Hospital", "category": "hospitals" }, "geometry": { "type": "Point", "coordinates": [ 72.9381332, 19.1503562 ] } },
{ "type": "Feature", "properties": { "element": "node", "id": 7049683148, "name": "Shanmukhananda Jasubhai R k shah Medical Centre", "category": "hospitals" }, "geometry": { "type": "Point", "coordinates": [ 72.860038, 19.031047 ] } },
{ "type": "Feature", "properties": { "element": "node", "id": 7049684094, "name": "Aditi Hospital, Kandivali", "category": "hospitals" }, "geometry": { "type": "Point", "coordinates": [ 72.8641317, 19.2134884 ] } },
{ "type": "Feature", "properties": { "element": "node", "id": 7049696525, "name": "Sanjivani Hospital and Iccu", "category": "hospitals" }, "geometry": { "type": "Point", "coordinates": [ 73.0145547, 19.0409539 ] } },
{ "type": "Feature", "properties": { "element": "node", "id": 7049698468, "name": "Thunga Hospital", "category": "hospitals" }, "geometry": { "type": "Point", "coordinates": [ 72.8623956, 19.292293 ] } },
{ "type": "Feature", "properties": { "element": "node", "id": 7049712542, "name": "Kokilaben Dhirubhai Ambani Hospital, Mumbai", "category": "hospitals" }, "geometry": { "type": "Point", "coordinates": [ 72.8246301, 19.1312947 ] } },
{ "type": "Feature", "properties": { "element": "node", "id": 7049755583, "name": "Dr Telangs Dhanvantari Hospital", "category": "hospitals" }, "geometry": { "type": "Point", "coordinates": [ 72.8433318, 19.1188723 ] } },
{ "type": "Feature", "properties": { "element": "node", "id": 7049756932, "name": "Dr.Pintos Pathological Laboratory", "category": "hospitals" }, "geometry": { "type": "Point", "coordinates": [ 72.8799695, 19.1212519 ] } },
{ "type": "Feature", "properties": { "element": "node", "id": 7049775833, "name": "Gandhi Hospital - Navi Mumbai", "category": "hospitals" }, "geometry": { "type": "Point", "coordinates": [ 72.9995356, 19.1511011 ] } },
{ "type": "Feature", "properties": { "element": "node", "id": 7049785373, "name": "Raichura Prasuti Gruha", "category": "hospitals" }, "geometry": { "type": "Point", "coordinates": [ 72.8360476, 19.2078553 ] } },
{ "type": "Feature", "properties": { "element": "node", "id": 7049792673, "name": "Sudha Hospital and Polyclinic, Mumbai", "category": "hospitals" }, "geometry": { "type": "Point", "coordinates": [ 72.8493192, 19.1811533 ] } },
{ "type": "Feature", "properties": { "element": "node", "id": 7049800769, "name": "Dr.Sakhalkar's Maternity and Nursing Home", "category": "hospitals" }, "geometry": { "type": "Point", "coordinates": [ 72.8611457, 19.1244488 ] } },
{ "type": "Feature", "properties": { "element": "node", "id": 7049803405, "name": "Suyog Urology Centre", "category": "hospitals" }, "geometry": { "type": "Point", "coordinates": [ 72.9131524, 19.0931817 ] } },
{ "type": "Feature", "properties": { "element": "node", "id": 7049812966, "name": "Punamiya Hospital, Mumbai", "category": "hospitals" }, "geometry": { "type": "Point", "coordinates": [ 72.8343451, 19.0124701 ] } },
{ "type": "Feature", "properties": { "element": "node", "id": 7049822998, "name": "Patil Hospital, Mumbai", "category": "hospitals" }, "geometry": { "type": "Point", "coordinates": [ 72.8423361, 19.1235929 ] } },
{ "type": "Feature", "properties": { "element": "node", "id": 7049847480, "name": "Oculus Eye Hospital Pvt. Ltd", "category": "hospitals" }, "geometry": { "type": "Point", "coordinates": [ 72.8334123, 19.114371 ] } },
{ "type": "Feature", "properties": { "element": "node", "id": 7049890629, "name": "Navdurga Fracture and Accident Centre", "category": "hospitals" }, "geometry": { "type": "Point", "coordinates": [ 72.8599562, 19.2455898 ] } },
{ "type": "Feature", "properties": { "element": "node", "id": 7049981401, "name": "Sai Swayam MatandNur Home", "category": "hospitals" }, "geometry": { "type": "Point", "coordinates": [ 72.8593138, 19.187962 ] } },
{ "type": "Feature", "properties": { "element": "node", "id": 7050094778, "name": "Ashirwad Orthopaedic and Surgical Nursing Home", "category": "hospitals" }, "geometry": { "type": "Point", "coordinates": [ 72.8542954, 19.2284351 ] } },
{ "type": "Feature", "properties": { "element": "node", "id": 7050167816, "name": "Zynova Heart Hospital", "category": "hospitals" }, "geometry": { "type": "Point", "coordinates": [ 72.9071443, 19.0890312 ] } },
{ "type": "Feature", "properties": { "element": "node", "id": 7050247346, "name": "Vidhi Eye and Skin Care Centre", "category": "hospitals" }, "geometry": { "type": "Point", "coordinates": [ 73.005757, 19.0994752 ] } },
{ "type": "Feature", "properties": { "element": "node", "id": 7050253933, "name": "Dr Milind Patils Revival Bone and Joint Hospital", "category": "hospitals" }, "geometry": { "type": "Point", "coordinates": [ 72.9660389, 19.1880456 ] } },
{ "type": "Feature", "properties": { "element": "node", "id": 7050257823, "name": "Shree Borivli Gujarati Seva Mandal", "category": "hospitals" }, "geometry": { "type": "Point", "coordinates": [ 72.8502063, 19.2251085 ] } },
{ "type": "Feature", "properties": { "element": "node", "id": 7050315220, "name": "Sparsh Maternity and Nursing Home", "category": "hospitals" }, "geometry": { "type": "Point", "coordinates": [ 72.9702191, 19.2281046 ] } },
{ "type": "Feature", "properties": { "element": "node", "id": 7050319630, "name": "Jeevan Maternity and General Hospital", "category": "hospitals" }, "geometry": { "type": "Point", "coordinates": [ 72.853927, 19.1853768 ] } },
{ "type": "Feature", "properties": { "element": "node", "id": 7050371648, "name": "Kamlesh Mother and Child Hospital", "category": "hospitals" }, "geometry": { "type": "Point", "coordinates": [ 73.0155337, 19.0434152 ] } },
{ "type": "Feature", "properties": { "element": "node", "id": 7050410994, "name": "Sai Krupa Hospital, Mumbai", "category": "hospitals" }, "geometry": { "type": "Point", "coordinates": [ 72.8573692, 19.1812375 ] } },
{ "type": "Feature", "properties": { "element": "node", "id": 7050525480, "name": "Thanawala Maternity Home", "category": "hospitals" }, "geometry": { "type": "Point", "coordinates": [ 72.9993063, 19.0739489 ] } },
{ "type": "Feature", "properties": { "element": "node", "id": 7050575276, "name": "Prince Aly Khan Hospital", "category": "hospitals" }, "geometry": { "type": "Point", "coordinates": [ 72.8366089, 18.9707774 ] } },
{ "type": "Feature", "properties": { "element": "node", "id": 7050579395, "name": "Suyash Hospital", "category": "hospitals" }, "geometry": { "type": "Point", "coordinates": [ 73.0323776, 19.0117366 ] } },
{ "type": "Feature", "properties": { "element": "node", "id": 7050593685, "name": "Saraswati Skin and Eye Care Centre", "category": "hospitals" }, "geometry": { "type": "Point", "coordinates": [ 73.0056068, 19.0980824 ] } },
{ "type": "Feature", "properties": { "element": "node", "id": 7050603512, "name": "Laxmi Health Care Center and Iccu", "category": "hospitals" }, "geometry": { "type": "Point", "coordinates": [ 72.9315296, 19.1134362 ] } },
{ "type": "Feature", "properties": { "element": "node", "id": 7050614446, "name": "Khushal Hospital and Maternity Home", "category": "hospitals" }, "geometry": { "type": "Point", "coordinates": [ 72.9100598, 19.0852037 ] } },
{ "type": "Feature", "properties": { "element": "node", "id": 7050847681, "name": "Rajendra Maternity and Surgical Nursing Home", "category": "hospitals" }, "geometry": { "type": "Point", "coordinates": [ 72.8415965, 19.2347942 ] } },
{ "type": "Feature", "properties": { "element": "node", "id": 7050863021, "name": "Tanwar Hospital, Thane", "category": "hospitals" }, "geometry": { "type": "Point", "coordinates": [ 72.862551, 19.2938249 ] } },
{ "type": "Feature", "properties": { "element": "node", "id": 7050863022, "name": "Aryan Child Healthcare Centre and Nursing Home", "category": "hospitals" }, "geometry": { "type": "Point", "coordinates": [ 72.8706922, 19.2787021 ] } },
{ "type": "Feature", "properties": { "element": "node", "id": 7050863023, "name": "Gayatri Maternity and Ear Nose Throat Hospital", "category": "hospitals" }, "geometry": { "type": "Point", "coordinates": [ 72.8684829, 19.279099 ] } },
{ "type": "Feature", "properties": { "element": "node", "id": 7050932259, "name": "Hiren Mehta Eye Care Centre", "category": "hospitals" }, "geometry": { "type": "Point", "coordinates": [ 72.9058863, 19.0798083 ] } },
{ "type": "Feature", "properties": { "element": "node", "id": 7051069996, "name": "Dr Thakur Hospital", "category": "hospitals" }, "geometry": { "type": "Point", "coordinates": [ 72.8400777, 19.0250711 ] } },
{ "type": "Feature", "properties": { "element": "node", "id": 7051069997, "name": "Ashirwad Children and Surgical Hospital", "category": "hospitals" }, "geometry": { "type": "Point", "coordinates": [ 72.8877814, 19.1064919 ] } },
{ "type": "Feature", "properties": { "element": "node", "id": 7051069998, "name": "Medha Maternity and Nursing Home - Kandivali (E) Mumbai", "category": "hospitals" }, "geometry": { "type": "Point", "coordinates": [ 72.8748706, 19.1951536 ] } },
{ "type": "Feature", "properties": { "element": "node", "id": 7051069999, "name": "Apeksha Maternity and Surgical Nursing Home, Thane", "category": "hospitals" }, "geometry": { "type": "Point", "coordinates": [ 72.963586, 19.2069105 ] } },
{ "type": "Feature", "properties": { "element": "node", "id": 7051070001, "name": "Jaydeep Eye and Physiotherapy Clinic - Kandivli", "category": "hospitals" }, "geometry": { "type": "Point", "coordinates": [ 72.8289404, 19.2183374 ] } },
{ "type": "Feature", "properties": { "element": "node", "id": 7051070010, "name": "Reliance Life Sciences Pvt. Ltd", "category": "hospitals" }, "geometry": { "type": "Point", "coordinates": [ 72.8225555, 19.0050283 ] } },
{ "type": "Feature", "properties": { "element": "node", "id": 7051070842, "name": "Mallika Hospital and Envision Eye Centre", "category": "hospitals" }, "geometry": { "type": "Point", "coordinates": [ 72.8466645, 19.1373789 ] } },
{ "type": "Feature", "properties": { "element": "node", "id": 7051103930, "name": "Gaurav Maternity and Surgical Hospital", "category": "hospitals" }, "geometry": { "type": "Point", "coordinates": [ 72.9292135, 19.1456895 ] } },
{ "type": "Feature", "properties": { "element": "node", "id": 7051167336, "name": "Shivneri Hospital Pvt. Ltd.", "category": "hospitals" }, "geometry": { "type": "Point", "coordinates": [ 72.9720235, 19.1951365 ] } },
{ "type": "Feature", "properties": { "element": "node", "id": 7051176229, "name": "Kiran Care and Cure Hospital", "category": "hospitals" }, "geometry": { "type": "Point", "coordinates": [ 72.8655446, 19.10681 ] } },
{ "type": "Feature", "properties": { "element": "node", "id": 7051342865, "name": "Doctor Pareek's Deafness Clinic and ENT Hospital", "category": "hospitals" }, "geometry": { "type": "Point", "coordinates": [ 72.8294756, 19.1288557 ] } },
{ "type": "Feature", "properties": { "element": "node", "id": 7051342882, "name": "Sas Health Care Pvt. Limited", "category": "hospitals" }, "geometry": { "type": "Point", "coordinates": [ 72.9307269, 19.1476957 ] } },
{ "type": "Feature", "properties": { "element": "node", "id": 7051344976, "name": "Om Gagangiri Hospital, Thane, NAVI MUMBAI", "category": "hospitals" }, "geometry": { "type": "Point", "coordinates": [ 73.0037589, 19.1024207 ] } },
{ "type": "Feature", "properties": { "element": "node", "id": 7051345894, "name": "Shakuntala Maternity Home", "category": "hospitals" }, "geometry": { "type": "Point", "coordinates": [ 72.8257466, 19.2106923 ] } },
{ "type": "Feature", "properties": { "element": "node", "id": 7051595414, "name": "Mangal Anand Hospital", "category": "hospitals" }, "geometry": { "type": "Point", "coordinates": [ 72.8905401, 19.0565988 ] } },
{ "type": "Feature", "properties": { "element": "node", "id": 7051650092, "name": "Umang Maternity and Surgical Nursing Home", "category": "hospitals" }, "geometry": { "type": "Point", "coordinates": [ 72.871322, 19.1169019 ] } },
{ "type": "Feature", "properties": { "element": "node", "id": 7051688587, "name": "Nidhi Nursing Home and Iccu", "category": "hospitals" }, "geometry": { "type": "Point", "coordinates": [ 72.8440869, 19.2062254 ] } },
{ "type": "Feature", "properties": { "element": "node", "id": 7051739612, "name": "More Eye Center", "category": "hospitals" }, "geometry": { "type": "Point", "coordinates": [ 72.9717761, 19.1954297 ] } },
{ "type": "Feature", "properties": { "element": "node", "id": 7051759654, "name": "Thanawalas Maternity Home & IVF Clinic", "category": "hospitals" }, "geometry": { "type": "Point", "coordinates": [ 72.9997086, 19.0737816 ] } },
{ "type": "Feature", "properties": { "element": "node", "id": 7051759660, "name": "Ramlok ENT Hospital", "category": "hospitals" }, "geometry": { "type": "Point", "coordinates": [ 72.847378, 19.2999274 ] } },
{ "type": "Feature", "properties": { "element": "node", "id": 7051809539, "name": "Ashirwad Maternity and Nursing Home", "category": "hospitals" }, "geometry": { "type": "Point", "coordinates": [ 72.8647211, 19.257032 ] } },
{ "type": "Feature", "properties": { "element": "node", "id": 7051825616, "name": "Sugun Hospital Multispeciality Diagnostic, Icu", "category": "hospitals" }, "geometry": { "type": "Point", "coordinates": [ 72.8827469, 19.1171996 ] } },
{ "type": "Feature", "properties": { "element": "node", "id": 7051832702, "name": "Vipassana Hospital", "category": "hospitals" }, "geometry": { "type": "Point", "coordinates": [ 72.8659415, 19.2831714 ] } },
{ "type": "Feature", "properties": { "element": "node", "id": 7051853939, "name": "Asha Hospital and Iccu", "category": "hospitals" }, "geometry": { "type": "Point", "coordinates": [ 72.9999474, 19.1503714 ] } },
{ "type": "Feature", "properties": { "element": "node", "id": 7051961242, "name": "Dhanwantary Hospital and ICCU", "category": "hospitals" }, "geometry": { "type": "Point", "coordinates": [ 72.9535586, 19.1763038 ] } },
{ "type": "Feature", "properties": { "element": "node", "id": 7051973313, "name": "Dr Pagruts Fracture Orthopaedic and Surgical Hospital", "category": "hospitals" }, "geometry": { "type": "Point", "coordinates": [ 72.8319351, 19.1953626 ] } },
{ "type": "Feature", "properties": { "element": "node", "id": 7051990083, "name": "Dr Yewale Multispeciality Hospital For Children", "category": "hospitals" }, "geometry": { "type": "Point", "coordinates": [ 72.9966067, 19.0817095 ] } },
{ "type": "Feature", "properties": { "element": "node", "id": 7051992797, "name": "Samarth Maternity and Nursing Home", "category": "hospitals" }, "geometry": { "type": "Point", "coordinates": [ 72.9594474, 19.1685629 ] } },
{ "type": "Feature", "properties": { "element": "node", "id": 7051997345, "name": "Shri Bala Hanuman Maternity and Surgical Hospital", "category": "hospitals" }, "geometry": { "type": "Point", "coordinates": [ 72.8523032, 19.2185792 ] } },
{ "type": "Feature", "properties": { "element": "node", "id": 7052027524, "name": "Jashem Eye Institute", "category": "hospitals" }, "geometry": { "type": "Point", "coordinates": [ 72.8538381, 19.0279281 ] } },
{ "type": "Feature", "properties": { "element": "node", "id": 7052058100, "name": "Vyas' Surgery", "category": "hospitals" }, "geometry": { "type": "Point", "coordinates": [ 72.8591891, 19.0342874 ] } },
{ "type": "Feature", "properties": { "element": "node", "id": 7052124558, "name": "Riddhivinayak Critical Care and Cardiac Centre", "category": "hospitals" }, "geometry": { "type": "Point", "coordinates": [ 72.8474611, 19.193877 ] } },
{ "type": "Feature", "properties": { "element": "node", "id": 7052136733, "name": "Sohum Eyecare Centre", "category": "hospitals" }, "geometry": { "type": "Point", "coordinates": [ 72.853478, 19.247308 ] } },
{ "type": "Feature", "properties": { "element": "node", "id": 7052181497, "name": "Sai Hospital", "category": "hospitals" }, "geometry": { "type": "Point", "coordinates": [ 72.8546199, 19.0399657 ] } },
{ "type": "Feature", "properties": { "element": "node", "id": 7052183599, "name": "Drishti Eye Care Centre", "category": "hospitals" }, "geometry": { "type": "Point", "coordinates": [ 72.9521015, 19.1745628 ] } },
{ "type": "Feature", "properties": { "element": "node", "id": 7052185493, "name": "Khar Clinico-Pathology Laboratory", "category": "hospitals" }, "geometry": { "type": "Point", "coordinates": [ 72.8344122, 19.0744458 ] } },
{ "type": "Feature", "properties": { "element": "node", "id": 7052220015, "name": "Saibaba Maternity and Nursing Home", "category": "hospitals" }, "geometry": { "type": "Point", "coordinates": [ 72.856767, 19.2017598 ] } },
{ "type": "Feature", "properties": { "element": "node", "id": 7052244354, "name": "Harish Hospital and Iccu", "category": "hospitals" }, "geometry": { "type": "Point", "coordinates": [ 73.0204596, 19.0434063 ] } },
{ "type": "Feature", "properties": { "element": "node", "id": 7052285550, "name": "Shree Surgical and Maternity Nursing Home", "category": "hospitals" }, "geometry": { "type": "Point", "coordinates": [ 72.8437878, 19.1918378 ] } },
{ "type": "Feature", "properties": { "element": "node", "id": 7052287516, "name": "Maher Maternity Infertility and Surgical Nursing Home", "category": "hospitals" }, "geometry": { "type": "Point", "coordinates": [ 72.9608931, 19.2107023 ] } },
{ "type": "Feature", "properties": { "element": "node", "id": 7052294540, "name": "Ashirwad Hospital and Polyclinic", "category": "hospitals" }, "geometry": { "type": "Point", "coordinates": [ 72.9092518, 19.0521558 ] } },
{ "type": "Feature", "properties": { "element": "node", "id": 7052303296, "name": "Aseem Orthopaedic Hospital", "category": "hospitals" }, "geometry": { "type": "Point", "coordinates": [ 72.8545234, 19.0799452 ] } },
{ "type": "Feature", "properties": { "element": "node", "id": 7052315629, "name": "Palvi Hospital", "category": "hospitals" }, "geometry": { "type": "Point", "coordinates": [ 72.9402763, 18.8772867 ] } },
{ "type": "Feature", "properties": { "element": "node", "id": 7052355305, "name": "Mohit Hospital", "category": "hospitals" }, "geometry": { "type": "Point", "coordinates": [ 72.864532, 19.2337585 ] } },
{ "type": "Feature", "properties": { "element": "node", "id": 7052365607, "name": "Brahman Sabha, Mhaskar Gruh and General Nursing Home", "category": "hospitals" }, "geometry": { "type": "Point", "coordinates": [ 72.8190404, 18.9568031 ] } },
{ "type": "Feature", "properties": { "element": "node", "id": 7052388277, "name": "Tata Memorial Hospital", "category": "hospitals" }, "geometry": { "type": "Point", "coordinates": [ 72.8432125, 19.004984 ] } },
{ "type": "Feature", "properties": { "element": "node", "id": 7052398568, "name": "Dr. Doke's Shraddha Hospital", "category": "hospitals" }, "geometry": { "type": "Point", "coordinates": [ 72.999828, 19.1490462 ] } },
{ "type": "Feature", "properties": { "element": "node", "id": 7052491973, "name": "Sushrut Maternity and Surgical Nursing Home", "category": "hospitals" }, "geometry": { "type": "Point", "coordinates": [ 72.8641579, 19.2836549 ] } },
{ "type": "Feature", "properties": { "element": "node", "id": 7052502073, "name": "Sanjeevani Surgical and General Hospital", "category": "hospitals" }, "geometry": { "type": "Point", "coordinates": [ 72.8527451, 19.1845751 ] } },
{ "type": "Feature", "properties": { "element": "node", "id": 7052502074, "name": "Sanjeevani Chandrabhan Agrawal Charitable Trust Eye Hospital", "category": "hospitals" }, "geometry": { "type": "Point", "coordinates": [ 72.8510258, 19.1842065 ] } },
{ "type": "Feature", "properties": { "element": "node", "id": 7052505337, "name": "Sanpada General Hopital", "category": "hospitals" }, "geometry": { "type": "Point", "coordinates": [ 73.0124558, 19.0634121 ] } },
{ "type": "Feature", "properties": { "element": "node", "id": 7052525501, "name": "J.P Hospital, Mumbai", "category": "hospitals" }, "geometry": { "type": "Point", "coordinates": [ 72.8853004, 19.1012531 ] } },
{ "type": "Feature", "properties": { "element": "node", "id": 7052744110, "name": "The Laser Vision Centre", "category": "hospitals" }, "geometry": { "type": "Point", "coordinates": [ 72.8405692, 19.1869158 ] } },
{ "type": "Feature", "properties": { "element": "node", "id": 7052767202, "name": "Samarth Hospital, Mumbai", "category": "hospitals" }, "geometry": { "type": "Point", "coordinates": [ 72.9264937, 19.1095801 ] } },
{ "type": "Feature", "properties": { "element": "node", "id": 7052779516, "name": "Navneet Hi-Tech Hospital", "category": "hospitals" }, "geometry": { "type": "Point", "coordinates": [ 72.8606214, 19.2463736 ] } },
{ "type": "Feature", "properties": { "element": "node", "id": 7052811704, "name": "Navnirman Maternity and Surgical Hospital", "category": "hospitals" }, "geometry": { "type": "Point", "coordinates": [ 72.9070786, 19.0890115 ] } },
{ "type": "Feature", "properties": { "element": "node", "id": 7052813761, "name": "Dr. Vaidya Eye Hospital", "category": "hospitals" }, "geometry": { "type": "Point", "coordinates": [ 72.8315811, 19.1273593 ] } },
{ "type": "Feature", "properties": { "element": "node", "id": 7052833529, "name": "Sanchaiti Hospital", "category": "hospitals" }, "geometry": { "type": "Point", "coordinates": [ 72.8587666, 19.2014609 ] } },
{ "type": "Feature", "properties": { "element": "node", "id": 7052855546, "name": "Paarth Hospital", "category": "hospitals" }, "geometry": { "type": "Point", "coordinates": [ 72.8453777, 19.2056922 ] } },
{ "type": "Feature", "properties": { "element": "node", "id": 7052877579, "name": "Saraogi Maternity and General Hospital", "category": "hospitals" }, "geometry": { "type": "Point", "coordinates": [ 72.8465733, 19.1898379 ] } },
{ "type": "Feature", "properties": { "element": "node", "id": 7052895341, "name": "Mody Hospital Iccu", "category": "hospitals" }, "geometry": { "type": "Point", "coordinates": [ 72.9988141, 19.1611029 ] } },
{ "type": "Feature", "properties": { "element": "node", "id": 7052946842, "name": "Manak Healthcare Hospital", "category": "hospitals" }, "geometry": { "type": "Point", "coordinates": [ 73.017892, 19.0432833 ] } },
{ "type": "Feature", "properties": { "element": "node", "id": 7052961484, "name": "Deodhar Hospitals Pvt. Ltd", "category": "hospitals" }, "geometry": { "type": "Point", "coordinates": [ 72.9684891, 19.187216 ] } },
{ "type": "Feature", "properties": { "element": "node", "id": 7052963441, "name": "Dr.Palep's Priyank Maternity Nursing Home", "category": "hospitals" }, "geometry": { "type": "Point", "coordinates": [ 72.8318681, 19.0146877 ] } },
{ "type": "Feature", "properties": { "element": "node", "id": 7052963442, "name": "Dr.Paradkar Hospital", "category": "hospitals" }, "geometry": { "type": "Point", "coordinates": [ 72.9660858, 19.1849741 ] } },
{ "type": "Feature", "properties": { "element": "node", "id": 7053008622, "name": "Abhimaan Maternity and Surgical Hospital - Thane", "category": "hospitals" }, "geometry": { "type": "Point", "coordinates": [ 72.9644363, 19.1890488 ] } },
{ "type": "Feature", "properties": { "element": "node", "id": 7053014921, "name": "Nulife Hospital, Mumbai", "category": "hospitals" }, "geometry": { "type": "Point", "coordinates": [ 72.9051983, 19.0881022 ] } },
{ "type": "Feature", "properties": { "element": "node", "id": 7053026376, "name": "Jivdaya Hospital", "category": "hospitals" }, "geometry": { "type": "Point", "coordinates": [ 72.9053311, 19.0882556 ] } },
{ "type": "Feature", "properties": { "element": "node", "id": 7053034034, "name": "Shradha Heart Hospital", "category": "hospitals" }, "geometry": { "type": "Point", "coordinates": [ 72.9051822, 19.0881504 ] } },
{ "type": "Feature", "properties": { "element": "node", "id": 7053184769, "name": "Mamta Maternity and Nursing Home", "category": "hospitals" }, "geometry": { "type": "Point", "coordinates": [ 72.815854, 19.1293815 ] } },
{ "type": "Feature", "properties": { "element": "node", "id": 7053188944, "name": "Kkasturi Medicare Pvt Ltd", "category": "hospitals" }, "geometry": { "type": "Point", "coordinates": [ 72.9769085, 19.1895959 ] } },
{ "type": "Feature", "properties": { "element": "node", "id": 7053189597, "name": "Dr.Satish G.Desai", "category": "hospitals" }, "geometry": { "type": "Point", "coordinates": [ 72.8514978, 19.1035152 ] } },
{ "type": "Feature", "properties": { "element": "node", "id": 7053245833, "name": "Dev Nursing Home", "category": "hospitals" }, "geometry": { "type": "Point", "coordinates": [ 72.8335994, 19.0154396 ] } },
{ "type": "Feature", "properties": { "element": "node", "id": 7053265680, "name": "Suprabha Surgicare", "category": "hospitals" }, "geometry": { "type": "Point", "coordinates": [ 72.8451061, 19.0136391 ] } },
{ "type": "Feature", "properties": { "element": "node", "id": 7053266063, "name": "Dr. Deosthaci's Eye Care Centre", "category": "hospitals" }, "geometry": { "type": "Point", "coordinates": [ 72.8640935, 19.0418977 ] } },
{ "type": "Feature", "properties": { "element": "node", "id": 7053273298, "name": "H.J. Doshi Ghatkopar Hindu Sabha Hospital", "category": "hospitals" }, "geometry": { "type": "Point", "coordinates": [ 72.9062873, 19.085295 ] } },
{ "type": "Feature", "properties": { "element": "node", "id": 7053277891, "name": "Dr.Chhatres Maternity and Surgical Nursing Home", "category": "hospitals" }, "geometry": { "type": "Point", "coordinates": [ 72.8520517, 19.0253227 ] } },
{ "type": "Feature", "properties": { "element": "node", "id": 7053317926, "name": "Swami Health Care", "category": "hospitals" }, "geometry": { "type": "Point", "coordinates": [ 72.9616454, 19.2090648 ] } },
{ "type": "Feature", "properties": { "element": "node", "id": 7053355770, "name": "Well Spring Dr Avinash Phadke Pathlab Clinic", "category": "hospitals" }, "geometry": { "type": "Point", "coordinates": [ 72.8380385, 19.0241779 ] } },
{ "type": "Feature", "properties": { "element": "node", "id": 7053517508, "name": "Shree Sai Maternity and Surgical Nursing Home", "category": "hospitals" }, "geometry": { "type": "Point", "coordinates": [ 72.9469208, 19.1639918 ] } },
{ "type": "Feature", "properties": { "element": "node", "id": 7053694049, "name": "Raj Hospital, Mumbai", "category": "hospitals" }, "geometry": { "type": "Point", "coordinates": [ 73.0193428, 19.0341612 ] } },
{ "type": "Feature", "properties": { "element": "node", "id": 7053711443, "name": "Surana Hospital and Research Centre, Mumbai", "category": "hospitals" }, "geometry": { "type": "Point", "coordinates": [ 72.8383416, 19.1988025 ] } },
{ "type": "Feature", "properties": { "element": "node", "id": 7053870878, "name": "Ashirwad Maternity and Nursing Home, Mulund", "category": "hospitals" }, "geometry": { "type": "Point", "coordinates": [ 72.9322658, 19.1702287 ] } },
{ "type": "Feature", "properties": { "element": "node", "id": 7054096515, "name": "National Burns Center", "category": "hospitals" }, "geometry": { "type": "Point", "coordinates": [ 72.9862292, 19.1533004 ] } },
{ "type": "Feature", "properties": { "element": "node", "id": 7054135993, "name": "Dake Hospital", "category": "hospitals" }, "geometry": { "type": "Point", "coordinates": [ 72.9393368, 18.8781064 ] } },
{ "type": "Feature", "properties": { "element": "node", "id": 7054152139, "name": "Yashwant Hospital, Mumbai", "category": "hospitals" }, "geometry": { "type": "Point", "coordinates": [ 72.9335748, 19.1152368 ] } },
{ "type": "Feature", "properties": { "element": "node", "id": 7054153830, "name": "Samartha Hospital", "category": "hospitals" }, "geometry": { "type": "Point", "coordinates": [ 72.87477, 19.2812624 ] } },
{ "type": "Feature", "properties": { "element": "node", "id": 7054166264, "name": "Krishna Eye Care Centre", "category": "hospitals" }, "geometry": { "type": "Point", "coordinates": [ 72.8498415, 19.1839215 ] } },
{ "type": "Feature", "properties": { "element": "node", "id": 7054170594, "name": "Dr. Thakurs Ear Nose Throat Clinic and Hospital - Bhandup (W) Mumbai", "category": "hospitals" }, "geometry": { "type": "Point", "coordinates": [ 72.9364809, 19.1473486 ] } },
{ "type": "Feature", "properties": { "element": "node", "id": 7054176419, "name": "Possa Hospital and Polyclinic", "category": "hospitals" }, "geometry": { "type": "Point", "coordinates": [ 72.7814922, 19.2785363 ] } },
{ "type": "Feature", "properties": { "element": "node", "id": 7054209607, "name": "Dr. Khatavs Mother and Child Hospital", "category": "hospitals" }, "geometry": { "type": "Point", "coordinates": [ 72.8544416, 19.2297146 ] } },
{ "type": "Feature", "properties": { "element": "node", "id": 7054297836, "name": "Laxmi Jyot Eye Hospital, Thane", "category": "hospitals" }, "geometry": { "type": "Point", "coordinates": [ 72.9778835, 19.2024899 ] } },
{ "type": "Feature", "properties": { "element": "node", "id": 7054385780, "name": "Chirayu Superspeciality Hospital", "category": "hospitals" }, "geometry": { "type": "Point", "coordinates": [ 72.8603062, 19.2956485 ] } },
{ "type": "Feature", "properties": { "element": "node", "id": 7054394705, "name": "A Care Orthopaedic and General Hospital", "category": "hospitals" }, "geometry": { "type": "Point", "coordinates": [ 72.870278, 19.2844904 ] } },
{ "type": "Feature", "properties": { "element": "node", "id": 7054423656, "name": "Shetty Nursing Home (Shetty Health Services Pvt. Ltd.)", "category": "hospitals" }, "geometry": { "type": "Point", "coordinates": [ 72.8128391, 18.9747946 ] } },
{ "type": "Feature", "properties": { "element": "node", "id": 7054447906, "name": "Dholkawalla Maternity Home", "category": "hospitals" }, "geometry": { "type": "Point", "coordinates": [ 72.8337845, 18.9527132 ] } },
{ "type": "Feature", "properties": { "element": "node", "id": 7054456795, "name": "Vibha Maternity and Surgical Nursing Home", "category": "hospitals" }, "geometry": { "type": "Point", "coordinates": [ 72.8443725, 19.1169678 ] } },
{ "type": "Feature", "properties": { "element": "node", "id": 7054513600, "name": "Shri K V O Jain Manav Seva Kendra Navneet Hospital", "category": "hospitals" }, "geometry": { "type": "Point", "coordinates": [ 72.8585628, 19.2342561 ] } },
{ "type": "Feature", "properties": { "element": "node", "id": 7054526793, "name": "Surlata Hospital", "category": "hospitals" }, "geometry": { "type": "Point", "coordinates": [ 72.8416521, 19.0307218 ] } },
{ "type": "Feature", "properties": { "element": "node", "id": 7054555638, "name": "Saraswati Hospital, Mumbai", "category": "hospitals" }, "geometry": { "type": "Point", "coordinates": [ 72.8368664, 19.1809405 ] } },
{ "type": "Feature", "properties": { "element": "node", "id": 7054594721, "name": "Khm Medical Centre Shree Kandivli Hitwardhak Mandal Kandivali", "category": "hospitals" }, "geometry": { "type": "Point", "coordinates": [ 72.8485534, 19.2006415 ] } },
{ "type": "Feature", "properties": { "element": "node", "id": 7054625890, "name": "Dr. Kamat's Hospital", "category": "hospitals" }, "geometry": { "type": "Point", "coordinates": [ 72.8503498, 19.1361449 ] } },
{ "type": "Feature", "properties": { "element": "node", "id": 7054682098, "name": "Mahatma Gandhi Seva Mandir", "category": "hospitals" }, "geometry": { "type": "Point", "coordinates": [ 72.8368556, 19.055927 ] } },
{ "type": "Feature", "properties": { "element": "node", "id": 7054692538, "name": "Purohit Hospital", "category": "hospitals" }, "geometry": { "type": "Point", "coordinates": [ 72.8543866, 19.2294557 ] } },
{ "type": "Feature", "properties": { "element": "node", "id": 7054725462, "name": "Ameya Surgical and General Nursing Home", "category": "hospitals" }, "geometry": { "type": "Point", "coordinates": [ 72.8673752, 19.1070774 ] } },
{ "type": "Feature", "properties": { "element": "node", "id": 7054746894, "name": "Dr. Raut's Maternity and Surgical Nursing Home", "category": "hospitals" }, "geometry": { "type": "Point", "coordinates": [ 72.8562031, 19.0804497 ] } },
{ "type": "Feature", "properties": { "element": "node", "id": 7054759108, "name": "Oma Hospital", "category": "hospitals" }, "geometry": { "type": "Point", "coordinates": [ 72.9018161, 19.0512684 ] } },
{ "type": "Feature", "properties": { "element": "node", "id": 7054760746, "name": "Sai Ganesh Hospital, Thane", "category": "hospitals" }, "geometry": { "type": "Point", "coordinates": [ 72.9678822, 19.1872952 ] } },
{ "type": "Feature", "properties": { "element": "node", "id": 7054797503, "name": "Dr Kulkarni Hospital", "category": "hospitals" }, "geometry": { "type": "Point", "coordinates": [ 72.8520081, 19.1359498 ] } },
{ "type": "Feature", "properties": { "element": "node", "id": 7054810984, "name": "Shree Krishna Hospital, Mumbai", "category": "hospitals" }, "geometry": { "type": "Point", "coordinates": [ 72.8664377, 19.235271 ] } },
{ "type": "Feature", "properties": { "element": "node", "id": 7054818486, "name": "Dr Manish Patankar's Nath Hospital", "category": "hospitals" }, "geometry": { "type": "Point", "coordinates": [ 72.9725271, 19.2030668 ] } },
{ "type": "Feature", "properties": { "element": "node", "id": 7054831098, "name": "Kumta Eye and Retina Clinic and Laser Center", "category": "hospitals" }, "geometry": { "type": "Point", "coordinates": [ 72.8471252, 19.1852661 ] } },
{ "type": "Feature", "properties": { "element": "node", "id": 7054852418, "name": "Krishna Eye Centre", "category": "hospitals" }, "geometry": { "type": "Point", "coordinates": [ 72.8651664, 19.0444281 ] } },
{ "type": "Feature", "properties": { "element": "node", "id": 7054869824, "name": "Shah Lifeline Hospital and Heart Institute Pvt. Ltd. - Thane", "category": "hospitals" }, "geometry": { "type": "Point", "coordinates": [ 72.856134, 19.2947131 ] } },
{ "type": "Feature", "properties": { "element": "node", "id": 7054878679, "name": "Sunjeevan Hospital and I C U", "category": "hospitals" }, "geometry": { "type": "Point", "coordinates": [ 72.9799998, 19.2028047 ] } },
{ "type": "Feature", "properties": { "element": "node", "id": 7054887652, "name": "Jijamata Hospital, Raigarh", "category": "hospitals" }, "geometry": { "type": "Point", "coordinates": [ 73.0201028, 18.9272475 ] } },
{ "type": "Feature", "properties": { "element": "node", "id": 7054913128, "name": "Nadkarni Eye Care Centre", "category": "hospitals" }, "geometry": { "type": "Point", "coordinates": [ 72.9374432, 19.1506818 ] } },
{ "type": "Feature", "properties": { "element": "node", "id": 7054939253, "name": "Omkar Surgical and Maternity Home", "category": "hospitals" }, "geometry": { "type": "Point", "coordinates": [ 72.959279, 19.1699994 ] } },
{ "type": "Feature", "properties": { "element": "node", "id": 7054965709, "name": "Matushree Maternity, Surgical and General Nursing Home", "category": "hospitals" }, "geometry": { "type": "Point", "coordinates": [ 72.8266338, 19.2078566 ] } },
{ "type": "Feature", "properties": { "element": "node", "id": 7055027023, "name": "Dr Jyotsna Jagtaps Ent Hospital and Hearing Aid Centre", "category": "hospitals" }, "geometry": { "type": "Point", "coordinates": [ 72.9784039, 19.2191846 ] } },
{ "type": "Feature", "properties": { "element": "node", "id": 7055034735, "name": "Divine Multispecialty Hospital and Research Centre", "category": "hospitals" }, "geometry": { "type": "Point", "coordinates": [ 73.0028686, 19.1206928 ] } },
{ "type": "Feature", "properties": { "element": "node", "id": 7055036505, "name": "Sehgal Path Lab", "category": "hospitals" }, "geometry": { "type": "Point", "coordinates": [ 72.825176, 19.1291496 ] } },
{ "type": "Feature", "properties": { "element": "node", "id": 7055036574, "name": "Rushabh Eye Hospital and Laser Centre", "category": "hospitals" }, "geometry": { "type": "Point", "coordinates": [ 72.9000807, 19.0594446 ] } },
{ "type": "Feature", "properties": { "element": "node", "id": 7055082976, "name": "Ashirwad Hospital Maternity Surgical and General", "category": "hospitals" }, "geometry": { "type": "Point", "coordinates": [ 73.0047123, 19.0897992 ] } },
{ "type": "Feature", "properties": { "element": "node", "id": 7055106537, "name": "Dr. Narkhedes Advance Ent Centre", "category": "hospitals" }, "geometry": { "type": "Point", "coordinates": [ 72.97325, 19.1870475 ] } },
{ "type": "Feature", "properties": { "element": "node", "id": 7055110020, "name": "Aakashdeep Hospital and I.C.U", "category": "hospitals" }, "geometry": { "type": "Point", "coordinates": [ 73.0046265, 19.1013786 ] } },
{ "type": "Feature", "properties": { "element": "node", "id": 7055113661, "name": "Srushti Orthotech Hospital", "category": "hospitals" }, "geometry": { "type": "Point", "coordinates": [ 72.9361148, 19.1473346 ] } },
{ "type": "Feature", "properties": { "element": "node", "id": 7055122225, "name": "Dr. Thakur's Shree Hospital", "category": "hospitals" }, "geometry": { "type": "Point", "coordinates": [ 72.9456628, 19.1894712 ] } },
{ "type": "Feature", "properties": { "element": "node", "id": 7055144633, "name": "Malhaar Maternity and Nursing Home", "category": "hospitals" }, "geometry": { "type": "Point", "coordinates": [ 72.8363293, 19.0880933 ] } },
{ "type": "Feature", "properties": { "element": "node", "id": 7055153115, "name": "Medico Surgical Clinic and Hospital", "category": "hospitals" }, "geometry": { "type": "Point", "coordinates": [ 72.9069599, 19.088305 ] } },
{ "type": "Feature", "properties": { "element": "node", "id": 7055197055, "name": "Dr Bedekars Hospital", "category": "hospitals" }, "geometry": { "type": "Point", "coordinates": [ 72.9735222, 19.1894971 ] } },
{ "type": "Feature", "properties": { "element": "node", "id": 7055223581, "name": "Shaha Children Hospital", "category": "hospitals" }, "geometry": { "type": "Point", "coordinates": [ 72.9292417, 19.1456572 ] } },
{ "type": "Feature", "properties": { "element": "node", "id": 7055262419, "name": "Dr Savlas Child Care Centre", "category": "hospitals" }, "geometry": { "type": "Point", "coordinates": [ 72.8511733, 19.0399822 ] } },
{ "type": "Feature", "properties": { "element": "node", "id": 7055276698, "name": "Doctor Eye Hospital", "category": "hospitals" }, "geometry": { "type": "Point", "coordinates": [ 72.8432044, 19.1148073 ] } },
{ "type": "Feature", "properties": { "element": "node", "id": 7055279023, "name": "Shanmukhananda Aditya Jyot Eye Institute", "category": "hospitals" }, "geometry": { "type": "Point", "coordinates": [ 72.8600594, 19.0308961 ] } },
{ "type": "Feature", "properties": { "element": "node", "id": 7055293992, "name": "Nirmiti Fertility and Ivf Centre", "category": "hospitals" }, "geometry": { "type": "Point", "coordinates": [ 72.9673988, 19.1881647 ] } },
{ "type": "Feature", "properties": { "element": "node", "id": 7055330884, "name": "Dr Eye Institute Pvt Ltd", "category": "hospitals" }, "geometry": { "type": "Point", "coordinates": [ 72.8321403, 19.1386865 ] } },
{ "type": "Feature", "properties": { "element": "node", "id": 7055419121, "name": "Ashwini Maternity and Surgical Hospital,Ghatkopar(E)", "category": "hospitals" }, "geometry": { "type": "Point", "coordinates": [ 72.9043441, 19.0800884 ] } },
{ "type": "Feature", "properties": { "element": "node", "id": 7055428168, "name": "Yogeshwar Surgical Clinic and Nursing Home - Mumbai", "category": "hospitals" }, "geometry": { "type": "Point", "coordinates": [ 72.8248367, 18.957344 ] } },
{ "type": "Feature", "properties": { "element": "node", "id": 7055431560, "name": "Orthonova Hospital", "category": "hospitals" }, "geometry": { "type": "Point", "coordinates": [ 72.9757418, 19.2346955 ] } },
{ "type": "Feature", "properties": { "element": "node", "id": 7055441837, "name": "G.M.Medical Centre - Khar", "category": "hospitals" }, "geometry": { "type": "Point", "coordinates": [ 72.8370246, 19.07045 ] } },
{ "type": "Feature", "properties": { "element": "node", "id": 7055460057, "name": "Tulip Womens Healthcare Centre - Khar (W)", "category": "hospitals" }, "geometry": { "type": "Point", "coordinates": [ 72.8319771, 19.0660316 ] } },
{ "type": "Feature", "properties": { "element": "node", "id": 7055463124, "name": "Bhaktivedanta Hospital", "category": "hospitals" }, "geometry": { "type": "Point", "coordinates": [ 72.8705335, 19.2700147 ] } },
{ "type": "Feature", "properties": { "element": "node", "id": 7055471178, "name": "Thane Eye Care Hospital", "category": "hospitals" }, "geometry": { "type": "Point", "coordinates": [ 72.9710193, 19.197209 ] } },
{ "type": "Feature", "properties": { "element": "node", "id": 7055476546, "name": "Mother Care Maternity and Surgical Nursing Home - Mumbai", "category": "hospitals" }, "geometry": { "type": "Point", "coordinates": [ 72.8468147, 19.1309793 ] } },
{ "type": "Feature", "properties": { "element": "node", "id": 7055590161, "name": "Parekh Eye Hospital", "category": "hospitals" }, "geometry": { "type": "Point", "coordinates": [ 72.8356392, 19.0554536 ] } },
{ "type": "Feature", "properties": { "element": "node", "id": 7055603466, "name": "Sai Aashirwad Hospital", "category": "hospitals" }, "geometry": { "type": "Point", "coordinates": [ 72.8635168, 19.2851499 ] } },
{ "type": "Feature", "properties": { "element": "node", "id": 7055723606, "name": "Dhanvantri Childrens Hospital", "category": "hospitals" }, "geometry": { "type": "Point", "coordinates": [ 72.9668181, 19.1984719 ] } },
{ "type": "Feature", "properties": { "element": "node", "id": 7055739367, "name": "Pushpa Maternity Home", "category": "hospitals" }, "geometry": { "type": "Point", "coordinates": [ 72.8230691, 19.1453506 ] } },
{ "type": "Feature", "properties": { "element": "node", "id": 7055749046, "name": "Kokan Hospital", "category": "hospitals" }, "geometry": { "type": "Point", "coordinates": [ 72.8654212, 19.1339758 ] } },
{ "type": "Feature", "properties": { "element": "node", "id": 7055759633, "name": "Ipc Heart Care", "category": "hospitals" }, "geometry": { "type": "Point", "coordinates": [ 72.8243351, 18.9925482 ] } },
{ "type": "Feature", "properties": { "element": "node", "id": 7055817020, "name": "Dr. Amar's Karkhanis Super- Speciality Hospital", "category": "hospitals" }, "geometry": { "type": "Point", "coordinates": [ 72.9752601, 19.2359255 ] } },
{ "type": "Feature", "properties": { "element": "node", "id": 7059172358, "name": "Anil Cancer Clinic", "category": "hospitals" }, "geometry": { "type": "Point", "coordinates": [ 72.9388078, 19.1681778 ] } },
{ "type": "Feature", "properties": { "element": "node", "id": 7059172378, "name": "Jain Eye Clinic", "category": "hospitals" }, "geometry": { "type": "Point", "coordinates": [ 72.9043186, 19.0796436 ] } },
{ "type": "Feature", "properties": { "element": "node", "id": 7059192085, "name": "Mandakini Nuclear Imaging Centre", "category": "hospitals" }, "geometry": { "type": "Point", "coordinates": [ 72.90572, 19.0741124 ] } },
{ "type": "Feature", "properties": { "element": "node", "id": 7059192086, "name": "M.H. Saboo Siddique Maternity and General Hospital - Masjid", "category": "hospitals" }, "geometry": { "type": "Point", "coordinates": [ 72.8331207, 18.9595979 ] } },
{ "type": "Feature", "properties": { "element": "node", "id": 7059215459, "name": "Chaitanya Child Care Centre", "category": "hospitals" }, "geometry": { "type": "Point", "coordinates": [ 73.0169338, 19.0420029 ] } },
{ "type": "Feature", "properties": { "element": "node", "id": 7062228611, "name": "I Sight Eyecare and Surgery", "category": "hospitals" }, "geometry": { "type": "Point", "coordinates": [ 72.8377193, 19.0713778 ] } },
{ "type": "Feature", "properties": { "element": "node", "id": 7062490980, "name": "Saarthi Hospital, Mumbai", "category": "hospitals" }, "geometry": { "type": "Point", "coordinates": [ 72.934857, 19.1467015 ] } },
{ "type": "Feature", "properties": { "element": "node", "id": 7062490982, "name": "Grace Maternity and Nursing Home - Kandivli (W)", "category": "hospitals" }, "geometry": { "type": "Point", "coordinates": [ 72.8384505, 19.2064788 ] } },
{ "type": "Feature", "properties": { "element": "node", "id": 7062497091, "name": "Platinum Hospitals", "category": "hospitals" }, "geometry": { "type": "Point", "coordinates": [ 72.9541553, 19.1828494 ] } },
{ "type": "Feature", "properties": { "element": "node", "id": 7062497092, "name": "Ramanand Hospital and Iccu", "category": "hospitals" }, "geometry": { "type": "Point", "coordinates": [ 72.9904442, 19.1964765 ] } },
{ "type": "Feature", "properties": { "element": "node", "id": 7062539947, "name": "Priya Maternity Home", "category": "hospitals" }, "geometry": { "type": "Point", "coordinates": [ 72.9306163, 19.1161551 ] } },
{ "type": "Feature", "properties": { "element": "node", "id": 7062712061, "name": "Sai Sparsh Maternity and Nursing Home", "category": "hospitals" }, "geometry": { "type": "Point", "coordinates": [ 72.8478874, 19.2176029 ] } },
{ "type": "Feature", "properties": { "element": "node", "id": 7062712062, "name": "Smt. Laxmiben Dharamsi Karsan Gala Eye Hospital", "category": "hospitals" }, "geometry": { "type": "Point", "coordinates": [ 72.8493437, 19.099527 ] } },
{ "type": "Feature", "properties": { "element": "node", "id": 7062712073, "name": "Risk Care Hospital and Iccu, Thane", "category": "hospitals" }, "geometry": { "type": "Point", "coordinates": [ 72.9882932, 19.1967127 ] } },
{ "type": "Feature", "properties": { "element": "node", "id": 7063077054, "name": "Aditi Hospital, Mumbai", "category": "hospitals" }, "geometry": { "type": "Point", "coordinates": [ 72.8460878, 19.1864928 ] } },
{ "type": "Feature", "properties": { "element": "node", "id": 7063077062, "name": "Sunita Hospital, Mumbai", "category": "hospitals" }, "geometry": { "type": "Point", "coordinates": [ 72.8601158, 19.1292206 ] } },
{ "type": "Feature", "properties": { "element": "node", "id": 7063077063, "name": "Dr Haresh Shah Prabhat Maternity and Surgical Nursing Home", "category": "hospitals" }, "geometry": { "type": "Point", "coordinates": [ 72.8397457, 19.0373922 ] } },
{ "type": "Feature", "properties": { "element": "node", "id": 7063077077, "name": "Doshi Nursing Home", "category": "hospitals" }, "geometry": { "type": "Point", "coordinates": [ 72.9047189, 19.0831721 ] } },
{ "type": "Feature", "properties": { "element": "node", "id": 7063805504, "name": "Sanghavi Eye and Diabetes Care Center", "category": "hospitals" }, "geometry": { "type": "Point", "coordinates": [ 72.8649987, 19.2483703 ] } },
{ "type": "Feature", "properties": { "element": "node", "id": 7063805509, "name": "Arihant Eye Care Centre, Borivali", "category": "hospitals" }, "geometry": { "type": "Point", "coordinates": [ 72.8559704, 19.237523 ] } },
{ "type": "Feature", "properties": { "element": "node", "id": 7063805560, "name": "Atul - Lok Hospital", "category": "hospitals" }, "geometry": { "type": "Point", "coordinates": [ 72.9344156, 19.1190712 ] } },
{ "type": "Feature", "properties": { "element": "node", "id": 7063805583, "name": "Zenith Hospital, Malad West", "category": "hospitals" }, "geometry": { "type": "Point", "coordinates": [ 72.8342687, 19.1950719 ] } },
{ "type": "Feature", "properties": { "element": "node", "id": 7063808889, "name": "Lions Club Of East Bombay", "category": "hospitals" }, "geometry": { "type": "Point", "coordinates": [ 72.8535792, 19.0254153 ] } },
{ "type": "Feature", "properties": { "element": "node", "id": 7063808926, "name": "Navkar Child Care Centre and Nursing Home", "category": "hospitals" }, "geometry": { "type": "Point", "coordinates": [ 72.8682885, 19.2182323 ] } },
{ "type": "Feature", "properties": { "element": "node", "id": 7064087335, "name": "Saraswati Hospital(Kandivali)", "category": "hospitals" }, "geometry": { "type": "Point", "coordinates": [ 72.8293919, 19.2203132 ] } },
{ "type": "Feature", "properties": { "element": "node", "id": 7064125733, "name": "Navjeewan Hospital", "category": "hospitals" }, "geometry": { "type": "Point", "coordinates": [ 72.9827088, 19.2288719 ] } },
{ "type": "Feature", "properties": { "element": "node", "id": 7064346350, "name": "KRYPTON Heritage Health Care", "category": "hospitals" }, "geometry": { "type": "Point", "coordinates": [ 72.9973564, 19.1475981 ] } },
{ "type": "Feature", "properties": { "element": "node", "id": 7064346355, "name": "Navjeevan Hospital", "category": "hospitals" }, "geometry": { "type": "Point", "coordinates": [ 72.998676, 19.0705622 ] } },
{ "type": "Feature", "properties": { "element": "node", "id": 7064364263, "name": "International Institute Of Sleep Sciences", "category": "hospitals" }, "geometry": { "type": "Point", "coordinates": [ 72.9688123, 19.1879462 ] } },
{ "type": "Feature", "properties": { "element": "node", "id": 7064364272, "name": "Worli Hospital For Women", "category": "hospitals" }, "geometry": { "type": "Point", "coordinates": [ 72.8225863, 19.0128124 ] } },
{ "type": "Feature", "properties": { "element": "node", "id": 7064400808, "name": "Dr. Tilwe Maternity and Nursing Home", "category": "hospitals" }, "geometry": { "type": "Point", "coordinates": [ 72.9999232, 19.0719742 ] } },
{ "type": "Feature", "properties": { "element": "node", "id": 7064405838, "name": "Dr Gupte Lying-In Surgical Hospital", "category": "hospitals" }, "geometry": { "type": "Point", "coordinates": [ 72.837659, 19.0716269 ] } },
{ "type": "Feature", "properties": { "element": "node", "id": 7064625319, "name": "Bilal Hospital I.C.U", "category": "hospitals" }, "geometry": { "type": "Point", "coordinates": [ 73.0291231, 19.1632399 ] } },
{ "type": "Feature", "properties": { "element": "node", "id": 7064683480, "name": "Dr.Apte Maternity and Nursing Home", "category": "hospitals" }, "geometry": { "type": "Point", "coordinates": [ 72.8388378, 19.1976487 ] } },
{ "type": "Feature", "properties": { "element": "node", "id": 7064716703, "name": "Shakuntala Memorial Surgical Childerns and General Hospital", "category": "hospitals" }, "geometry": { "type": "Point", "coordinates": [ 72.8625767, 19.1277787 ] } },
{ "type": "Feature", "properties": { "element": "node", "id": 7064867148, "name": "Sai Sparsh Hospital and Iccu", "category": "hospitals" }, "geometry": { "type": "Point", "coordinates": [ 72.9253297, 19.1432944 ] } },
{ "type": "Feature", "properties": { "element": "node", "id": 7064867159, "name": "K B Haji Bachooali Charitable Ophthalmic and E N T H", "category": "hospitals" }, "geometry": { "type": "Point", "coordinates": [ 72.8402299, 19.0030769 ] } },
{ "type": "Feature", "properties": { "element": "node", "id": 7064921237, "name": "Fracture Care Hospital and Diagnostic Centre", "category": "hospitals" }, "geometry": { "type": "Point", "coordinates": [ 72.8534102, 19.2229393 ] } },
{ "type": "Feature", "properties": { "element": "node", "id": 7065561525, "name": "Dr Chauhans Sanjeevani Hospital", "category": "hospitals" }, "geometry": { "type": "Point", "coordinates": [ 72.9047685, 19.0699633 ] } },
{ "type": "Feature", "properties": { "element": "node", "id": 7065572990, "name": "Dr. Joshi Surgical and Maternity Hospital", "category": "hospitals" }, "geometry": { "type": "Point", "coordinates": [ 72.8425607, 19.1126049 ] } },
{ "type": "Feature", "properties": { "element": "node", "id": 7065817369, "name": "Ami Drashti Eye Care Centre", "category": "hospitals" }, "geometry": { "type": "Point", "coordinates": [ 72.9039069, 19.0806727 ] } },
{ "type": "Feature", "properties": { "element": "node", "id": 7065817370, "name": "Satyam Multispeciality Hospital and Trauma Centre", "category": "hospitals" }, "geometry": { "type": "Point", "coordinates": [ 73.0046439, 19.0990443 ] } },
{ "type": "Feature", "properties": { "element": "node", "id": 7065820622, "name": "Sanjivni Hospital, Thane", "category": "hospitals" }, "geometry": { "type": "Point", "coordinates": [ 72.9984902, 19.1574092 ] } },
{ "type": "Feature", "properties": { "element": "node", "id": 7066371677, "name": "Parel Institute Of Orthopaedic Specialities", "category": "hospitals" }, "geometry": { "type": "Point", "coordinates": [ 72.8449465, 19.0056262 ] } },
{ "type": "Feature", "properties": { "element": "node", "id": 7066374601, "name": "Narurkar Ent Hospital", "category": "hospitals" }, "geometry": { "type": "Point", "coordinates": [ 72.9063436, 19.0494367 ] } },
{ "type": "Feature", "properties": { "element": "node", "id": 7066374648, "name": "Elite Hospital - Mumbai - Borivali (W)", "category": "hospitals" }, "geometry": { "type": "Point", "coordinates": [ 72.864587, 19.2394286 ] } },
{ "type": "Feature", "properties": { "element": "node", "id": 7066374709, "name": "Sushama Patkar Maternity ( and Surgical) Home - Bandra", "category": "hospitals" }, "geometry": { "type": "Point", "coordinates": [ 72.8246194, 19.053611 ] } },
{ "type": "Feature", "properties": { "element": "node", "id": 7066374795, "name": "Mandapeshwar Hospital and Clinics", "category": "hospitals" }, "geometry": { "type": "Point", "coordinates": [ 72.856122, 19.2374856 ] } },
{ "type": "Feature", "properties": { "element": "node", "id": 7066374806, "name": "Shivaani Mother and Child Care Hospital", "category": "hospitals" }, "geometry": { "type": "Point", "coordinates": [ 72.9390344, 19.1684046 ] } },
{ "type": "Feature", "properties": { "element": "node", "id": 7066374807, "name": "Purnima Hospital", "category": "hospitals" }, "geometry": { "type": "Point", "coordinates": [ 72.8607662, 19.2366619 ] } },
{ "type": "Feature", "properties": { "element": "node", "id": 7066374828, "name": "Diamond Maternity and General Hospital", "category": "hospitals" }, "geometry": { "type": "Point", "coordinates": [ 72.9423738, 19.1496936 ] } },
{ "type": "Feature", "properties": { "element": "node", "id": 7066497775, "name": "Vinayak Maternity and General Hospital", "category": "hospitals" }, "geometry": { "type": "Point", "coordinates": [ 72.8332024, 19.1946888 ] } },
{ "type": "Feature", "properties": { "element": "node", "id": 7066497782, "name": "Parulekar Maternity and Surgical Nursing Home - Mumbai", "category": "hospitals" }, "geometry": { "type": "Point", "coordinates": [ 72.8496706, 19.1322818 ] } },
{ "type": "Feature", "properties": { "element": "node", "id": 7066505685, "name": "Dr. Trivedi's Maternity Nursing Home & Aakar IVF Test Tube Baby Centre", "category": "hospitals" }, "geometry": { "type": "Point", "coordinates": [ 72.9058555, 19.0782709 ] } },
{ "type": "Feature", "properties": { "element": "node", "id": 7066505689, "name": "Apex Hospital", "category": "hospitals" }, "geometry": { "type": "Point", "coordinates": [ 72.8496417, 19.2317755 ] } },
{ "type": "Feature", "properties": { "element": "node", "id": 7066505690, "name": "Ashtavinayak Maternity Surgical and Eye Hospital", "category": "hospitals" }, "geometry": { "type": "Point", "coordinates": [ 72.8339642, 19.0202665 ] } },
{ "type": "Feature", "properties": { "element": "node", "id": 7066505693, "name": "Pramila Hospital", "category": "hospitals" }, "geometry": { "type": "Point", "coordinates": [ 72.9907112, 19.1971731 ] } },
{ "type": "Feature", "properties": { "element": "node", "id": 7066505700, "name": "Bombay City Eye Institute and Research Centre", "category": "hospitals" }, "geometry": { "type": "Point", "coordinates": [ 72.8095293, 18.9580372 ] } },
{ "type": "Feature", "properties": { "element": "node", "id": 7066505701, "name": "Medicare Hospital, Thane", "category": "hospitals" }, "geometry": { "type": "Point", "coordinates": [ 72.9630549, 19.2001032 ] } },
{ "type": "Feature", "properties": { "element": "node", "id": 7066505741, "name": "Shraddha Hospital, Mumbai", "category": "hospitals" }, "geometry": { "type": "Point", "coordinates": [ 72.8640988, 19.2534474 ] } },
{ "type": "Feature", "properties": { "element": "node", "id": 7066505743, "name": "Asmi Arthroscopy and Sports Medicine Institute", "category": "hospitals" }, "geometry": { "type": "Point", "coordinates": [ 72.8485903, 19.0051336 ] } },
{ "type": "Feature", "properties": { "element": "node", "id": 7066505750, "name": "Arya Womens Health Care Centre Surgical and Maternity Home", "category": "hospitals" }, "geometry": { "type": "Point", "coordinates": [ 72.8352108, 19.2069967 ] } },
{ "type": "Feature", "properties": { "element": "node", "id": 7066505804, "name": "Beramjis Hospital", "category": "hospitals" }, "geometry": { "type": "Point", "coordinates": [ 72.8182693, 18.9547128 ] } },
{ "type": "Feature", "properties": { "element": "node", "id": 7066505805, "name": "Dr Sonagra Medical and Surgical Centre", "category": "hospitals" }, "geometry": { "type": "Point", "coordinates": [ 72.9045278, 19.0875674 ] } },
{ "type": "Feature", "properties": { "element": "node", "id": 7066695543, "name": "G S B S Medical Trust", "category": "hospitals" }, "geometry": { "type": "Point", "coordinates": [ 72.8451866, 19.015612 ] } },
{ "type": "Feature", "properties": { "element": "node", "id": 7066865609, "name": "Gupte Maternity and Surgical Home", "category": "hospitals" }, "geometry": { "type": "Point", "coordinates": [ 72.8401695, 19.0346836 ] } },
{ "type": "Feature", "properties": { "element": "node", "id": 7067046120, "name": "Shri Uttam Hospital", "category": "hospitals" }, "geometry": { "type": "Point", "coordinates": [ 72.9615435, 19.2099361 ] } },
{ "type": "Feature", "properties": { "element": "node", "id": 7067050967, "name": "Ameya Orthopaedic Centre", "category": "hospitals" }, "geometry": { "type": "Point", "coordinates": [ 72.8547446, 19.24071 ] } },
{ "type": "Feature", "properties": { "element": "node", "id": 7067050974, "name": "Jeevan ram Hospital", "category": "hospitals" }, "geometry": { "type": "Point", "coordinates": [ 72.9067473, 19.0853723 ] } },
{ "type": "Feature", "properties": { "element": "node", "id": 7067050981, "name": "Vivek Pathology Laboratory", "category": "hospitals" }, "geometry": { "type": "Point", "coordinates": [ 72.8486849, 19.1022549 ] } },
{ "type": "Feature", "properties": { "element": "node", "id": 7067070262, "name": "Clear Vision Eye Center", "category": "hospitals" }, "geometry": { "type": "Point", "coordinates": [ 72.9052141, 19.0880578 ] } },
{ "type": "Feature", "properties": { "element": "node", "id": 7067093655, "name": "Shree Swami Samartha Netralaya", "category": "hospitals" }, "geometry": { "type": "Point", "coordinates": [ 72.9720712, 19.2027667 ] } },
{ "type": "Feature", "properties": { "element": "node", "id": 7067113507, "name": "Mohanlal Jivandas Hospital managed by Krishnai Hospital", "category": "hospitals" }, "geometry": { "type": "Point", "coordinates": [ 73.0005576, 19.0814104 ] } },
{ "type": "Feature", "properties": { "element": "node", "id": 7067113516, "name": "Jay Polyclinic Maternity Surgical Nursing Home and Eye Hospital", "category": "hospitals" }, "geometry": { "type": "Point", "coordinates": [ 72.8450726, 19.1849348 ] } },
{ "type": "Feature", "properties": { "element": "node", "id": 7067113540, "name": "Dr Gadgil Eye Clinic and Lasik Laser Centre", "category": "hospitals" }, "geometry": { "type": "Point", "coordinates": [ 72.9620062, 19.1993572 ] } },
{ "type": "Feature", "properties": { "element": "node", "id": 7067113558, "name": "Saurabh Clinic Dr.Sanjanwalas Maternity and Gynacologist", "category": "hospitals" }, "geometry": { "type": "Point", "coordinates": [ 72.8489169, 19.1096181 ] } },
{ "type": "Feature", "properties": { "element": "node", "id": 7067113594, "name": "Neoplus Criticare Children Hospital", "category": "hospitals" }, "geometry": { "type": "Point", "coordinates": [ 72.8406778, 19.228777 ] } },
{ "type": "Feature", "properties": { "element": "node", "id": 7067158386, "name": "Orbit Super Speciality Hospital", "category": "hospitals" }, "geometry": { "type": "Point", "coordinates": [ 72.8790066, 19.269064 ] } },
{ "type": "Feature", "properties": { "element": "node", "id": 7067231946, "name": "Eye Essential Hospital", "category": "hospitals" }, "geometry": { "type": "Point", "coordinates": [ 72.9085484, 19.0754851 ] } },
{ "type": "Feature", "properties": { "element": "node", "id": 7067373861, "name": "Despande Nursing Home", "category": "hospitals" }, "geometry": { "type": "Point", "coordinates": [ 72.8751061, 19.0704407 ] } },
{ "type": "Feature", "properties": { "element": "node", "id": 7067434808, "name": "Shanti Maternity Clinic", "category": "hospitals" }, "geometry": { "type": "Point", "coordinates": [ 72.9284638, 19.1476634 ] } },
{ "type": "Feature", "properties": { "element": "node", "id": 7067540680, "name": "Gokul Maternity & Surgical Home", "category": "hospitals" }, "geometry": { "type": "Point", "coordinates": [ 72.8794867, 19.121366 ] } },
{ "type": "Feature", "properties": { "element": "node", "id": 7067961276, "name": "Doctor M.I. Doongerwala", "category": "hospitals" }, "geometry": { "type": "Point", "coordinates": [ 72.8291899, 19.1455128 ] } },
{ "type": "Feature", "properties": { "element": "node", "id": 7068047593, "name": "Gosavi Hospital", "category": "hospitals" }, "geometry": { "type": "Point", "coordinates": [ 72.9401737, 18.8793259 ] } },
{ "type": "Feature", "properties": { "element": "node", "id": 7068096871, "name": "Sai Kripa Childrens Hospital", "category": "hospitals" }, "geometry": { "type": "Point", "coordinates": [ 72.8996381, 19.0606684 ] } },
{ "type": "Feature", "properties": { "element": "node", "id": 7068099987, "name": "Piyush Hospital", "category": "hospitals" }, "geometry": { "type": "Point", "coordinates": [ 72.8542954, 19.1352922 ] } },
{ "type": "Feature", "properties": { "element": "node", "id": 7068194958, "name": "Gade Hospital", "category": "hospitals" }, "geometry": { "type": "Point", "coordinates": [ 72.9394421, 18.8772765 ] } },
{ "type": "Feature", "properties": { "element": "node", "id": 7068194959, "name": "Indu Maternity and Surgical Nursing Home", "category": "hospitals" }, "geometry": { "type": "Point", "coordinates": [ 72.8624144, 19.127861 ] } },
{ "type": "Feature", "properties": { "element": "node", "id": 7068194982, "name": "Manawata Hospital and Smt Nalinighag Maternity", "category": "hospitals" }, "geometry": { "type": "Point", "coordinates": [ 72.9546422, 19.1868196 ] } },
{ "type": "Feature", "properties": { "element": "node", "id": 7068194983, "name": "Spectrum Health Care", "category": "hospitals" }, "geometry": { "type": "Point", "coordinates": [ 72.8275739, 18.923141 ] } },
{ "type": "Feature", "properties": { "element": "node", "id": 7068218607, "name": "Horizon Hospital", "category": "hospitals" }, "geometry": { "type": "Point", "coordinates": [ 72.9677092, 19.1872825 ] } },
{ "type": "Feature", "properties": { "element": "node", "id": 7068218612, "name": "Swastik Maternity and Surgical Hospital", "category": "hospitals" }, "geometry": { "type": "Point", "coordinates": [ 72.962088, 19.2101349 ] } },
{ "type": "Feature", "properties": { "element": "node", "id": 7068429399, "name": "Bses Mg Hospital (Managed By)Brahma Kumari Global Hospital and Res Center", "category": "hospitals" }, "geometry": { "type": "Point", "coordinates": [ 72.845019, 19.119331 ] } },
{ "type": "Feature", "properties": { "element": "node", "id": 7069569114, "name": "Ankur Maternity and Surgical Nursing Home", "category": "hospitals" }, "geometry": { "type": "Point", "coordinates": [ 72.9363066, 19.130945 ] } },
{ "type": "Feature", "properties": { "element": "node", "id": 7069569122, "name": "Dr. Uppal's Ent Hospital, Thane", "category": "hospitals" }, "geometry": { "type": "Point", "coordinates": [ 72.967146, 19.1983814 ] } },
{ "type": "Feature", "properties": { "element": "node", "id": 7069569174, "name": "Dr. Sapatnekar Hospital I.C.C.U and Polyclinic", "category": "hospitals" }, "geometry": { "type": "Point", "coordinates": [ 72.9687519, 19.1920468 ] } },
{ "type": "Feature", "properties": { "element": "node", "id": 7069632819, "name": "Devangi Hospital", "category": "hospitals" }, "geometry": { "type": "Point", "coordinates": [ 72.8498322, 19.1881001 ] } },
{ "type": "Feature", "properties": { "element": "node", "id": 7069790982, "name": "Dr. Muddebihalkar Hospital and Iccu", "category": "hospitals" }, "geometry": { "type": "Point", "coordinates": [ 72.9537385, 19.186815 ] } },
{ "type": "Feature", "properties": { "element": "node", "id": 7069814001, "name": "Nagori Clinic and Nursing Home", "category": "hospitals" }, "geometry": { "type": "Point", "coordinates": [ 72.8286038, 18.9685072 ] } },
{ "type": "Feature", "properties": { "element": "node", "id": 7069814015, "name": "Nandini Eye Care Centre", "category": "hospitals" }, "geometry": { "type": "Point", "coordinates": [ 72.8456949, 19.0605379 ] } },
{ "type": "Feature", "properties": { "element": "node", "id": 7069814052, "name": "Cumbala Hill Hospital and Heart Institute", "category": "hospitals" }, "geometry": { "type": "Point", "coordinates": [ 72.8087763, 18.9634974 ] } },
{ "type": "Feature", "properties": { "element": "node", "id": 7069927158, "name": "Senses Eye and Ent Hospital", "category": "hospitals" }, "geometry": { "type": "Point", "coordinates": [ 72.9731347, 19.2030934 ] } },
{ "type": "Feature", "properties": { "element": "node", "id": 7070050990, "name": "Eva Medicare Center - andheri", "category": "hospitals" }, "geometry": { "type": "Point", "coordinates": [ 72.8313719, 19.1274049 ] } },
{ "type": "Feature", "properties": { "element": "node", "id": 7070050992, "name": "Spectacles and Contact Lens Clinic", "category": "hospitals" }, "geometry": { "type": "Point", "coordinates": [ 72.8671995, 19.11132 ] } },
{ "type": "Feature", "properties": { "element": "node", "id": 7070054643, "name": "Sai Raj Hospital", "category": "hospitals" }, "geometry": { "type": "Point", "coordinates": [ 72.8485957, 18.9772251 ] } },
{ "type": "Feature", "properties": { "element": "node", "id": 7070054648, "name": "Sai Baba Hospital, Mumbai", "category": "hospitals" }, "geometry": { "type": "Point", "coordinates": [ 72.8960936, 19.0353486 ] } },
{ "type": "Feature", "properties": { "element": "node", "id": 7070136863, "name": "Dr. Nakhwa Hospital Maternity Sugical Nursing Home", "category": "hospitals" }, "geometry": { "type": "Point", "coordinates": [ 72.9413954, 18.8792758 ] } },
{ "type": "Feature", "properties": { "element": "node", "id": 7070157912, "name": "Shivam Eye Care Centre", "category": "hospitals" }, "geometry": { "type": "Point", "coordinates": [ 72.8610344, 19.231269 ] } },
{ "type": "Feature", "properties": { "element": "node", "id": 7070157951, "name": "Vedant Multispeciality Hospital and Research Centre", "category": "hospitals" }, "geometry": { "type": "Point", "coordinates": [ 72.9615355, 19.2090344 ] } },
{ "type": "Feature", "properties": { "element": "node", "id": 7070245120, "name": "Criticare Superspeciality Hospital", "category": "hospitals" }, "geometry": { "type": "Point", "coordinates": [ 72.9652409, 19.2017129 ] } },
{ "type": "Feature", "properties": { "element": "node", "id": 7070264519, "name": "Shilotri Hospital", "category": "hospitals" }, "geometry": { "type": "Point", "coordinates": [ 72.9832292, 19.2079224 ] } },
{ "type": "Feature", "properties": { "element": "node", "id": 7070354910, "name": "Bakul Parekh Children Hospital", "category": "hospitals" }, "geometry": { "type": "Point", "coordinates": [ 72.9038519, 19.0791429 ] } },
{ "type": "Feature", "properties": { "element": "node", "id": 7070711758, "name": "Shreedhar Hospital", "category": "hospitals" }, "geometry": { "type": "Point", "coordinates": [ 72.8337321, 19.0196086 ] } },
{ "type": "Feature", "properties": { "element": "node", "id": 7070737920, "name": "Elite Maternity Home and Polyclinic", "category": "hospitals" }, "geometry": { "type": "Point", "coordinates": [ 72.8470279, 19.1846986 ] } },
{ "type": "Feature", "properties": { "element": "node", "id": 7070857457, "name": "Dr. Parikhs Nursing Home and Iccu - Vashi", "category": "hospitals" }, "geometry": { "type": "Point", "coordinates": [ 72.9993036, 19.0738577 ] } },
{ "type": "Feature", "properties": { "element": "node", "id": 7070857458, "name": "Life Line Hospital and Diagnostics Pvt Ltd", "category": "hospitals" }, "geometry": { "type": "Point", "coordinates": [ 72.8379983, 19.0895432 ] } },
{ "type": "Feature", "properties": { "element": "node", "id": 7070857459, "name": "Sadhu-Kamal Eye Hospital", "category": "hospitals" }, "geometry": { "type": "Point", "coordinates": [ 72.8195715, 18.9661811 ] } },
{ "type": "Feature", "properties": { "element": "node", "id": 7070857468, "name": "Daycare Angels", "category": "hospitals" }, "geometry": { "type": "Point", "coordinates": [ 72.8895275, 19.0565342 ] } },
{ "type": "Feature", "properties": { "element": "node", "id": 7070857483, "name": "Shivam Netram Eye Hospital", "category": "hospitals" }, "geometry": { "type": "Point", "coordinates": [ 72.8430556, 19.1439215 ] } },
{ "type": "Feature", "properties": { "element": "node", "id": 7070859091, "name": "Nityanand Iccu and Nursing Home", "category": "hospitals" }, "geometry": { "type": "Point", "coordinates": [ 72.8484213, 19.1074601 ] } },
{ "type": "Feature", "properties": { "element": "node", "id": 7070859097, "name": "Khandwala Eye Hospital and Polyclinic", "category": "hospitals" }, "geometry": { "type": "Point", "coordinates": [ 72.8392227, 19.1031325 ] } },
{ "type": "Feature", "properties": { "element": "node", "id": 7070859098, "name": "Dr. Jairaj's Hospital", "category": "hospitals" }, "geometry": { "type": "Point", "coordinates": [ 73.0421519, 19.0253823 ] } },
{ "type": "Feature", "properties": { "element": "node", "id": 7070859101, "name": "Parvatibai Chavan Charitable Trust", "category": "hospitals" }, "geometry": { "type": "Point", "coordinates": [ 72.8365418, 19.2079921 ] } },
{ "type": "Feature", "properties": { "element": "node", "id": 7070859122, "name": "Royal Health Care Pvt Ltd", "category": "hospitals" }, "geometry": { "type": "Point", "coordinates": [ 72.8503847, 19.1871007 ] } },
{ "type": "Feature", "properties": { "element": "node", "id": 7070859138, "name": "Life Care Iccu , Medical and Surgical Emergencies", "category": "hospitals" }, "geometry": { "type": "Point", "coordinates": [ 72.8376684, 19.1095535 ] } },
{ "type": "Feature", "properties": { "element": "node", "id": 7072535182, "name": "Satyam Hospital", "category": "hospitals" }, "geometry": { "type": "Point", "coordinates": [ 72.9124309, 19.0924974 ] } },
{ "type": "Feature", "properties": { "element": "node", "id": 7072544607, "name": "National Hospital", "category": "hospitals" }, "geometry": { "type": "Point", "coordinates": [ 72.8615263, 19.2311682 ] } },
{ "type": "Feature", "properties": { "element": "node", "id": 7072544639, "name": "Rajpal Hospital and I.C.U.", "category": "hospitals" }, "geometry": { "type": "Point", "coordinates": [ 73.006162, 19.0995664 ] } },
{ "type": "Feature", "properties": { "element": "node", "id": 7072544640, "name": "Global 5 Health Care Centre", "category": "hospitals" }, "geometry": { "type": "Point", "coordinates": [ 72.9981503, 19.0797703 ] } },
{ "type": "Feature", "properties": { "element": "node", "id": 7072544642, "name": "Navjivan Global Heart Centre", "category": "hospitals" }, "geometry": { "type": "Point", "coordinates": [ 72.8584112, 19.2204968 ] } },
{ "type": "Feature", "properties": { "element": "node", "id": 7072544668, "name": "Zain Eye Care", "category": "hospitals" }, "geometry": { "type": "Point", "coordinates": [ 72.8278414, 18.9415002 ] } },
{ "type": "Feature", "properties": { "element": "node", "id": 7072801164, "name": "Sarla Hospital and Icu", "category": "hospitals" }, "geometry": { "type": "Point", "coordinates": [ 72.8367229, 19.0857328 ] } },
{ "type": "Feature", "properties": { "element": "node", "id": 7072826463, "name": "Anmmol Orthovision", "category": "hospitals" }, "geometry": { "type": "Point", "coordinates": [ 72.9470327, 19.1864066 ] } },
{ "type": "Feature", "properties": { "element": "node", "id": 7072837154, "name": "Hinduja Healthcare", "category": "hospitals" }, "geometry": { "type": "Point", "coordinates": [ 72.8353534, 19.0679055 ] } },
{ "type": "Feature", "properties": { "element": "node", "id": 7073099556, "name": "Diamond Hospital", "category": "hospitals" }, "geometry": { "type": "Point", "coordinates": [ 72.8435008, 19.139644 ] } },
{ "type": "Feature", "properties": { "element": "node", "id": 7073438339, "name": "Dr. Babres Hospital", "category": "hospitals" }, "geometry": { "type": "Point", "coordinates": [ 72.9374519, 18.8799477 ] } },
{ "type": "Feature", "properties": { "element": "node", "id": 7073438340, "name": "Patoriya Eye Hospital", "category": "hospitals" }, "geometry": { "type": "Point", "coordinates": [ 73.0211227, 19.0250793 ] } },
{ "type": "Feature", "properties": { "element": "node", "id": 7073438341, "name": "Noble Hospital, Mumbai", "category": "hospitals" }, "geometry": { "type": "Point", "coordinates": [ 72.8392328, 19.2063698 ] } },
{ "type": "Feature", "properties": { "element": "node", "id": 7073537693, "name": "Dr.Redkar's Maternity and Nursing Home", "category": "hospitals" }, "geometry": { "type": "Point", "coordinates": [ 72.9467753, 19.1820019 ] } },
{ "type": "Feature", "properties": { "element": "node", "id": 7073537755, "name": "The Metropolitan Heart Institute and Research Centre", "category": "hospitals" }, "geometry": { "type": "Point", "coordinates": [ 72.9070102, 19.0889539 ] } },
{ "type": "Feature", "properties": { "element": "node", "id": 7073537767, "name": "Vishwa Kripa Hospital", "category": "hospitals" }, "geometry": { "type": "Point", "coordinates": [ 72.8518874, 19.1668553 ] } },
{ "type": "Feature", "properties": { "element": "node", "id": 7073537782, "name": "Sunny Childrens Hospital", "category": "hospitals" }, "geometry": { "type": "Point", "coordinates": [ 72.8978303, 19.0528644 ] } },
{ "type": "Feature", "properties": { "element": "node", "id": 7073651578, "name": "Rg Stone Urology and Laparoscopy Hospital, Mumbai", "category": "hospitals" }, "geometry": { "type": "Point", "coordinates": [ 72.8364225, 19.1366428 ] } },
{ "type": "Feature", "properties": { "element": "node", "id": 7073672865, "name": "Dr.Pai Dhungat Maternity and Nursing Home", "category": "hospitals" }, "geometry": { "type": "Point", "coordinates": [ 72.8229122, 18.9571912 ] } },
{ "type": "Feature", "properties": { "element": "node", "id": 7073700259, "name": "Sai Dham Hospital", "category": "hospitals" }, "geometry": { "type": "Point", "coordinates": [ 72.9561107, 19.2062286 ] } },
{ "type": "Feature", "properties": { "element": "node", "id": 7073765630, "name": "Dr A K Chandiramani Hospital", "category": "hospitals" }, "geometry": { "type": "Point", "coordinates": [ 72.8358504, 19.062597 ] } },
{ "type": "Feature", "properties": { "element": "node", "id": 7073765631, "name": "Parmar Hospital", "category": "hospitals" }, "geometry": { "type": "Point", "coordinates": [ 72.8620175, 19.2299407 ] } },
{ "type": "Feature", "properties": { "element": "node", "id": 7073827666, "name": "Param Hospital and Icu", "category": "hospitals" }, "geometry": { "type": "Point", "coordinates": [ 72.977051, 19.2112775 ] } },
{ "type": "Feature", "properties": { "element": "node", "id": 7073879390, "name": "Om Children Maternity and Surgical Nursing Home", "category": "hospitals" }, "geometry": { "type": "Point", "coordinates": [ 72.9515509, 19.1874244 ] } },
{ "type": "Feature", "properties": { "element": "node", "id": 7073888628, "name": "Koshti Maternity and Surgical Hospital", "category": "hospitals" }, "geometry": { "type": "Point", "coordinates": [ 72.9718787, 19.1967925 ] } },
{ "type": "Feature", "properties": { "element": "node", "id": 7073888629, "name": "Anjali Maternity and Surgical Hospital - Mulund", "category": "hospitals" }, "geometry": { "type": "Point", "coordinates": [ 72.9460879, 19.1755267 ] } },
{ "type": "Feature", "properties": { "element": "node", "id": 7073895614, "name": "Akanksha Maternity and Surgical Hospital", "category": "hospitals" }, "geometry": { "type": "Point", "coordinates": [ 72.8269772, 19.1285722 ] } },
{ "type": "Feature", "properties": { "element": "node", "id": 7073944650, "name": "Lotus Multispeciality Hospital and Icu", "category": "hospitals" }, "geometry": { "type": "Point", "coordinates": [ 73.0014119, 19.0787817 ] } },
{ "type": "Feature", "properties": { "element": "node", "id": 7073944671, "name": "Smt. Kamladevi Gauridutt Mittal Ayurvedic Hospital", "category": "hospitals" }, "geometry": { "type": "Point", "coordinates": [ 72.8201012, 18.9498421 ] } },
{ "type": "Feature", "properties": { "element": "node", "id": 7073944677, "name": "Maauli Hospital", "category": "hospitals" }, "geometry": { "type": "Point", "coordinates": [ 72.9287884, 19.1482633 ] } },
{ "type": "Feature", "properties": { "element": "node", "id": 7073949849, "name": "Samyak Drishti Eye Centre", "category": "hospitals" }, "geometry": { "type": "Point", "coordinates": [ 72.8133488, 18.9563909 ] } },
{ "type": "Feature", "properties": { "element": "node", "id": 7073949850, "name": "Jai Ambe Poly Clinic Nursing Home and Maternity Hospital", "category": "hospitals" }, "geometry": { "type": "Point", "coordinates": [ 72.873158, 19.2520161 ] } },
{ "type": "Feature", "properties": { "element": "node", "id": 7073949856, "name": "Shree Prathamesh Hospital", "category": "hospitals" }, "geometry": { "type": "Point", "coordinates": [ 72.9613289, 19.2102274 ] } },
{ "type": "Feature", "properties": { "element": "node", "id": 7073949862, "name": "Dhiraj Hospital", "category": "hospitals" }, "geometry": { "type": "Point", "coordinates": [ 72.8553495, 19.2025146 ] } },
{ "type": "Feature", "properties": { "element": "node", "id": 7073949867, "name": "Criti Care Iccu, Multispeciality and Trauma Centre", "category": "hospitals" }, "geometry": { "type": "Point", "coordinates": [ 72.9950698, 19.1483963 ] } },
{ "type": "Feature", "properties": { "element": "node", "id": 7073949883, "name": "Paramount General Hospital and ICU", "category": "hospitals" }, "geometry": { "type": "Point", "coordinates": [ 72.886899, 19.1038168 ] } },
{ "type": "Feature", "properties": { "element": "node", "id": 7073949902, "name": "Apex Kidney Care Pvt. Ltd (Mira Road)", "category": "hospitals" }, "geometry": { "type": "Point", "coordinates": [ 72.8365955, 19.1878962 ] } },
{ "type": "Feature", "properties": { "element": "node", "id": 7073949916, "name": "Shreeji Kripa Surgical Center Icu and Nursing Home", "category": "hospitals" }, "geometry": { "type": "Point", "coordinates": [ 72.8475013, 19.2149992 ] } },
{ "type": "Feature", "properties": { "element": "node", "id": 7073961725, "name": "Paramount General Hospital and ICCU", "category": "hospitals" }, "geometry": { "type": "Point", "coordinates": [ 72.8870398, 19.103614 ] } },
{ "type": "Feature", "properties": { "element": "node", "id": 7074541572, "name": "Shushrusha Hospital, Thane", "category": "hospitals" }, "geometry": { "type": "Point", "coordinates": [ 73.0404527, 19.2721428 ] } },
{ "type": "Feature", "properties": { "element": "node", "id": 7074541583, "name": "Sankalp Eye Care Centre", "category": "hospitals" }, "geometry": { "type": "Point", "coordinates": [ 72.8313598, 18.9893399 ] } },
{ "type": "Feature", "properties": { "element": "node", "id": 7074541584, "name": "Netra Mandir", "category": "hospitals" }, "geometry": { "type": "Point", "coordinates": [ 72.8549686, 19.2420427 ] } },
{ "type": "Feature", "properties": { "element": "node", "id": 7074576485, "name": "Dr. Shindes Childrens Hospital and Nicu", "category": "hospitals" }, "geometry": { "type": "Point", "coordinates": [ 72.8501849, 19.136651 ] } },
{ "type": "Feature", "properties": { "element": "node", "id": 7076367516, "name": "Shree Krishna Hospital", "category": "hospitals" }, "geometry": { "type": "Point", "coordinates": [ 72.8460167, 19.1998183 ] } },
{ "type": "Feature", "properties": { "element": "node", "id": 7076379914, "name": "SRL Diagnostics Andheri (MIDC)", "category": "hospitals" }, "geometry": { "type": "Point", "coordinates": [ 72.8736167, 19.1176805 ] } },
{ "type": "Feature", "properties": { "element": "node", "id": 7076379938, "name": "Narendra Hospital, Mumbai", "category": "hospitals" }, "geometry": { "type": "Point", "coordinates": [ 72.8629918, 19.2304503 ] } },
{ "type": "Feature", "properties": { "element": "node", "id": 7076529384, "name": "Laxmi Clinic - Kandivli - (Mumbai)", "category": "hospitals" }, "geometry": { "type": "Point", "coordinates": [ 72.8546427, 19.2018573 ] } },
{ "type": "Feature", "properties": { "element": "node", "id": 7076557583, "name": "Pandya Surgical and Maternity Hospital", "category": "hospitals" }, "geometry": { "type": "Point", "coordinates": [ 72.853079, 19.2330886 ] } },
{ "type": "Feature", "properties": { "element": "node", "id": 7076609444, "name": "Life Line Medicare Hospital Pvt Ltd", "category": "hospitals" }, "geometry": { "type": "Point", "coordinates": [ 72.8443739, 19.174305 ] } },
{ "type": "Feature", "properties": { "element": "node", "id": 7079392099, "name": "Dr. Rane hospital maternity & surgical", "category": "hospitals" }, "geometry": { "type": "Point", "coordinates": [ 72.849741, 19.0942526 ] } },
{ "type": "Feature", "properties": { "element": "node", "id": 7079392136, "name": "Gokul Hospital, Mumbai", "category": "hospitals" }, "geometry": { "type": "Point", "coordinates": [ 72.8651141, 19.2105098 ] } },
{ "type": "Feature", "properties": { "element": "node", "id": 7079392138, "name": "Jugura Hospital - Thane", "category": "hospitals" }, "geometry": { "type": "Point", "coordinates": [ 72.8604738, 19.2980117 ] } },
{ "type": "Feature", "properties": { "element": "node", "id": 7079411379, "name": "Dr.Mahajan Hospital and Industrial Trauma Center", "category": "hospitals" }, "geometry": { "type": "Point", "coordinates": [ 73.0016197, 19.1452581 ] } },
{ "type": "Feature", "properties": { "element": "node", "id": 7079411415, "name": "Vishwanath Hospital, Mumbai", "category": "hospitals" }, "geometry": { "type": "Point", "coordinates": [ 72.8676447, 19.2442338 ] } },
{ "type": "Feature", "properties": { "element": "node", "id": 7079665691, "name": "Shobha Maternity and Surgical Home", "category": "hospitals" }, "geometry": { "type": "Point", "coordinates": [ 72.8549686, 19.0120922 ] } },
{ "type": "Feature", "properties": { "element": "node", "id": 7079665692, "name": "Sadanand Danait Hospital", "category": "hospitals" }, "geometry": { "type": "Point", "coordinates": [ 72.8483811, 19.1107257 ] } },
{ "type": "Feature", "properties": { "element": "node", "id": 7079665770, "name": "Netrapuja Research Centre", "category": "hospitals" }, "geometry": { "type": "Point", "coordinates": [ 72.8367417, 19.0880071 ] } },
{ "type": "Feature", "properties": { "element": "node", "id": 7080141268, "name": "Sapna Health Care Centre Pvt Ltd", "category": "hospitals" }, "geometry": { "type": "Point", "coordinates": [ 72.9123692, 19.0921146 ] } },
{ "type": "Feature", "properties": { "element": "node", "id": 7080141269, "name": "Smt.Laxmiben Dhanji Devshi Health Centre", "category": "hospitals" }, "geometry": { "type": "Point", "coordinates": [ 72.8383537, 18.9592421 ] } },
{ "type": "Feature", "properties": { "element": "node", "id": 7080205211, "name": "Cg Eye Foundaton and Shree Ghatkopar Brahman Samaj", "category": "hospitals" }, "geometry": { "type": "Point", "coordinates": [ 72.9057965, 19.0814154 ] } },
{ "type": "Feature", "properties": { "element": "node", "id": 7080205222, "name": "Gynaecworld", "category": "hospitals" }, "geometry": { "type": "Point", "coordinates": [ 72.8078722, 18.9639954 ] } },
{ "type": "Feature", "properties": { "element": "node", "id": 7080205226, "name": "Dr.Ronak Prakash Bhandari", "category": "hospitals" }, "geometry": { "type": "Point", "coordinates": [ 72.8331435, 19.1953512 ] } },
{ "type": "Feature", "properties": { "element": "node", "id": 7080205265, "name": "Dr Shah Hospital", "category": "hospitals" }, "geometry": { "type": "Point", "coordinates": [ 72.8485105, 19.1373264 ] } },
{ "type": "Feature", "properties": { "element": "node", "id": 7080229647, "name": "Millennium Life Line Hospital and Research Centre", "category": "hospitals" }, "geometry": { "type": "Point", "coordinates": [ 73.0143441, 19.0599009 ] } },
{ "type": "Feature", "properties": { "element": "node", "id": 7080269623, "name": "Pooja Hospital, Thane", "category": "hospitals" }, "geometry": { "type": "Point", "coordinates": [ 72.9567289, 19.1912704 ] } },
{ "type": "Feature", "properties": { "element": "node", "id": 7080269652, "name": "Ashwini Accident Hospital and Poly Clinic", "category": "hospitals" }, "geometry": { "type": "Point", "coordinates": [ 72.8427344, 19.0363697 ] } },
{ "type": "Feature", "properties": { "element": "node", "id": 7080269989, "name": "Ashish Maternity and Nursing Home - Vile Parle (E)", "category": "hospitals" }, "geometry": { "type": "Point", "coordinates": [ 72.847386, 19.0970597 ] } },
{ "type": "Feature", "properties": { "element": "node", "id": 7080413752, "name": "Tandon Hospital", "category": "hospitals" }, "geometry": { "type": "Point", "coordinates": [ 72.8996768, 19.0597001 ] } },
{ "type": "Feature", "properties": { "element": "node", "id": 7080878125, "name": "Radiance Laser Vision Centre", "category": "hospitals" }, "geometry": { "type": "Point", "coordinates": [ 72.8376549, 19.0828996 ] } },
{ "type": "Feature", "properties": { "element": "node", "id": 7081965757, "name": "Vision Laser Surgery Centre", "category": "hospitals" }, "geometry": { "type": "Point", "coordinates": [ 72.8238114, 19.0520436 ] } },
{ "type": "Feature", "properties": { "element": "node", "id": 7082352476, "name": "Orhtocare Hospital", "category": "hospitals" }, "geometry": { "type": "Point", "coordinates": [ 72.9714315, 19.1972206 ] } },
{ "type": "Feature", "properties": { "element": "node", "id": 7082370226, "name": "Dr Sanjay Soni Dental Clinic", "category": "hospitals" }, "geometry": { "type": "Point", "coordinates": [ 72.8356406, 19.1069165 ] } },
{ "type": "Feature", "properties": { "element": "node", "id": 7082370250, "name": "Parijat Surgical and General Hospital", "category": "hospitals" }, "geometry": { "type": "Point", "coordinates": [ 72.832253, 19.1284059 ] } },
{ "type": "Feature", "properties": { "element": "node", "id": 7082499112, "name": "Crystal Hospitals", "category": "hospitals" }, "geometry": { "type": "Point", "coordinates": [ 72.8575087, 19.2246868 ] } },
{ "type": "Feature", "properties": { "element": "node", "id": 7082499140, "name": "Shree Eye Hospital", "category": "hospitals" }, "geometry": { "type": "Point", "coordinates": [ 72.976079, 19.2322347 ] } },
{ "type": "Feature", "properties": { "element": "node", "id": 7082499146, "name": "Shree Ramnath Eye Care", "category": "hospitals" }, "geometry": { "type": "Point", "coordinates": [ 72.8436054, 19.0918193 ] } },
{ "type": "Feature", "properties": { "element": "node", "id": 7082518991, "name": "Society Of The Helpers Of Mary Shraddha Vihar Hospital", "category": "hospitals" }, "geometry": { "type": "Point", "coordinates": [ 72.8381807, 19.1352453 ] } },
{ "type": "Feature", "properties": { "element": "node", "id": 7082579559, "name": "Veena Nagar Health Care Center and Hospital", "category": "hospitals" }, "geometry": { "type": "Point", "coordinates": [ 72.9422598, 19.1748655 ] } },
{ "type": "Feature", "properties": { "element": "node", "id": 7082623483, "name": "Shah Fracture-Orthopaedic Hospital", "category": "hospitals" }, "geometry": { "type": "Point", "coordinates": [ 72.8449076, 19.1921424 ] } },
{ "type": "Feature", "properties": { "element": "node", "id": 7082628640, "name": "Dr. Simandhar's Eye Care Centre", "category": "hospitals" }, "geometry": { "type": "Point", "coordinates": [ 72.9545698, 19.2073912 ] } },
{ "type": "Feature", "properties": { "element": "node", "id": 7082650582, "name": "Sai Krupa Drushti Eye Hospital", "category": "hospitals" }, "geometry": { "type": "Point", "coordinates": [ 72.9401824, 18.8781343 ] } },
{ "type": "Feature", "properties": { "element": "node", "id": 7082733154, "name": "Nachiketa Health Care Center", "category": "hospitals" }, "geometry": { "type": "Point", "coordinates": [ 72.9050951, 19.0887333 ] } },
{ "type": "Feature", "properties": { "element": "node", "id": 7082733170, "name": "Shree Hospital", "category": "hospitals" }, "geometry": { "type": "Point", "coordinates": [ 72.9405954, 18.8791457 ] } },
{ "type": "Feature", "properties": { "element": "node", "id": 7082733171, "name": "Sanghvi Clinic", "category": "hospitals" }, "geometry": { "type": "Point", "coordinates": [ 72.8230771, 19.1455229 ] } },
{ "type": "Feature", "properties": { "element": "node", "id": 7082733172, "name": "Anudhiti Care", "category": "hospitals" }, "geometry": { "type": "Point", "coordinates": [ 72.8145584, 18.9734559 ] } },
{ "type": "Feature", "properties": { "element": "node", "id": 7082738898, "name": "Amar Jyot Eye Care Centre", "category": "hospitals" }, "geometry": { "type": "Point", "coordinates": [ 72.9074769, 19.0887777 ] } },
{ "type": "Feature", "properties": { "element": "node", "id": 7082738921, "name": "M.S.Maternity and General Hospital", "category": "hospitals" }, "geometry": { "type": "Point", "coordinates": [ 72.9321921, 19.1473676 ] } },
{ "type": "Feature", "properties": { "element": "node", "id": 7083190122, "name": "Abhishek Day Care Institute and Medical Research Centre", "category": "hospitals" }, "geometry": { "type": "Point", "coordinates": [ 72.8275497, 18.9230674 ] } },
{ "type": "Feature", "properties": { "element": "node", "id": 7083324261, "name": "Uma Maternity Nursing Home", "category": "hospitals" }, "geometry": { "type": "Point", "coordinates": [ 72.8702196, 19.1297337 ] } },
{ "type": "Feature", "properties": { "element": "node", "id": 7085422788, "name": "Sai Hospital, Mumbai", "category": "hospitals" }, "geometry": { "type": "Point", "coordinates": [ 72.9370737, 19.1166953 ] } },
{ "type": "Feature", "properties": { "element": "node", "id": 7085422809, "name": "Apex Kidney Care Pvt. Ltd.", "category": "hospitals" }, "geometry": { "type": "Point", "coordinates": [ 72.8948718, 19.0611444 ] } },
{ "type": "Feature", "properties": { "element": "node", "id": 7085731347, "name": "Jeevandeep Children Hospital, Mumbai", "category": "hospitals" }, "geometry": { "type": "Point", "coordinates": [ 72.905198, 19.0881256 ] } },
{ "type": "Feature", "properties": { "element": "node", "id": 7085742085, "name": "Zen Eye Center", "category": "hospitals" }, "geometry": { "type": "Point", "coordinates": [ 72.8343692, 19.0721453 ] } },
{ "type": "Feature", "properties": { "element": "node", "id": 7085742097, "name": "Aaditya Netralaya", "category": "hospitals" }, "geometry": { "type": "Point", "coordinates": [ 72.9594333, 19.1691361 ] } },
{ "type": "Feature", "properties": { "element": "node", "id": 7085742119, "name": "Shraddha Orthopedic and Surgical Hospital", "category": "hospitals" }, "geometry": { "type": "Point", "coordinates": [ 72.8558276, 19.1907321 ] } },
{ "type": "Feature", "properties": { "element": "node", "id": 7085742120, "name": "Iris Eye Center", "category": "hospitals" }, "geometry": { "type": "Point", "coordinates": [ 72.8358773, 19.1069728 ] } },
{ "type": "Feature", "properties": { "element": "node", "id": 7085988144, "name": "Ashtavinayak Hospital & Swami Samarth Health Clinic", "category": "hospitals" }, "geometry": { "type": "Point", "coordinates": [ 72.8650416, 19.2345359 ] } },
{ "type": "Feature", "properties": { "element": "node", "id": 7085988150, "name": "Aditya Orthopedic Hospital", "category": "hospitals" }, "geometry": { "type": "Point", "coordinates": [ 72.977964, 19.2135618 ] } },
{ "type": "Feature", "properties": { "element": "node", "id": 7085988157, "name": "Lifeline Hospital, Mumbai", "category": "hospitals" }, "geometry": { "type": "Point", "coordinates": [ 72.8466564, 19.1936338 ] } },
{ "type": "Feature", "properties": { "element": "node", "id": 7085988158, "name": "Lifeline Hospital, Mumbai", "category": "hospitals" }, "geometry": { "type": "Point", "coordinates": [ 72.8479251, 19.1901083 ] } },
{ "type": "Feature", "properties": { "element": "node", "id": 7086092351, "name": "Apex Kidney Care (Dialysisnetworks)", "category": "hospitals" }, "geometry": { "type": "Point", "coordinates": [ 72.9537423, 19.1737818 ] } },
{ "type": "Feature", "properties": { "element": "node", "id": 7086092369, "name": "Al-Falah Health Care", "category": "hospitals" }, "geometry": { "type": "Point", "coordinates": [ 72.8589047, 19.2907702 ] } },
{ "type": "Feature", "properties": { "element": "node", "id": 7086092370, "name": "Prakruti Hospital", "category": "hospitals" }, "geometry": { "type": "Point", "coordinates": [ 72.9919088, 19.1968027 ] } },
{ "type": "Feature", "properties": { "element": "node", "id": 7086283489, "name": "Dr Phadkes Maternity and Surgical Hospital", "category": "hospitals" }, "geometry": { "type": "Point", "coordinates": [ 72.8696693, 19.132605 ] } },
{ "type": "Feature", "properties": { "element": "node", "id": 7086283490, "name": "Varad Medical Centre", "category": "hospitals" }, "geometry": { "type": "Point", "coordinates": [ 72.8274786, 19.0146877 ] } },
{ "type": "Feature", "properties": { "element": "node", "id": 7086409774, "name": "Icon The Eye Consultants Eye and Laser Centre", "category": "hospitals" }, "geometry": { "type": "Point", "coordinates": [ 72.8498315, 19.0230349 ] } },
{ "type": "Feature", "properties": { "element": "node", "id": 7086409775, "name": "Vertex Hospital", "category": "hospitals" }, "geometry": { "type": "Point", "coordinates": [ 72.9425508, 19.1809728 ] } },
{ "type": "Feature", "properties": { "element": "node", "id": 7086516380, "name": "Mauli Hospital, Mumbai", "category": "hospitals" }, "geometry": { "type": "Point", "coordinates": [ 72.8648673, 19.2422117 ] } },
{ "type": "Feature", "properties": { "element": "node", "id": 7086532343, "name": "AR Hospital Orthopaedic & ICU", "category": "hospitals" }, "geometry": { "type": "Point", "coordinates": [ 72.846468, 19.1836916 ] } },
{ "type": "Feature", "properties": { "element": "node", "id": 7086532370, "name": "Goel Hospital", "category": "hospitals" }, "geometry": { "type": "Point", "coordinates": [ 72.8642115, 19.1100591 ] } },
{ "type": "Feature", "properties": { "element": "node", "id": 7086566892, "name": "Modi Hospital - Thane", "category": "hospitals" }, "geometry": { "type": "Point", "coordinates": [ 72.9459263, 19.1888518 ] } },
{ "type": "Feature", "properties": { "element": "node", "id": 7086734179, "name": "Infiniti Eye Hospital", "category": "hospitals" }, "geometry": { "type": "Point", "coordinates": [ 72.8116241, 18.9654379 ] } },
{ "type": "Feature", "properties": { "element": "node", "id": 7086758044, "name": "Lifecare Hospital", "category": "hospitals" }, "geometry": { "type": "Point", "coordinates": [ 72.8574979, 19.0466757 ] } },
{ "type": "Feature", "properties": { "element": "node", "id": 7087131445, "name": "Dr. Dipak Desai's Ear Nose and Throat Hospital", "category": "hospitals" }, "geometry": { "type": "Point", "coordinates": [ 72.9049838, 19.0824839 ] } },
{ "type": "Feature", "properties": { "element": "node", "id": 7087131468, "name": "Prarushi Healthcare Pvt Ltd / Kusumesh Chandra Maternity Hospital", "category": "hospitals" }, "geometry": { "type": "Point", "coordinates": [ 72.881615, 19.0626503 ] } },
{ "type": "Feature", "properties": { "element": "node", "id": 7087131476, "name": "Dr. Mehta's Maternity Home", "category": "hospitals" }, "geometry": { "type": "Point", "coordinates": [ 72.85981, 19.2375647 ] } },
{ "type": "Feature", "properties": { "element": "node", "id": 7087491721, "name": "Prarthana Hospital And ICU", "category": "hospitals" }, "geometry": { "type": "Point", "coordinates": [ 72.8351136, 19.1631829 ] } },
{ "type": "Feature", "properties": { "element": "node", "id": 7087636852, "name": "Shree Nagesh Childrens Hospital", "category": "hospitals" }, "geometry": { "type": "Point", "coordinates": [ 72.8287527, 19.2150866 ] } },
{ "type": "Feature", "properties": { "element": "node", "id": 7087636862, "name": "Jyotimay Eye Hospital", "category": "hospitals" }, "geometry": { "type": "Point", "coordinates": [ 72.9743792, 19.2036861 ] } },
{ "type": "Feature", "properties": { "element": "node", "id": 7206288300, "name": "Dawood Multispeciality Nursing Home", "category": "hospitals" }, "geometry": { "type": "Point", "coordinates": [ 72.8289157, 18.9666435 ] } },
{ "type": "Feature", "properties": { "element": "node", "id": 7207893889, "name": "Tibbia Hospital", "category": "hospitals" }, "geometry": { "type": "Point", "coordinates": [ 72.8284384, 18.966675 ] } },
{ "type": "Feature", "properties": { "element": "node", "id": 7207893890, "name": "Noor Hospital", "category": "hospitals" }, "geometry": { "type": "Point", "coordinates": [ 72.8334612, 18.9538884 ] } },
{ "type": "Feature", "properties": { "element": "node", "id": 7207893891, "name": null, "category": "hospitals" }, "geometry": { "type": "Point", "coordinates": [ 72.8345389, 18.9456103 ] } },
{ "type": "Feature", "properties": { "element": "node", "id": 7210907978, "name": "Mangalmurti Hospital", "category": "hospitals" }, "geometry": { "type": "Point", "coordinates": [ 72.8213186, 19.1941028 ] } },
{ "type": "Feature", "properties": { "element": "node", "id": 7213475575, "name": "Lifeline Hospital Thane", "category": "hospitals" }, "geometry": { "type": "Point", "coordinates": [ 72.9722268, 19.2026156 ] } },
{ "type": "Feature", "properties": { "element": "node", "id": 7213516594, "name": "Bhadkamkar Hospital", "category": "hospitals" }, "geometry": { "type": "Point", "coordinates": [ 72.9812577, 19.1949206 ] } },
{ "type": "Feature", "properties": { "element": "node", "id": 7225067112, "name": "Kalina Hospital", "category": "hospitals" }, "geometry": { "type": "Point", "coordinates": [ 72.86302, 19.078004 ] } },
{ "type": "Feature", "properties": { "element": "node", "id": 7225067115, "name": "Government Hospital Anjur", "category": "hospitals" }, "geometry": { "type": "Point", "coordinates": [ 73.0457007, 19.2203899 ] } },
{ "type": "Feature", "properties": { "element": "node", "id": 7225067144, "name": "Kasturba Hospital", "category": "hospitals" }, "geometry": { "type": "Point", "coordinates": [ 72.830035, 18.98419 ] } },
{ "type": "Feature", "properties": { "element": "node", "id": 7225067148, "name": null, "category": "hospitals" }, "geometry": { "type": "Point", "coordinates": [ 72.9013145, 19.0786832 ] } },
{ "type": "Feature", "properties": { "element": "node", "id": 7225067153, "name": "ESIS Hospital WORLI", "category": "hospitals" }, "geometry": { "type": "Point", "coordinates": [ 72.816903, 19.0017314 ] } },
{ "type": "Feature", "properties": { "element": "node", "id": 7225067156, "name": "Pandurangawadi Health Post", "category": "hospitals" }, "geometry": { "type": "Point", "coordinates": [ 72.8517554, 19.1720375 ] } },
{ "type": "Feature", "properties": { "element": "node", "id": 7225067170, "name": "Marol Maternity Home", "category": "hospitals" }, "geometry": { "type": "Point", "coordinates": [ 72.8781592, 19.1108771 ] } },
{ "type": "Feature", "properties": { "element": "node", "id": 7225067179, "name": "Matoshri Ramabai Ambedkar Maternity Hospital", "category": "hospitals" }, "geometry": { "type": "Point", "coordinates": [ 72.894763, 19.056203 ] } },
{ "type": "Feature", "properties": { "element": "node", "id": 7225067192, "name": "Poddar Hospital", "category": "hospitals" }, "geometry": { "type": "Point", "coordinates": [ 72.8162624, 19.0022803 ] } },
{ "type": "Feature", "properties": { "element": "node", "id": 7225067194, "name": "M.W. Desai Municipal General Hospital", "category": "hospitals" }, "geometry": { "type": "Point", "coordinates": [ 72.851105, 19.178433 ] } },
{ "type": "Feature", "properties": { "element": "node", "id": 7225067197, "name": "V N Shirodkar Hospital", "category": "hospitals" }, "geometry": { "type": "Point", "coordinates": [ 72.8518587, 19.1054569 ] } },
{ "type": "Feature", "properties": { "element": "node", "id": 7225067201, "name": "Rajiv Gandhi Medical College Thane", "category": "hospitals" }, "geometry": { "type": "Point", "coordinates": [ 72.988038, 19.19344 ] } },
{ "type": "Feature", "properties": { "element": "node", "id": 7225067213, "name": "Nair Hospital Dental College", "category": "hospitals" }, "geometry": { "type": "Point", "coordinates": [ 72.820968, 18.971194 ] } },
{ "type": "Feature", "properties": { "element": "node", "id": 7225067218, "name": "NMMC MCH Airoli", "category": "hospitals" }, "geometry": { "type": "Point", "coordinates": [ 72.997212, 19.1565434 ] } },
{ "type": "Feature", "properties": { "element": "node", "id": 7225067227, "name": "Pahadi Health Post", "category": "hospitals" }, "geometry": { "type": "Point", "coordinates": [ 72.8494708, 19.1761724 ] } },
{ "type": "Feature", "properties": { "element": "node", "id": 7225067231, "name": "Municipality Hospital, Mumbra", "category": "hospitals" }, "geometry": { "type": "Point", "coordinates": [ 73.022636, 19.1857353 ] } },
{ "type": "Feature", "properties": { "element": "node", "id": 7225067256, "name": "BMC Maternity Hospital", "category": "hospitals" }, "geometry": { "type": "Point", "coordinates": [ 72.8708165, 19.2197564 ] } },
{ "type": "Feature", "properties": { "element": "node", "id": 7225067258, "name": "M.T. Agrawal Hospital", "category": "hospitals" }, "geometry": { "type": "Point", "coordinates": [ 72.9510961, 19.1753236 ] } },
{ "type": "Feature", "properties": { "element": "node", "id": 7225067267, "name": "Sant Muktabai Hospital", "category": "hospitals" }, "geometry": { "type": "Point", "coordinates": [ 72.904147, 19.0984853 ] } },
{ "type": "Feature", "properties": { "element": "node", "id": 7225067271, "name": "L.T.Muncipal Medical College and Sion Hospital", "category": "hospitals" }, "geometry": { "type": "Point", "coordinates": [ 72.8582046, 19.0369195 ] } },
{ "type": "Feature", "properties": { "element": "node", "id": 7225067275, "name": "Krantiveer Mahatma Jyotiba Phule Hospital, Vikhroli", "category": "hospitals" }, "geometry": { "type": "Point", "coordinates": [ 72.9394753, 19.1180038 ] } },
{ "type": "Feature", "properties": { "element": "node", "id": 7225067284, "name": "BYL Nair hospital", "category": "hospitals" }, "geometry": { "type": "Point", "coordinates": [ 72.8219188, 18.9742153 ] } },
{ "type": "Feature", "properties": { "element": "node", "id": 7226727393, "name": "General Hospital, Janabai Rokade", "category": "hospitals" }, "geometry": { "type": "Point", "coordinates": [ 72.838827, 18.95168 ] } },
{ "type": "Feature", "properties": { "element": "node", "id": 7433481437, "name": "The Muslim Ambulance Society Diagnostic Center", "category": "hospitals" }, "geometry": { "type": "Point", "coordinates": [ 72.8340909, 18.9540069 ] } },
{ "type": "Feature", "properties": { "element": "node", "id": 7433481438, "name": "Habib Hospital", "category": "hospitals" }, "geometry": { "type": "Point", "coordinates": [ 72.8368049, 18.9596948 ] } },
{ "type": "Feature", "properties": { "element": "node", "id": 7433682214, "name": "Nagpada Police Hospital", "category": "hospitals" }, "geometry": { "type": "Point", "coordinates": [ 72.831912, 18.9660613 ] } },
{ "type": "Feature", "properties": { "element": "node", "id": 7433749757, "name": "Rajshree Maternity", "category": "hospitals" }, "geometry": { "type": "Point", "coordinates": [ 72.8357505, 18.9724219 ] } },
{ "type": "Feature", "properties": { "element": "node", "id": 7433829905, "name": "Masina Cancer Center", "category": "hospitals" }, "geometry": { "type": "Point", "coordinates": [ 72.8357371, 18.9749545 ] } },
{ "type": "Feature", "properties": { "element": "node", "id": 7604673842, "name": "Government Hospital, Mulund", "category": "hospitals" }, "geometry": { "type": "Point", "coordinates": [ 72.9526962, 19.1751524 ] } },
{ "type": "Feature", "properties": { "element": "node", "id": 7604724839, "name": "Savitribai Jyotiba Phule Maternity Home Bhandup", "category": "hospitals" }, "geometry": { "type": "Point", "coordinates": [ 72.9345511, 19.1462704 ] } },
{ "type": "Feature", "properties": { "element": "node", "id": 7607557871, "name": "BMC Eye Hospital ,Kamathipura", "category": "hospitals" }, "geometry": { "type": "Point", "coordinates": [ 72.8265104, 18.961983 ] } },
{ "type": "Feature", "properties": { "element": "node", "id": 7607578889, "name": "Matoshree Ramabai Maternity BMC Hospital", "category": "hospitals" }, "geometry": { "type": "Point", "coordinates": [ 72.9103804, 19.0960915 ] } },
{ "type": "Feature", "properties": { "element": "node", "id": 7607631740, "name": "Deonar Maternity Home", "category": "hospitals" }, "geometry": { "type": "Point", "coordinates": [ 72.9232104, 19.0536272 ] } },
{ "type": "Feature", "properties": { "element": "node", "id": 7607886540, "name": "All India Institute of Physical Medicine and Rehabilitation", "category": "hospitals" }, "geometry": { "type": "Point", "coordinates": [ 72.8128747, 18.9785849 ] } },
{ "type": "Feature", "properties": { "element": "node", "id": 7622282442, "name": "BMC Hospital", "category": "hospitals" }, "geometry": { "type": "Point", "coordinates": [ 72.8244846, 19.2037678 ] } },
{ "type": "Feature", "properties": { "element": "node", "id": 7628258688, "name": "Savitri Bai Phule BMC Hospital ,Malad East", "category": "hospitals" }, "geometry": { "type": "Point", "coordinates": [ 72.8724378, 19.1777529 ] } },
{ "type": "Feature", "properties": { "element": "node", "id": 7656617368, "name": "Sathe Hospital", "category": "hospitals" }, "geometry": { "type": "Point", "coordinates": [ 72.939203, 18.878216 ] } },
{ "type": "Feature", "properties": { "element": "node", "id": 7656617396, "name": "Aayush Hospital", "category": "hospitals" }, "geometry": { "type": "Point", "coordinates": [ 72.94022, 18.878537 ] } },
{ "type": "Feature", "properties": { "element": "node", "id": 7656617403, "name": "More Children Hospital", "category": "hospitals" }, "geometry": { "type": "Point", "coordinates": [ 72.9396359, 18.8757575 ] } },
{ "type": "Feature", "properties": { "element": "node", "id": 7656617427, "name": "Indira Gandhi Hospital", "category": "hospitals" }, "geometry": { "type": "Point", "coordinates": [ 72.934386, 18.881303 ] } },
{ "type": "Feature", "properties": { "element": "node", "id": 7656617436, "name": "Veer Hospital", "category": "hospitals" }, "geometry": { "type": "Point", "coordinates": [ 72.9402853, 18.873346 ] } },
{ "type": "Feature", "properties": { "element": "node", "id": 7656617455, "name": "Jawaharlal Nehru Port Trust Hospital", "category": "hospitals" }, "geometry": { "type": "Point", "coordinates": [ 72.975395, 18.901209 ] } },
{ "type": "Feature", "properties": { "element": "node", "id": 7656617464, "name": "Giri Child Hospital", "category": "hospitals" }, "geometry": { "type": "Point", "coordinates": [ 72.940111, 18.877894 ] } },
{ "type": "Feature", "properties": { "element": "node", "id": 7663684010, "name": "Tembha Hospital", "category": "hospitals" }, "geometry": { "type": "Point", "coordinates": [ 72.848309, 19.2975481 ] } },
{ "type": "Feature", "properties": { "element": "node", "id": 7663684012, "name": "Horizon Hospital", "category": "hospitals" }, "geometry": { "type": "Point", "coordinates": [ 72.967635, 19.1868009 ] } },
{ "type": "Feature", "properties": { "element": "node", "id": 7663684018, "name": "Global Hospital", "category": "hospitals" }, "geometry": { "type": "Point", "coordinates": [ 72.9964535, 19.2970611 ] } },
{ "type": "Feature", "properties": { "element": "node", "id": 7663684023, "name": "Mauli Hospital", "category": "hospitals" }, "geometry": { "type": "Point", "coordinates": [ 72.9905687, 19.2184179 ] } },
{ "type": "Feature", "properties": { "element": "node", "id": 7663684024, "name": "Suleman Mulla Hospital", "category": "hospitals" }, "geometry": { "type": "Point", "coordinates": [ 72.9823379, 19.2038631 ] } },
{ "type": "Feature", "properties": { "element": "node", "id": 7663684028, "name": "Maheshwari Multispeciality Hospital", "category": "hospitals" }, "geometry": { "type": "Point", "coordinates": [ 72.970388, 19.259228 ] } },
{ "type": "Feature", "properties": { "element": "node", "id": 7663684031, "name": "Parsik Hospital", "category": "hospitals" }, "geometry": { "type": "Point", "coordinates": [ 73.007176, 19.20437 ] } },
{ "type": "Feature", "properties": { "element": "node", "id": 7663684036, "name": "Dr. Maheshwari Hospital", "category": "hospitals" }, "geometry": { "type": "Point", "coordinates": [ 72.9653692, 19.2704915 ] } },
{ "type": "Feature", "properties": { "element": "node", "id": 7663684039, "name": "Janani Nursing Home & Hospital", "category": "hospitals" }, "geometry": { "type": "Point", "coordinates": [ 72.9671765, 19.2702597 ] } },
{ "type": "Feature", "properties": { "element": "node", "id": 7663684040, "name": "Jeevan Jyot Hospital", "category": "hospitals" }, "geometry": { "type": "Point", "coordinates": [ 72.967356, 19.187879 ] } },
{ "type": "Feature", "properties": { "element": "node", "id": 7663684044, "name": "Kasturi Hospital", "category": "hospitals" }, "geometry": { "type": "Point", "coordinates": [ 72.8510428, 19.2997923 ] } },
{ "type": "Feature", "properties": { "element": "node", "id": 7663684046, "name": "Aadhar Hospital", "category": "hospitals" }, "geometry": { "type": "Point", "coordinates": [ 72.9634539, 19.1963719 ] } },
{ "type": "Feature", "properties": { "element": "node", "id": 7663684047, "name": "Dr. Farids Hospital", "category": "hospitals" }, "geometry": { "type": "Point", "coordinates": [ 72.858214, 19.28336 ] } },
{ "type": "Feature", "properties": { "element": "node", "id": 7663684048, "name": "Tirupati Hospital", "category": "hospitals" }, "geometry": { "type": "Point", "coordinates": [ 72.979982, 19.2350433 ] } },
{ "type": "Feature", "properties": { "element": "node", "id": 7663684052, "name": "Lotus Hospital", "category": "hospitals" }, "geometry": { "type": "Point", "coordinates": [ 73.0429146, 19.2821362 ] } },
{ "type": "Feature", "properties": { "element": "node", "id": 7663684054, "name": "Royal Hospital", "category": "hospitals" }, "geometry": { "type": "Point", "coordinates": [ 72.9778364, 19.2046897 ] } },
{ "type": "Feature", "properties": { "element": "node", "id": 7663684055, "name": "Aarambh Hospital", "category": "hospitals" }, "geometry": { "type": "Point", "coordinates": [ 72.980195, 19.205935 ] } },
{ "type": "Feature", "properties": { "element": "node", "id": 7663684060, "name": "Sai Ashutosh Hospital", "category": "hospitals" }, "geometry": { "type": "Point", "coordinates": [ 72.9769221, 19.2135151 ] } },
{ "type": "Feature", "properties": { "element": "node", "id": 7663684065, "name": "Ekta Hospital", "category": "hospitals" }, "geometry": { "type": "Point", "coordinates": [ 72.979072, 19.211178 ] } },
{ "type": "Feature", "properties": { "element": "node", "id": 7663684072, "name": "Sapphire Hospitals", "category": "hospitals" }, "geometry": { "type": "Point", "coordinates": [ 73.0039006, 19.2031879 ] } },
{ "type": "Feature", "properties": { "element": "node", "id": 7663684073, "name": "Shree Ram Hospital", "category": "hospitals" }, "geometry": { "type": "Point", "coordinates": [ 72.9599805, 19.2763442 ] } },
{ "type": "Feature", "properties": { "element": "node", "id": 7663833078, "name": "Siddhivinayak Nurshing Home", "category": "hospitals" }, "geometry": { "type": "Point", "coordinates": [ 72.8461862, 19.2281033 ] } },
{ "type": "Feature", "properties": { "element": "node", "id": 7663833079, "name": "Singhi Hospital", "category": "hospitals" }, "geometry": { "type": "Point", "coordinates": [ 72.846337, 19.163103 ] } },
{ "type": "Feature", "properties": { "element": "node", "id": 7663833081, "name": "Apex Hospitals", "category": "hospitals" }, "geometry": { "type": "Point", "coordinates": [ 72.8496222, 19.23131 ] } },
{ "type": "Feature", "properties": { "element": "node", "id": 7663833082, "name": "Dr. Usha Hospital", "category": "hospitals" }, "geometry": { "type": "Point", "coordinates": [ 72.85398, 19.2354521 ] } },
{ "type": "Feature", "properties": { "element": "node", "id": 7663833086, "name": "Vivanta Multispeciality Hospital", "category": "hospitals" }, "geometry": { "type": "Point", "coordinates": [ 72.842829, 19.178818 ] } },
{ "type": "Feature", "properties": { "element": "node", "id": 7663833087, "name": "Apex Superspeciality Hospitals", "category": "hospitals" }, "geometry": { "type": "Point", "coordinates": [ 72.8466, 19.229335 ] } },
{ "type": "Feature", "properties": { "element": "node", "id": 7663833088, "name": "Vivanta Hospital", "category": "hospitals" }, "geometry": { "type": "Point", "coordinates": [ 72.835036, 19.163211 ] } },
{ "type": "Feature", "properties": { "element": "node", "id": 7663833089, "name": "Sai Siddhi Hospital", "category": "hospitals" }, "geometry": { "type": "Point", "coordinates": [ 72.873669, 19.1941236 ] } },
{ "type": "Feature", "properties": { "element": "node", "id": 7663833090, "name": "Dr. Sharik's Asha Maternity & General Hospital", "category": "hospitals" }, "geometry": { "type": "Point", "coordinates": [ 72.855248, 19.188923 ] } },
{ "type": "Feature", "properties": { "element": "node", "id": 7663833093, "name": "Cloud Nine Children's Hospital", "category": "hospitals" }, "geometry": { "type": "Point", "coordinates": [ 72.837464, 19.175631 ] } },
{ "type": "Feature", "properties": { "element": "node", "id": 7663833097, "name": "Shishubharti Hospital;Nandini Hospital", "category": "hospitals" }, "geometry": { "type": "Point", "coordinates": [ 72.8582934, 19.2346688 ] } },
{ "type": "Feature", "properties": { "element": "node", "id": 7663833098, "name": "L. M Patel Eye Hospital", "category": "hospitals" }, "geometry": { "type": "Point", "coordinates": [ 72.8467421, 19.1816744 ] } },
{ "type": "Feature", "properties": { "element": "node", "id": 7663833101, "name": "Ganatra's Riddhi Nursing Home", "category": "hospitals" }, "geometry": { "type": "Point", "coordinates": [ 72.840121, 19.231233 ] } },
{ "type": "Feature", "properties": { "element": "node", "id": 7663833102, "name": "Omkareshwar Nursing Home", "category": "hospitals" }, "geometry": { "type": "Point", "coordinates": [ 72.861197, 19.231639 ] } },
{ "type": "Feature", "properties": { "element": "node", "id": 7663833103, "name": "MIB Super Speciality Hospital", "category": "hospitals" }, "geometry": { "type": "Point", "coordinates": [ 72.8523298, 19.2285044 ] } },
{ "type": "Feature", "properties": { "element": "node", "id": 7663833104, "name": "Radha Krishna Hospital", "category": "hospitals" }, "geometry": { "type": "Point", "coordinates": [ 72.8739312, 19.1725519 ] } },
{ "type": "Feature", "properties": { "element": "node", "id": 7663833111, "name": "Jain Hospital", "category": "hospitals" }, "geometry": { "type": "Point", "coordinates": [ 72.8377227, 19.1636085 ] } },
{ "type": "Feature", "properties": { "element": "node", "id": 7663833113, "name": "The Children's Hospital Mumbai - Best child specialist in Mumbai", "category": "hospitals" }, "geometry": { "type": "Point", "coordinates": [ 72.834907, 19.1903949 ] } },
{ "type": "Feature", "properties": { "element": "node", "id": 7663833115, "name": "Punit Orthopaedic Hospital", "category": "hospitals" }, "geometry": { "type": "Point", "coordinates": [ 72.85083, 19.216129 ] } },
{ "type": "Feature", "properties": { "element": "node", "id": 7663833117, "name": "Matushree Gomati Hospital", "category": "hospitals" }, "geometry": { "type": "Point", "coordinates": [ 72.840181, 19.1612265 ] } },
{ "type": "Feature", "properties": { "element": "node", "id": 7663833118, "name": "Thunga Hospital", "category": "hospitals" }, "geometry": { "type": "Point", "coordinates": [ 72.8461978, 19.1952374 ] } },
{ "type": "Feature", "properties": { "element": "node", "id": 7663833122, "name": "Hospital Vedant", "category": "hospitals" }, "geometry": { "type": "Point", "coordinates": [ 72.8778495, 19.1751156 ] } },
{ "type": "Feature", "properties": { "element": "node", "id": 7663833125, "name": "New Nari Hospital", "category": "hospitals" }, "geometry": { "type": "Point", "coordinates": [ 72.8606797, 19.1794965 ] } },
{ "type": "Feature", "properties": { "element": "node", "id": 7663833127, "name": "Om Sai Hospital", "category": "hospitals" }, "geometry": { "type": "Point", "coordinates": [ 72.8497419, 19.2322669 ] } },
{ "type": "Feature", "properties": { "element": "node", "id": 7663833129, "name": "Sage Hospital", "category": "hospitals" }, "geometry": { "type": "Point", "coordinates": [ 72.8338516, 19.1754936 ] } },
{ "type": "Feature", "properties": { "element": "node", "id": 7663833130, "name": "Ashok Hospital", "category": "hospitals" }, "geometry": { "type": "Point", "coordinates": [ 72.865954, 19.243269 ] } },
{ "type": "Feature", "properties": { "element": "node", "id": 7663833131, "name": "Balajee Hospital", "category": "hospitals" }, "geometry": { "type": "Point", "coordinates": [ 72.856724, 19.182718 ] } },
{ "type": "Feature", "properties": { "element": "node", "id": 7663833132, "name": "Shree Ganesha Hospital", "category": "hospitals" }, "geometry": { "type": "Point", "coordinates": [ 72.845944, 19.228197 ] } },
{ "type": "Feature", "properties": { "element": "node", "id": 7663833133, "name": "Neerja Children's Hospital", "category": "hospitals" }, "geometry": { "type": "Point", "coordinates": [ 72.8545383, 19.2391561 ] } },
{ "type": "Feature", "properties": { "element": "node", "id": 7663833134, "name": "Dr. Sabnis Hospital", "category": "hospitals" }, "geometry": { "type": "Point", "coordinates": [ 72.8513635, 19.1671157 ] } },
{ "type": "Feature", "properties": { "element": "node", "id": 7663833135, "name": "Jeevan Jyoti Hospital", "category": "hospitals" }, "geometry": { "type": "Point", "coordinates": [ 72.8743319, 19.1945255 ] } },
{ "type": "Feature", "properties": { "element": "node", "id": 7663833136, "name": "Sai Kripa Pediatric Hospital", "category": "hospitals" }, "geometry": { "type": "Point", "coordinates": [ 72.863637, 19.242229 ] } },
{ "type": "Feature", "properties": { "element": "node", "id": 7663833137, "name": "Chiranjeev Childrens Hospital", "category": "hospitals" }, "geometry": { "type": "Point", "coordinates": [ 72.865925, 19.243198 ] } },
{ "type": "Feature", "properties": { "element": "node", "id": 7663833141, "name": "Apex Multispeciality Hospitals", "category": "hospitals" }, "geometry": { "type": "Point", "coordinates": [ 72.862857, 19.220425 ] } },
{ "type": "Feature", "properties": { "element": "node", "id": 7663833142, "name": "Gosalia Hospital", "category": "hospitals" }, "geometry": { "type": "Point", "coordinates": [ 72.8364295, 19.195545 ] } },
{ "type": "Feature", "properties": { "element": "node", "id": 7663833143, "name": "Aastha Maternity", "category": "hospitals" }, "geometry": { "type": "Point", "coordinates": [ 72.864334, 19.181414 ] } },
{ "type": "Feature", "properties": { "element": "node", "id": 7663833146, "name": "Dalvi Hospital", "category": "hospitals" }, "geometry": { "type": "Point", "coordinates": [ 72.8498303, 19.2041513 ] } },
{ "type": "Feature", "properties": { "element": "node", "id": 7663833148, "name": "Navjivan Hospital", "category": "hospitals" }, "geometry": { "type": "Point", "coordinates": [ 72.8501145, 19.2174338 ] } },
{ "type": "Feature", "properties": { "element": "node", "id": 7663833151, "name": "Trauma Hospital", "category": "hospitals" }, "geometry": { "type": "Point", "coordinates": [ 72.856244, 19.160433 ] } },
{ "type": "Feature", "properties": { "element": "node", "id": 7663833153, "name": "Anand Nursing Home", "category": "hospitals" }, "geometry": { "type": "Point", "coordinates": [ 72.855001, 19.225163 ] } },
{ "type": "Feature", "properties": { "element": "node", "id": 7663833154, "name": "Vidya Hospital", "category": "hospitals" }, "geometry": { "type": "Point", "coordinates": [ 72.870689, 19.175132 ] } },
{ "type": "Feature", "properties": { "element": "node", "id": 7663833156, "name": "Dr. Bhatt's Hospital", "category": "hospitals" }, "geometry": { "type": "Point", "coordinates": [ 72.8453083, 19.1632392 ] } },
{ "type": "Feature", "properties": { "element": "node", "id": 7663833159, "name": "Dr. Sudhir Patil Sai Siddhi Clinic", "category": "hospitals" }, "geometry": { "type": "Point", "coordinates": [ 72.878466, 19.170783 ] } },
{ "type": "Feature", "properties": { "element": "node", "id": 7663833161, "name": "Usha Maternity Home", "category": "hospitals" }, "geometry": { "type": "Point", "coordinates": [ 72.847381, 19.200971 ] } },
{ "type": "Feature", "properties": { "element": "node", "id": 7663833162, "name": "Namaha Hospital", "category": "hospitals" }, "geometry": { "type": "Point", "coordinates": [ 72.8484431, 19.197905 ] } },
{ "type": "Feature", "properties": { "element": "node", "id": 7663833165, "name": "Choksi Nursing Home", "category": "hospitals" }, "geometry": { "type": "Point", "coordinates": [ 72.844352, 19.191427 ] } },
{ "type": "Feature", "properties": { "element": "node", "id": 7663833168, "name": "Meeti Lifeline Hospital", "category": "hospitals" }, "geometry": { "type": "Point", "coordinates": [ 72.857353, 19.242916 ] } },
{ "type": "Feature", "properties": { "element": "node", "id": 7663833169, "name": "Evershine Ortho & Surgical Hospital", "category": "hospitals" }, "geometry": { "type": "Point", "coordinates": [ 72.834065, 19.1929 ] } },
{ "type": "Feature", "properties": { "element": "node", "id": 7663833170, "name": "Aashapuri Hospital", "category": "hospitals" }, "geometry": { "type": "Point", "coordinates": [ 72.866563, 19.2495 ] } },
{ "type": "Feature", "properties": { "element": "node", "id": 7663833171, "name": "Sun Hospital", "category": "hospitals" }, "geometry": { "type": "Point", "coordinates": [ 72.8463432, 19.1905141 ] } },
{ "type": "Feature", "properties": { "element": "node", "id": 7663833172, "name": "Savla Hospital", "category": "hospitals" }, "geometry": { "type": "Point", "coordinates": [ 72.8450285, 19.1843797 ] } },
{ "type": "Feature", "properties": { "element": "node", "id": 7663833174, "name": "Vardann Multi Speciality Hospital", "category": "hospitals" }, "geometry": { "type": "Point", "coordinates": [ 72.851597, 19.211703 ] } },
{ "type": "Feature", "properties": { "element": "node", "id": 7663833175, "name": "Chandra Maternity Hospital", "category": "hospitals" }, "geometry": { "type": "Point", "coordinates": [ 72.850761, 19.2459053 ] } },
{ "type": "Feature", "properties": { "element": "node", "id": 7663961397, "name": "Lotus Eye Hospital", "category": "hospitals" }, "geometry": { "type": "Point", "coordinates": [ 72.82763, 19.10982 ] } },
{ "type": "Feature", "properties": { "element": "node", "id": 7663961398, "name": "Dr. Ashfaque Shah's City Hospital", "category": "hospitals" }, "geometry": { "type": "Point", "coordinates": [ 72.9169906, 19.0605847 ] } },
{ "type": "Feature", "properties": { "element": "node", "id": 7663961401, "name": "Dadasaheb Gaikwad BMC Hospital", "category": "hospitals" }, "geometry": { "type": "Point", "coordinates": [ 72.91527, 19.076394 ] } },
{ "type": "Feature", "properties": { "element": "node", "id": 7663961402, "name": "Medicare Hospital", "category": "hospitals" }, "geometry": { "type": "Point", "coordinates": [ 72.877743, 19.108448 ] } },
{ "type": "Feature", "properties": { "element": "node", "id": 7663961403, "name": "Chandra Maternity Hospital", "category": "hospitals" }, "geometry": { "type": "Point", "coordinates": [ 72.894166, 19.042245 ] } },
{ "type": "Feature", "properties": { "element": "node", "id": 7663961404, "name": "CritiCare Hospital", "category": "hospitals" }, "geometry": { "type": "Point", "coordinates": [ 72.8505516, 19.1180803 ] } },
{ "type": "Feature", "properties": { "element": "node", "id": 7663961406, "name": "Dr. Sanjanwala Hospital", "category": "hospitals" }, "geometry": { "type": "Point", "coordinates": [ 72.8481238, 19.1054972 ] } },
{ "type": "Feature", "properties": { "element": "node", "id": 7663961408, "name": "Mrudula Hospital", "category": "hospitals" }, "geometry": { "type": "Point", "coordinates": [ 72.9458994, 19.1517439 ] } },
{ "type": "Feature", "properties": { "element": "node", "id": 7663961413, "name": "Sona Maternity and Surgical Nursing Home", "category": "hospitals" }, "geometry": { "type": "Point", "coordinates": [ 72.916753, 19.07815 ] } },
{ "type": "Feature", "properties": { "element": "node", "id": 7663961414, "name": "City Hospital", "category": "hospitals" }, "geometry": { "type": "Point", "coordinates": [ 72.8431331, 19.1433169 ] } },
{ "type": "Feature", "properties": { "element": "node", "id": 7663961415, "name": "Subhash Hospital", "category": "hospitals" }, "geometry": { "type": "Point", "coordinates": [ 72.8816976, 19.0826988 ] } },
{ "type": "Feature", "properties": { "element": "node", "id": 7663961416, "name": "Lions Club Medical Centre General Hospital", "category": "hospitals" }, "geometry": { "type": "Point", "coordinates": [ 72.8725536, 19.0615419 ] } },
{ "type": "Feature", "properties": { "element": "node", "id": 7663961417, "name": "Buddh Colony BMC Hospital", "category": "hospitals" }, "geometry": { "type": "Point", "coordinates": [ 72.8827185, 19.0797861 ] } },
{ "type": "Feature", "properties": { "element": "node", "id": 7663961419, "name": "Kohinoor Hospital", "category": "hospitals" }, "geometry": { "type": "Point", "coordinates": [ 72.835138, 19.064667 ] } },
{ "type": "Feature", "properties": { "element": "node", "id": 7663961423, "name": "Zobiya Hospital Maternity Home", "category": "hospitals" }, "geometry": { "type": "Point", "coordinates": [ 72.8931541, 19.1072994 ] } },
{ "type": "Feature", "properties": { "element": "node", "id": 7663961426, "name": "Jogeshwari Hospital", "category": "hospitals" }, "geometry": { "type": "Point", "coordinates": [ 72.8446193, 19.1358754 ] } },
{ "type": "Feature", "properties": { "element": "node", "id": 7663961428, "name": "Kankal Hospital Child Specialist", "category": "hospitals" }, "geometry": { "type": "Point", "coordinates": [ 72.901948, 19.068348 ] } },
{ "type": "Feature", "properties": { "element": "node", "id": 7663961430, "name": "Sapna Maternity and General Hospital", "category": "hospitals" }, "geometry": { "type": "Point", "coordinates": [ 72.8934892, 19.1026186 ] } },
{ "type": "Feature", "properties": { "element": "node", "id": 7663961433, "name": "Dr. Chhajed Surgerical & Maternity Hospital", "category": "hospitals" }, "geometry": { "type": "Point", "coordinates": [ 72.8914583, 19.1023801 ] } },
{ "type": "Feature", "properties": { "element": "node", "id": 7663961434, "name": "Sai Hospital", "category": "hospitals" }, "geometry": { "type": "Point", "coordinates": [ 72.891364, 19.054452 ] } },
{ "type": "Feature", "properties": { "element": "node", "id": 7663961436, "name": "Muskaan Hospital", "category": "hospitals" }, "geometry": { "type": "Point", "coordinates": [ 72.880408, 19.078367 ] } },
{ "type": "Feature", "properties": { "element": "node", "id": 7663961438, "name": "DNA Hospital", "category": "hospitals" }, "geometry": { "type": "Point", "coordinates": [ 72.8596914, 19.1394176 ] } },
{ "type": "Feature", "properties": { "element": "node", "id": 7663961440, "name": "Pasaydan Hospital and Trust", "category": "hospitals" }, "geometry": { "type": "Point", "coordinates": [ 72.9038731, 19.0929208 ] } },
{ "type": "Feature", "properties": { "element": "node", "id": 7663961441, "name": "Amarnath Multidisciplinary Children's Hospital", "category": "hospitals" }, "geometry": { "type": "Point", "coordinates": [ 72.9060511, 19.0492423 ] } },
{ "type": "Feature", "properties": { "element": "node", "id": 7663961442, "name": "Cuddles N Care Pediatric Hospital", "category": "hospitals" }, "geometry": { "type": "Point", "coordinates": [ 72.8841859, 19.1173421 ] } },
{ "type": "Feature", "properties": { "element": "node", "id": 7663961443, "name": "Habib Hospital", "category": "hospitals" }, "geometry": { "type": "Point", "coordinates": [ 72.880101, 19.078247 ] } },
{ "type": "Feature", "properties": { "element": "node", "id": 7663961444, "name": "Shiv Hospital", "category": "hospitals" }, "geometry": { "type": "Point", "coordinates": [ 72.8940869, 19.0411897 ] } },
{ "type": "Feature", "properties": { "element": "node", "id": 7663961445, "name": "Ruby Hospital", "category": "hospitals" }, "geometry": { "type": "Point", "coordinates": [ 72.931802, 19.116499 ] } },
{ "type": "Feature", "properties": { "element": "node", "id": 7663961446, "name": "RCF Hospital", "category": "hospitals" }, "geometry": { "type": "Point", "coordinates": [ 72.897252, 19.040567 ] } },
{ "type": "Feature", "properties": { "element": "node", "id": 7663961450, "name": "Uma Hospital", "category": "hospitals" }, "geometry": { "type": "Point", "coordinates": [ 72.8870507, 19.094566 ] } },
{ "type": "Feature", "properties": { "element": "node", "id": 7663961454, "name": "Alphine Life Solutions General Hospital", "category": "hospitals" }, "geometry": { "type": "Point", "coordinates": [ 72.871065, 19.072612 ] } },
{ "type": "Feature", "properties": { "element": "node", "id": 7663961457, "name": "Mahavir Hospital", "category": "hospitals" }, "geometry": { "type": "Point", "coordinates": [ 72.9197954, 19.0632122 ] } },
{ "type": "Feature", "properties": { "element": "node", "id": 7663961459, "name": "Mangal Multispeciality Hospital", "category": "hospitals" }, "geometry": { "type": "Point", "coordinates": [ 72.8395008, 19.0834657 ] } },
{ "type": "Feature", "properties": { "element": "node", "id": 7663961460, "name": "SRV Hospital", "category": "hospitals" }, "geometry": { "type": "Point", "coordinates": [ 72.8492265, 19.1589907 ] } },
{ "type": "Feature", "properties": { "element": "node", "id": 7663961461, "name": "Suvidha Hospital & PolyClinic", "category": "hospitals" }, "geometry": { "type": "Point", "coordinates": [ 72.8466609, 19.1566348 ] } },
{ "type": "Feature", "properties": { "element": "node", "id": 7663961462, "name": "Dr. Wagh Maternity Hospital", "category": "hospitals" }, "geometry": { "type": "Point", "coordinates": [ 72.848999, 19.101669 ] } },
{ "type": "Feature", "properties": { "element": "node", "id": 7663961463, "name": "Santrupti Hospital", "category": "hospitals" }, "geometry": { "type": "Point", "coordinates": [ 72.876813, 19.053227 ] } },
{ "type": "Feature", "properties": { "element": "node", "id": 7663961464, "name": "Naval Hospital", "category": "hospitals" }, "geometry": { "type": "Point", "coordinates": [ 72.925483, 19.132448 ] } },
{ "type": "Feature", "properties": { "element": "node", "id": 7663961465, "name": "Sunridges Speciality Hospital", "category": "hospitals" }, "geometry": { "type": "Point", "coordinates": [ 72.834862, 19.103219 ] } },
{ "type": "Feature", "properties": { "element": "node", "id": 7663961467, "name": "Masoom Child Hospital", "category": "hospitals" }, "geometry": { "type": "Point", "coordinates": [ 72.8821058, 19.0818439 ] } },
{ "type": "Feature", "properties": { "element": "node", "id": 7663961468, "name": "Balthakra Sahara Jogeshwari Hospital", "category": "hospitals" }, "geometry": { "type": "Point", "coordinates": [ 72.8564586, 19.1369167 ] } },
{ "type": "Feature", "properties": { "element": "node", "id": 7663961471, "name": "Zen Multi Speciality Hospital", "category": "hospitals" }, "geometry": { "type": "Point", "coordinates": [ 72.8969651, 19.0559349 ] } },
{ "type": "Feature", "properties": { "element": "node", "id": 7663961472, "name": "Shrimati Diwaliben Mohanlal Mehta Maa Sarvasadharan Rugnalay Hospital", "category": "hospitals" }, "geometry": { "type": "Point", "coordinates": [ 72.8967193, 19.0619918 ] } },
{ "type": "Feature", "properties": { "element": "node", "id": 7663961473, "name": "Ruby Hospital", "category": "hospitals" }, "geometry": { "type": "Point", "coordinates": [ 72.8431122, 19.1447706 ] } },
{ "type": "Feature", "properties": { "element": "node", "id": 7663961476, "name": "Chandra Hospital", "category": "hospitals" }, "geometry": { "type": "Point", "coordinates": [ 72.8947434, 19.0413817 ] } },
{ "type": "Feature", "properties": { "element": "node", "id": 7663961477, "name": "Noor Nursing Home", "category": "hospitals" }, "geometry": { "type": "Point", "coordinates": [ 72.8426357, 19.1437117 ] } },
{ "type": "Feature", "properties": { "element": "node", "id": 7663961478, "name": "Shree Hospital", "category": "hospitals" }, "geometry": { "type": "Point", "coordinates": [ 72.9000956, 19.0605329 ] } },
{ "type": "Feature", "properties": { "element": "node", "id": 7663961479, "name": "Prathamesh Hospital", "category": "hospitals" }, "geometry": { "type": "Point", "coordinates": [ 72.87496, 19.052772 ] } },
{ "type": "Feature", "properties": { "element": "node", "id": 7663961482, "name": "Central Hospital & Child Care Centre", "category": "hospitals" }, "geometry": { "type": "Point", "coordinates": [ 72.8829976, 19.1002971 ] } },
{ "type": "Feature", "properties": { "element": "node", "id": 7663961484, "name": "Apex Multi Speciality Hospital", "category": "hospitals" }, "geometry": { "type": "Point", "coordinates": [ 72.8916481, 19.0994867 ] } },
{ "type": "Feature", "properties": { "element": "node", "id": 7663961486, "name": "Mohili Village Municipal Hospital", "category": "hospitals" }, "geometry": { "type": "Point", "coordinates": [ 72.892138, 19.097922 ] } },
{ "type": "Feature", "properties": { "element": "node", "id": 7663961488, "name": "Shalyak Hospital", "category": "hospitals" }, "geometry": { "type": "Point", "coordinates": [ 72.8541522, 19.1372927 ] } },
{ "type": "Feature", "properties": { "element": "node", "id": 7663961489, "name": "Hajari Hospital", "category": "hospitals" }, "geometry": { "type": "Point", "coordinates": [ 72.853012, 19.129543 ] } },
{ "type": "Feature", "properties": { "element": "node", "id": 7663961490, "name": "Fathima Children Hospital & Criticare Centre", "category": "hospitals" }, "geometry": { "type": "Point", "coordinates": [ 72.8436497, 19.1450501 ] } },
{ "type": "Feature", "properties": { "element": "node", "id": 7663961491, "name": "Devaki Hospital", "category": "hospitals" }, "geometry": { "type": "Point", "coordinates": [ 72.9283565, 19.1403995 ] } },
{ "type": "Feature", "properties": { "element": "node", "id": 7663961492, "name": "Asmira Hospital", "category": "hospitals" }, "geometry": { "type": "Point", "coordinates": [ 72.8920753, 19.1070662 ] } },
{ "type": "Feature", "properties": { "element": "node", "id": 7663961493, "name": "Shashikant Hospital", "category": "hospitals" }, "geometry": { "type": "Point", "coordinates": [ 72.901475, 19.061966 ] } },
{ "type": "Feature", "properties": { "element": "node", "id": 7663961494, "name": "Shrenik Hospital and Maternity House", "category": "hospitals" }, "geometry": { "type": "Point", "coordinates": [ 72.9370628, 19.1438077 ] } },
{ "type": "Feature", "properties": { "element": "node", "id": 7663961495, "name": "Jeevan Jyot Hospital and Nursing Home", "category": "hospitals" }, "geometry": { "type": "Point", "coordinates": [ 72.9199586, 19.0636814 ] } },
{ "type": "Feature", "properties": { "element": "node", "id": 7664032187, "name": "Dr. Sanjay Shah Hospital", "category": "hospitals" }, "geometry": { "type": "Point", "coordinates": [ 72.823862, 18.959185 ] } },
{ "type": "Feature", "properties": { "element": "node", "id": 7664032188, "name": "Suryakant Wagal Maternity Hospital", "category": "hospitals" }, "geometry": { "type": "Point", "coordinates": [ 72.8236501, 18.9513853 ] } },
{ "type": "Feature", "properties": { "element": "node", "id": 7664032192, "name": "Gorai Naka Nalasopara Zoya Hospital", "category": "hospitals" }, "geometry": { "type": "Point", "coordinates": [ 72.835058, 19.012455 ] } },
{ "type": "Feature", "properties": { "element": "node", "id": 7664032193, "name": "Kalajot Hospital", "category": "hospitals" }, "geometry": { "type": "Point", "coordinates": [ 72.832811, 18.923038 ] } },
{ "type": "Feature", "properties": { "element": "node", "id": 7664032196, "name": "Anand Niketan Hospital", "category": "hospitals" }, "geometry": { "type": "Point", "coordinates": [ 72.8230369, 18.9887771 ] } },
{ "type": "Feature", "properties": { "element": "node", "id": 7664032197, "name": "Desa's Hospital", "category": "hospitals" }, "geometry": { "type": "Point", "coordinates": [ 72.807685, 18.956001 ] } },
{ "type": "Feature", "properties": { "element": "node", "id": 7664032200, "name": "Dolby Hospital", "category": "hospitals" }, "geometry": { "type": "Point", "coordinates": [ 72.8115973, 18.9570962 ] } },
{ "type": "Feature", "properties": { "element": "node", "id": 7664032202, "name": "Ashvini Nursing Home", "category": "hospitals" }, "geometry": { "type": "Point", "coordinates": [ 72.8424841, 19.0146087 ] } },
{ "type": "Feature", "properties": { "element": "node", "id": 7664032203, "name": "Dr. Shantilal Oza Hospital", "category": "hospitals" }, "geometry": { "type": "Point", "coordinates": [ 72.838751, 18.967509 ] } },
{ "type": "Feature", "properties": { "element": "node", "id": 7664032209, "name": "Janani Hospital", "category": "hospitals" }, "geometry": { "type": "Point", "coordinates": [ 72.854633, 19.040411 ] } },
{ "type": "Feature", "properties": { "element": "node", "id": 7664032211, "name": "Laxmi Niwas General Hospital", "category": "hospitals" }, "geometry": { "type": "Point", "coordinates": [ 72.835476, 19.008175 ] } },
{ "type": "Feature", "properties": { "element": "node", "id": 7664032212, "name": "Resham Hospital", "category": "hospitals" }, "geometry": { "type": "Point", "coordinates": [ 72.8596339, 19.0456326 ] } },
{ "type": "Feature", "properties": { "element": "node", "id": 7664032213, "name": "New Ratna Hospital", "category": "hospitals" }, "geometry": { "type": "Point", "coordinates": [ 72.8386025, 19.0358599 ] } },
{ "type": "Feature", "properties": { "element": "node", "id": 7664032214, "name": "Smt. Motiben B. Dalvi Hospital", "category": "hospitals" }, "geometry": { "type": "Point", "coordinates": [ 72.8102818, 18.9582867 ] } },
{ "type": "Feature", "properties": { "element": "node", "id": 7664032215, "name": "Punamiya Hospital", "category": "hospitals" }, "geometry": { "type": "Point", "coordinates": [ 72.833644, 19.012145 ] } },
{ "type": "Feature", "properties": { "element": "node", "id": 7664032217, "name": "Khimji Jeeva Sanitorium Hospital", "category": "hospitals" }, "geometry": { "type": "Point", "coordinates": [ 72.7952414, 18.9459308 ] } },
{ "type": "Feature", "properties": { "element": "node", "id": 7664032218, "name": "Astha Nursing Home", "category": "hospitals" }, "geometry": { "type": "Point", "coordinates": [ 72.8376926, 18.9881485 ] } },
{ "type": "Feature", "properties": { "element": "node", "id": 7664032219, "name": "BMC Hospital", "category": "hospitals" }, "geometry": { "type": "Point", "coordinates": [ 72.8261774, 19.015443 ] } },
{ "type": "Feature", "properties": { "element": "node", "id": 7664032220, "name": "Hospital For Women Care", "category": "hospitals" }, "geometry": { "type": "Point", "coordinates": [ 72.807333, 18.957089 ] } },
{ "type": "Feature", "properties": { "element": "node", "id": 7664032222, "name": "Mahim Police Hospital", "category": "hospitals" }, "geometry": { "type": "Point", "coordinates": [ 72.84134, 19.047153 ] } },
{ "type": "Feature", "properties": { "element": "node", "id": 7664032224, "name": "Welkarwadi BMC Hospital", "category": "hospitals" }, "geometry": { "type": "Point", "coordinates": [ 72.840027, 19.03978 ] } },
{ "type": "Feature", "properties": { "element": "node", "id": 7664032225, "name": "Dr. Nadeem Rais Endocrinologist", "category": "hospitals" }, "geometry": { "type": "Point", "coordinates": [ 72.8084083, 18.9559782 ] } },
{ "type": "Feature", "properties": { "element": "node", "id": 7664032231, "name": "Raj Ratan Hospital", "category": "hospitals" }, "geometry": { "type": "Point", "coordinates": [ 72.8400357, 19.0363379 ] } },
{ "type": "Feature", "properties": { "element": "node", "id": 7664032232, "name": "Sion Hospital", "category": "hospitals" }, "geometry": { "type": "Point", "coordinates": [ 72.8598664, 19.0363806 ] } },
{ "type": "Feature", "properties": { "element": "node", "id": 7664032233, "name": "Reliance Health Ventures Limited Hospital", "category": "hospitals" }, "geometry": { "type": "Point", "coordinates": [ 72.8403416, 18.9368113 ] } },
{ "type": "Feature", "properties": { "element": "node", "id": 7664032237, "name": "Nair Hospital", "category": "hospitals" }, "geometry": { "type": "Point", "coordinates": [ 72.8219132, 18.9730222 ] } },
{ "type": "Feature", "properties": { "element": "node", "id": 7664032240, "name": "Lelavati Hospital", "category": "hospitals" }, "geometry": { "type": "Point", "coordinates": [ 72.8553219, 19.04033 ] } },
{ "type": "Feature", "properties": { "element": "node", "id": 7664032241, "name": "Aayush Hospital", "category": "hospitals" }, "geometry": { "type": "Point", "coordinates": [ 72.854812, 19.040315 ] } },
{ "type": "Feature", "properties": { "element": "node", "id": 7664032243, "name": "Lifecare Hospital", "category": "hospitals" }, "geometry": { "type": "Point", "coordinates": [ 72.857919, 19.0479325 ] } },
{ "type": "Feature", "properties": { "element": "node", "id": 7664032244, "name": "Mhaskar Hospital", "category": "hospitals" }, "geometry": { "type": "Point", "coordinates": [ 72.8294352, 18.9921984 ] } },
{ "type": "Feature", "properties": { "element": "node", "id": 8260890189, "name": "Oscar hospital charkop naka", "category": "hospitals" }, "geometry": { "type": "Point", "coordinates": [ 72.8235436, 19.2130035 ] } },
{ "type": "Feature", "properties": { "element": "node", "id": 8796959391, "name": "S.K.Patil Hospital", "category": "hospitals" }, "geometry": { "type": "Point", "coordinates": [ 72.8540218, 19.1884744 ] } },
{ "type": "Feature", "properties": { "element": "node", "id": 8796982088, "name": "Charkop Maternity Home", "category": "hospitals" }, "geometry": { "type": "Point", "coordinates": [ 72.830932, 19.2155665 ] } },
{ "type": "Feature", "properties": { "element": "node", "id": 8797077000, "name": "Dr Bhatia’s Hospital, Bhandup", "category": "hospitals" }, "geometry": { "type": "Point", "coordinates": [ 72.9399276, 19.1522033 ] } },
{ "type": "Feature", "properties": { "element": "node", "id": 8797105668, "name": null, "category": "hospitals" }, "geometry": { "type": "Point", "coordinates": [ 72.8416085, 18.9764756 ] } },
{ "type": "Feature", "properties": { "element": "node", "id": 8797130860, "name": "Millat Dialysis Center", "category": "hospitals" }, "geometry": { "type": "Point", "coordinates": [ 72.842786, 19.1401815 ] } },
{ "type": "Feature", "properties": { "element": "node", "id": 8797139771, "name": "Sapna Health Care Centre Pvt Ltd", "category": "hospitals" }, "geometry": { "type": "Point", "coordinates": [ 72.8836535, 19.0846423 ] } },
{ "type": "Feature", "properties": { "element": "node", "id": 8797148830, "name": "Sushrut Hospital", "category": "hospitals" }, "geometry": { "type": "Point", "coordinates": [ 72.8466511, 19.2352336 ] } },
{ "type": "Feature", "properties": { "element": "node", "id": 8797161232, "name": "matoshri umabai RANE hospital", "category": "hospitals" }, "geometry": { "type": "Point", "coordinates": [ 72.8564975, 19.1372345 ] } },
{ "type": "Feature", "properties": { "element": "node", "id": 8797173216, "name": "Shantiniketan Hospital", "category": "hospitals" }, "geometry": { "type": "Point", "coordinates": [ 72.9137056, 19.0952772 ] } },
{ "type": "Feature", "properties": { "element": "node", "id": 8797197801, "name": "Dalvi Nursing Home", "category": "hospitals" }, "geometry": { "type": "Point", "coordinates": [ 72.8732117, 19.0526857 ] } },
{ "type": "Feature", "properties": { "element": "node", "id": 8797247003, "name": "Oscar Hospital", "category": "hospitals" }, "geometry": { "type": "Point", "coordinates": [ 72.8279212, 19.2034924 ] } },
{ "type": "Feature", "properties": { "element": "node", "id": 8797353176, "name": "Sunrise Hospital", "category": "hospitals" }, "geometry": { "type": "Point", "coordinates": [ 72.9369932, 19.1463034 ] } },
{ "type": "Feature", "properties": { "element": "node", "id": 8797394208, "name": "Ashirwad Critical Care Unit & Multi speciality", "category": "hospitals" }, "geometry": { "type": "Point", "coordinates": [ 72.9586105, 19.1710723 ] } },
{ "type": "Feature", "properties": { "element": "node", "id": 8797408854, "name": "Zen Hospital", "category": "hospitals" }, "geometry": { "type": "Point", "coordinates": [ 72.9508348, 19.1721231 ] } },
{ "type": "Feature", "properties": { "element": "node", "id": 8797441441, "name": "Akurli Maternity Home", "category": "hospitals" }, "geometry": { "type": "Point", "coordinates": [ 72.877233, 19.2076635 ] } },
{ "type": "Feature", "properties": { "element": "node", "id": 8797549260, "name": "ESIC Hospital", "category": "hospitals" }, "geometry": { "type": "Point", "coordinates": [ 72.8769761, 19.2071803 ] } },
{ "type": "Feature", "properties": { "element": "node", "id": 8797726541, "name": "Naigaon Municipal Maternity Home", "category": "hospitals" }, "geometry": { "type": "Point", "coordinates": [ 72.8460141, 19.0115774 ] } },
{ "type": "Feature", "properties": { "element": "node", "id": 8797904410, "name": "BMC arogya Kendra", "category": "hospitals" }, "geometry": { "type": "Point", "coordinates": [ 72.8720801, 19.1304842 ] } },
{ "type": "Feature", "properties": { "element": "node", "id": 8798069854, "name": "Axon Hospital & Dialysis Center", "category": "hospitals" }, "geometry": { "type": "Point", "coordinates": [ 72.887139, 19.1053464 ] } },
{ "type": "Feature", "properties": { "element": "node", "id": 8798161108, "name": "Surya Hospital", "category": "hospitals" }, "geometry": { "type": "Point", "coordinates": [ 72.8376684, 19.0899538 ] } },
{ "type": "Feature", "properties": { "element": "node", "id": 8801598781, "name": "Babasaheb Gawde Hospital", "category": "hospitals" }, "geometry": { "type": "Point", "coordinates": [ 72.8463493, 19.0997223 ] } },
{ "type": "Feature", "properties": { "element": "node", "id": 8802125729, "name": "Government Hospital, Malvani", "category": "hospitals" }, "geometry": { "type": "Point", "coordinates": [ 72.8179488, 19.188038 ] } },
{ "type": "Feature", "properties": { "element": "node", "id": 8816362890, "name": "Apollo Hospital", "category": "hospitals" }, "geometry": { "type": "Point", "coordinates": [ 72.9777045, 19.1930727 ] } },
{ "type": "Feature", "properties": { "element": "node", "id": 8816407650, "name": "Civil Hospital ,Thane", "category": "hospitals" }, "geometry": { "type": "Point", "coordinates": [ 72.9774014, 19.1991907 ] } },
{ "type": "Feature", "properties": { "element": "node", "id": 8816437186, "name": "Mathadi Hospital KK", "category": "hospitals" }, "geometry": { "type": "Point", "coordinates": [ 73.0037038, 19.1043782 ] } },
{ "type": "Feature", "properties": { "element": "node", "id": 8816467181, "name": "Acharya Shri Nanesh Hospital", "category": "hospitals" }, "geometry": { "type": "Point", "coordinates": [ 73.0411944, 19.0332935 ] } },
{ "type": "Feature", "properties": { "element": "node", "id": 8816476054, "name": "Stella Maris Hospital", "category": "hospitals" }, "geometry": { "type": "Point", "coordinates": [ 72.7931839, 19.2773875 ] } },
{ "type": "Feature", "properties": { "element": "node", "id": 8816493843, "name": "Family Care Hospitals", "category": "hospitals" }, "geometry": { "type": "Point", "coordinates": [ 72.8644811, 19.2966839 ] } },
{ "type": "Feature", "properties": { "element": "node", "id": 8816508984, "name": "CritiCare Hospital", "category": "hospitals" }, "geometry": { "type": "Point", "coordinates": [ 72.8504612, 19.1172807 ] } },
{ "type": "Feature", "properties": { "element": "node", "id": 8816579299, "name": "Vinamra Swaraj Hospital", "category": "hospitals" }, "geometry": { "type": "Point", "coordinates": [ 73.0030788, 19.0875015 ] } },
{ "type": "Feature", "properties": { "element": "node", "id": 8816683705, "name": "Horizon Prime Hospital", "category": "hospitals" }, "geometry": { "type": "Point", "coordinates": [ 72.9757217, 19.2481804 ] } },
{ "type": "Feature", "properties": { "element": "node", "id": 8816731696, "name": "Siddhivinayak Hospital", "category": "hospitals" }, "geometry": { "type": "Point", "coordinates": [ 72.9603982, 19.208752 ] } },
{ "type": "Feature", "properties": { "element": "node", "id": 8816957255, "name": "NMMC Hospitals", "category": "hospitals" }, "geometry": { "type": "Point", "coordinates": [ 73.0052622, 19.1475082 ] } },
{ "type": "Feature", "properties": { "element": "node", "id": 8817020641, "name": "Dr Mudit Khanna", "category": "hospitals" }, "geometry": { "type": "Point", "coordinates": [ 72.8237596, 18.9752297 ] } },
{ "type": "Feature", "properties": { "element": "node", "id": 8817571670, "name": "S.N. Hospital", "category": "hospitals" }, "geometry": { "type": "Point", "coordinates": [ 72.921592, 19.062128 ] } },
{ "type": "Feature", "properties": { "element": "node", "id": 8925493488, "name": "Dr Vaisya Eye Center", "category": "hospitals" }, "geometry": { "type": "Point", "coordinates": [ 72.9733533, 19.1869971 ] } },
{ "type": "Feature", "properties": { "element": "node", "id": 9027663699, "name": "Radhakrishna Hospital", "category": "hospitals" }, "geometry": { "type": "Point", "coordinates": [ 72.9749344, 19.1829552 ] } },
{ "type": "Feature", "properties": { "element": "node", "id": 9094324655, "name": "Anant Seva Hospital", "category": "hospitals" }, "geometry": { "type": "Point", "coordinates": [ 72.9675883, 19.1773323 ] } },
{ "type": "Feature", "properties": { "element": "node", "id": 9215422051, "name": "Gomathi Eye & Cornea Centre", "category": "hospitals" }, "geometry": { "type": "Point", "coordinates": [ 72.9632883, 19.1673177 ] } },
{ "type": "Feature", "properties": { "element": "node", "id": 9215424189, "name": "Axis Orthopaedic Hospital", "category": "hospitals" }, "geometry": { "type": "Point", "coordinates": [ 72.8273781, 19.1362893 ] } },
{ "type": "Feature", "properties": { "element": "node", "id": 9215451400, "name": "AL Kaleskar Hospital", "category": "hospitals" }, "geometry": { "type": "Point", "coordinates": [ 72.8122383, 19.136067 ] } },
{ "type": "Feature", "properties": { "element": "node", "id": 9215480148, "name": "Bhabha Hospital", "category": "hospitals" }, "geometry": { "type": "Point", "coordinates": [ 72.878112, 19.0708455 ] } },
{ "type": "Feature", "properties": { "element": "node", "id": 9215501855, "name": "Navkar Skin Hair And Laser Clinic", "category": "hospitals" }, "geometry": { "type": "Point", "coordinates": [ 72.8335458, 19.1908993 ] } },
{ "type": "Feature", "properties": { "element": "node", "id": 9215659357, "name": "Thyrocare Aarogyam Center - Dadar West", "category": "hospitals" }, "geometry": { "type": "Point", "coordinates": [ 72.8419304, 19.0207825 ] } },
{ "type": "Feature", "properties": { "element": "node", "id": 9215979185, "name": "Clear Vision Eye Care", "category": "hospitals" }, "geometry": { "type": "Point", "coordinates": [ 72.829265, 19.1469381 ] } },
{ "type": "Feature", "properties": { "element": "node", "id": 9216095818, "name": "Infinity Medisurge Centre Speciality Hospital", "category": "hospitals" }, "geometry": { "type": "Point", "coordinates": [ 72.9805872, 19.2124005 ] } },
{ "type": "Feature", "properties": { "element": "node", "id": 9441680530, "name": null, "category": "hospitals" }, "geometry": { "type": "Point", "coordinates": [ 72.8271482, 19.0554479 ] } },
{ "type": "Feature", "properties": { "element": "node", "id": 9470829702, "name": "Satvic Hospital", "category": "hospitals" }, "geometry": { "type": "Point", "coordinates": [ 72.894684, 19.0519425 ] } },
{ "type": "Feature", "properties": { "element": "node", "id": 9533834652, "name": "Kokilaben Dhirubhai Ambani Hospital", "category": "hospitals" }, "geometry": { "type": "Point", "coordinates": [ 72.824559, 19.131246 ] } },
{ "type": "Feature", "properties": { "element": "node", "id": 9795175655, "name": "Vaishali Hospital", "category": "hospitals" }, "geometry": { "type": "Point", "coordinates": [ 72.9877616, 19.1464171 ] } },
{ "type": "Feature", "properties": { "element": "node", "id": 10042422219, "name": "apple hospital", "category": "hospitals" }, "geometry": { "type": "Point", "coordinates": [ 72.9951001, 19.1444443 ] } },
{ "type": "Feature", "properties": { "element": "node", "id": 10172914421, "name": "Fauziya hospital", "category": "hospitals" }, "geometry": { "type": "Point", "coordinates": [ 72.8731767, 19.0627787 ] } },
{ "type": "Feature", "properties": { "element": "node", "id": 10172914423, "name": "bhabha hospital", "category": "hospitals" }, "geometry": { "type": "Point", "coordinates": [ 72.8781127, 19.0708724 ] } },
{ "type": "Feature", "properties": { "element": "node", "id": 10172914425, "name": "Alphine life solutions general hospital", "category": "hospitals" }, "geometry": { "type": "Point", "coordinates": [ 72.8710522, 19.072649 ] } },
{ "type": "Feature", "properties": { "element": "node", "id": 10172914426, "name": "Dalvi nursing home", "category": "hospitals" }, "geometry": { "type": "Point", "coordinates": [ 72.8732182, 19.0527267 ] } },
{ "type": "Feature", "properties": { "element": "node", "id": 10172914427, "name": "Prathamesh hospital", "category": "hospitals" }, "geometry": { "type": "Point", "coordinates": [ 72.8749595, 19.0528 ] } },
{ "type": "Feature", "properties": { "element": "node", "id": 10172914428, "name": "Brihanmumbai mucipality Hospital", "category": "hospitals" }, "geometry": { "type": "Point", "coordinates": [ 72.8751862, 19.0532885 ] } },
{ "type": "Feature", "properties": { "element": "node", "id": 10172914429, "name": "Santrupti hospital", "category": "hospitals" }, "geometry": { "type": "Point", "coordinates": [ 72.876812, 19.0532245 ] } },
{ "type": "Feature", "properties": { "element": "node", "id": 10172914433, "name": "Dr.Sanjay sonar laparoscopy and scopy centre", "category": "hospitals" }, "geometry": { "type": "Point", "coordinates": [ 72.8973108, 19.0590301 ] } },
{ "type": "Feature", "properties": { "element": "node", "id": 10172914443, "name": "Amita Patil Nursing Home", "category": "hospitals" }, "geometry": { "type": "Point", "coordinates": [ 72.8997239, 19.0622534 ] } },
{ "type": "Feature", "properties": { "element": "node", "id": 10172914444, "name": "Chandra maternity Hospital", "category": "hospitals" }, "geometry": { "type": "Point", "coordinates": [ 72.8941536, 19.0422679 ] } },
{ "type": "Feature", "properties": { "element": "node", "id": 10172914445, "name": "Chandra Hospital", "category": "hospitals" }, "geometry": { "type": "Point", "coordinates": [ 72.8947448, 19.0414049 ] } },
{ "type": "Feature", "properties": { "element": "node", "id": 10172914446, "name": "Shiv Hospital", "category": "hospitals" }, "geometry": { "type": "Point", "coordinates": [ 72.8940795, 19.0412186 ] } },
{ "type": "Feature", "properties": { "element": "node", "id": 10172914447, "name": "RCF Hospital", "category": "hospitals" }, "geometry": { "type": "Point", "coordinates": [ 72.8972639, 19.0406126 ] } },
{ "type": "Feature", "properties": { "element": "node", "id": 10172914448, "name": "Nayak medicare -chembur", "category": "hospitals" }, "geometry": { "type": "Point", "coordinates": [ 72.9024989, 19.0456806 ] } },
{ "type": "Feature", "properties": { "element": "node", "id": 10172914449, "name": "Inlaska Hospital", "category": "hospitals" }, "geometry": { "type": "Point", "coordinates": [ 72.8964139, 19.0466542 ] } },
{ "type": "Feature", "properties": { "element": "node", "id": 10607816273, "name": null, "category": "hospitals" }, "geometry": { "type": "Point", "coordinates": [ 72.8569934, 19.0814514 ] } },
{ "type": "Feature", "properties": { "element": "node", "id": 10616180012, "name": null, "category": "hospitals" }, "geometry": { "type": "Point", "coordinates": [ 72.8271144, 18.9783359 ] } },
{ "type": "Feature", "properties": { "element": "node", "id": 11050854563, "name": "Dr Ninad Tamboli- Urologist at Terna Hospital, Terna Speciality Hospital and research center", "category": "hospitals" }, "geometry": { "type": "Point", "coordinates": [ 73.0163389, 19.0315293 ] } },
{ "type": "Feature", "properties": { "element": "node", "id": 11192643417, "name": "Nursing Home", "category": "hospitals" }, "geometry": { "type": "Point", "coordinates": [ 72.8690282, 19.1108158 ] } },
{ "type": "Feature", "properties": { "element": "node", "id": 11263873540, "name": null, "category": "hospitals" }, "geometry": { "type": "Point", "coordinates": [ 72.9121067, 19.1015846 ] } },
{ "type": "Feature", "properties": { "element": "node", "id": 11424101550, "name": "Bhanushali Hospital", "category": "hospitals" }, "geometry": { "type": "Point", "coordinates": [ 72.9765945, 19.1887405 ] } },
{ "type": "Feature", "properties": { "element": "node", "id": 11424101551, "name": "Bhanushali hospital", "category": "hospitals" }, "geometry": { "type": "Point", "coordinates": [ 72.9761226, 19.188282 ] } },
{ "type": "Feature", "properties": { "element": "node", "id": 11426731276, "name": "KLS Memorial Hospital", "category": "hospitals" }, "geometry": { "type": "Point", "coordinates": [ 72.8408635, 19.1079187 ] } },
{ "type": "Feature", "properties": { "element": "node", "id": 11430465717, "name": "Noble chemist", "category": "hospitals" }, "geometry": { "type": "Point", "coordinates": [ 72.9022577, 19.0771201 ] } },
{ "type": "Feature", "properties": { "element": "node", "id": 11590822909, "name": "Navjeevan", "category": "hospitals" }, "geometry": { "type": "Point", "coordinates": [ 72.8583907, 19.2204634 ] } },
{ "type": "Feature", "properties": { "element": "node", "id": 11593466811, "name": "battlefield", "category": "hospitals" }, "geometry": { "type": "Point", "coordinates": [ 72.8502973, 19.2532453 ] } },
{ "type": "Feature", "properties": { "element": "node", "id": 11613055038, "name": "tirupathi metarnal and general hospital", "category": "hospitals" }, "geometry": { "type": "Point", "coordinates": [ 72.8650557, 19.2066191 ] } },
{ "type": "Feature", "properties": { "element": "node", "id": 11617868277, "name": "dr.anjali's hospital", "category": "hospitals" }, "geometry": { "type": "Point", "coordinates": [ 72.9160425, 19.1245264 ] } },
{ "type": "Feature", "properties": { "element": "node", "id": 11691635521, "name": "Cessna Lifeline Veterinary Hospital", "category": "hospitals" }, "geometry": { "type": "Point", "coordinates": [ 73.0338451, 19.0072459 ] } },
{ "type": "Feature", "properties": { "element": "node", "id": 12150771601, "name": "Agarwal Children's Hospital", "category": "hospitals" }, "geometry": { "type": "Point", "coordinates": [ 72.8480068, 19.0588838 ] } },
{ "type": "Feature", "properties": { "element": "node", "id": 12307080607, "name": "Sai Asha Hospital", "category": "hospitals" }, "geometry": { "type": "Point", "coordinates": [ 73.0190447, 19.0375602 ] } },
{ "type": "Feature", "properties": { "element": "node", "id": 12311758511, "name": "Parakh Hospital and Research Centre - Ghatkopar", "category": "hospitals" }, "geometry": { "type": "Point", "coordinates": [ 72.907615, 19.0845459 ] } },
{ "type": "Feature", "properties": { "element": "node", "id": 12413297718, "name": null, "category": "hospitals" }, "geometry": { "type": "Point", "coordinates": [ 72.8450037, 19.0722491 ] } },
{ "type": "Feature", "properties": { "element": "node", "id": 12415386367, "name": "sanjivani hospital", "category": "hospitals" }, "geometry": { "type": "Point", "coordinates": [ 72.8443905, 19.0726487 ] } },
{ "type": "Feature", "properties": { "element": "node", "id": 12555159227, "name": "siddiqui", "category": "hospitals" }, "geometry": { "type": "Point", "coordinates": [ 72.8288189, 18.9666988 ] } },
{ "type": "Feature", "properties": { "element": "node", "id": 12560946824, "name": "Apollo Hospitals", "category": "hospitals" }, "geometry": { "type": "Point", "coordinates": [ 72.831386, 18.9232674 ] } },
{ "type": "Feature", "properties": { "element": "node", "id": 12573856473, "name": "Indian Cancer Society", "category": "hospitals" }, "geometry": { "type": "Point", "coordinates": [ 72.8274992, 18.9231434 ] } },
{ "type": "Feature", "properties": { "element": "node", "id": 12591894395, "name": "Shree Sai Hospital", "category": "hospitals" }, "geometry": { "type": "Point", "coordinates": [ 72.9756809, 19.235091 ] } },
{ "type": "Feature", "properties": { "element": "node", "id": 12593809441, "name": "VARDHAN TEST TUBE CENTRE", "category": "hospitals" }, "geometry": { "type": "Point", "coordinates": [ 72.9705005, 19.2269445 ] } },
{ "type": "Feature", "properties": { "element": "node", "id": 12595485524, "name": "Titan", "category": "hospitals" }, "geometry": { "type": "Point", "coordinates": [ 72.9754906, 19.2359139 ] } },
{ "type": "Feature", "properties": { "element": "node", "id": 12603333590, "name": "Sattva Pediatric - Dr. Rishabh K. Shah", "category": "hospitals" }, "geometry": { "type": "Point", "coordinates": [ 72.8414756, 18.9899194 ] } },
{ "type": "Feature", "properties": { "element": "node", "id": 12688155437, "name": "Auro Skin Clinic", "category": "hospitals" }, "geometry": { "type": "Point", "coordinates": [ 72.8414741, 19.1059731 ] } },
{ "type": "Feature", "properties": { "element": "node", "id": 12777819069, "name": "Wockhardt Hospital", "category": "hospitals" }, "geometry": { "type": "Point", "coordinates": [ 72.8621952, 19.2842541 ] } },
{ "type": "Feature", "properties": { "element": "node", "id": 12786048113, "name": "Jain Multispeciality Hospital", "category": "hospitals" }, "geometry": { "type": "Point", "coordinates": [ 72.8648674, 19.2969701 ] } },
{ "type": "Feature", "properties": { "element": "node", "id": 13078411701, "name": "MIRA Cancer Superspeciality Hospital", "category": "hospitals" }, "geometry": { "type": "Point", "coordinates": [ 72.8503906, 19.2927424 ] } },
{ "type": "Feature", "properties": { "element": "node", "id": 13088720350, "name": "goel hospital", "category": "hospitals" }, "geometry": { "type": "Point", "coordinates": [ 72.8642165, 19.1100931 ] } },
{ "type": "Feature", "properties": { "element": "node", "id": 13089116837, "name": "Pinnacle Hospital", "category": "hospitals" }, "geometry": { "type": "Point", "coordinates": [ 72.9713793, 19.1972392 ] } },
{ "type": "Feature", "properties": { "element": "node", "id": 13239425002, "name": "Borivali Surgical Hospital LLP", "category": "hospitals" }, "geometry": { "type": "Point", "coordinates": [ 72.8620019, 19.2371999 ] } },
{ "type": "Feature", "properties": { "element": "node", "id": 13294133382, "name": "Sirvi Medical", "category": "hospitals" }, "geometry": { "type": "Point", "coordinates": [ 72.8185123, 19.2068922 ] } },
{ "type": "Feature", "properties": { "element": "node", "id": 13377774440, "name": "Kataria eye clinic", "category": "hospitals" }, "geometry": { "type": "Point", "coordinates": [ 72.8296146, 18.9192257 ] } },
{ "type": "Feature", "properties": { "element": "node", "id": 13430184140, "name": "GDHGDHGF", "category": "hospitals" }, "geometry": { "type": "Point", "coordinates": [ 72.8345101, 19.1624076 ] } },
{ "type": "Feature", "properties": { "element": "node", "id": 13500782695, "name": "M.W. Desai Municipal Genreal Hospital", "category": "hospitals" }, "geometry": { "type": "Point", "coordinates": [ 72.8511396, 19.1783947 ] } },
{ "type": "Feature", "properties": { "element": "node", "id": 13616879101, "name": "Seven Star Multispeciality Hospital", "category": "hospitals" }, "geometry": { "type": "Point", "coordinates": [ 72.8669883, 19.2119715 ] } },
{ "type": "Feature", "properties": { "element": "node", "id": 13633845989, "name": "M J Speciality Clinic - Dr Manoj Jain", "category": "hospitals" }, "geometry": { "type": "Point", "coordinates": [ 72.8386903, 19.0009418 ] } },
{ "type": "Feature", "properties": { "element": "node", "id": 13686430035, "name": "Gayatri Hospital", "category": "hospitals" }, "geometry": { "type": "Point", "coordinates": [ 72.8571367, 19.281044 ] } },
{ "type": "Feature", "properties": { "element": "node", "id": 13805568840, "name": "Healing Hands Clinic - Thane West", "category": "hospitals" }, "geometry": { "type": "Point", "coordinates": [ 72.9690861, 19.2596635 ] } },
{ "type": "Feature", "properties": { "element": "node", "id": 13805880401, "name": "Healing Hands Clinic - Andheri West, Mumbai", "category": "hospitals" }, "geometry": { "type": "Point", "coordinates": [ 72.8440998, 19.1272912 ] } },
{ "type": "Feature", "properties": { "element": "node", "id": 13808000655, "name": "Healing Hands Clinic - Vashi, New Mumbai", "category": "hospitals" }, "geometry": { "type": "Point", "coordinates": [ 73.0075398, 19.0853131 ] } },
{ "type": "Feature", "properties": { "element": "node", "id": 13996773101, "name": "Airport Health Organization", "category": "hospitals" }, "geometry": { "type": "Point", "coordinates": [ 72.8768021, 19.10341 ] } },
{ "type": "Feature", "properties": { "element": "node", "id": 14048349391, "name": "Aditya Ortho Spine Clinic", "category": "hospitals" }, "geometry": { "type": "Point", "coordinates": [ 72.9732809, 19.2563883 ] } },
{ "type": "Feature", "properties": { "element": "node", "id": 14144253668, "name": "cruelty free cosmetics", "category": "hospitals" }, "geometry": { "type": "Point", "coordinates": [ 72.8375189, 19.219474 ] } },
{ "type": "Feature", "properties": { "element": "node", "id": 14144253669, "name": "cruelty free cosmetics", "category": "hospitals" }, "geometry": { "type": "Point", "coordinates": [ 72.8353533, 19.2201786 ] } },
{ "type": "Feature", "properties": { "element": "node", "id": 14144295505, "name": "Dr. Agarwals Eye Hospital", "category": "hospitals" }, "geometry": { "type": "Point", "coordinates": [ 73.0049708, 19.0902203 ] } },
{ "type": "Feature", "properties": { "element": "relation", "id": 5354962, "name": "Dr D Y Patil Hospital and Research Center", "category": "hospitals" }, "geometry": { "type": "MultiPolygon", "coordinates": [ [ [ [ 73.0247331, 19.0406002 ], [ 73.0247297, 19.0406833 ], [ 73.0248127, 19.0406896 ], [ 73.0248127, 19.0407366 ], [ 73.0248904, 19.0407408 ], [ 73.0248591, 19.0407913 ], [ 73.0249439, 19.0409631 ], [ 73.0251887, 19.0409102 ], [ 73.0251793, 19.0406131 ], [ 73.0247331, 19.0406002 ] ] ], [ [ [ 73.0246679, 19.0414579 ], [ 73.0247647, 19.0414618 ], [ 73.0247519, 19.0417428 ], [ 73.0249218, 19.0417497 ], [ 73.0249307, 19.0415529 ], [ 73.024866, 19.0415078 ], [ 73.0249269, 19.0414297 ], [ 73.025168, 19.0414863 ], [ 73.0252144, 19.0413098 ], [ 73.024895, 19.0412349 ], [ 73.0248563, 19.041382 ], [ 73.0247476, 19.0413565 ], [ 73.0247247, 19.041334 ], [ 73.0247632, 19.0412701 ], [ 73.0247653, 19.0408799 ], [ 73.024727, 19.040783 ], [ 73.0247477, 19.0407641 ], [ 73.0245711, 19.0405912 ], [ 73.0244239, 19.0407255 ], [ 73.0243071, 19.0407026 ], [ 73.024269, 19.0408762 ], [ 73.0243555, 19.0408932 ], [ 73.0243673, 19.0408839 ], [ 73.0244265, 19.0408974 ], [ 73.0244179, 19.0409309 ], [ 73.0243615, 19.0409324 ], [ 73.0243686, 19.0411708 ], [ 73.0244259, 19.0411865 ], [ 73.0244283, 19.0412181 ], [ 73.0243497, 19.0412235 ], [ 73.0242593, 19.0412711 ], [ 73.0242958, 19.0414468 ], [ 73.0244359, 19.0414208 ], [ 73.0243634, 19.0414988 ], [ 73.0244943, 19.0416076 ], [ 73.0245996, 19.0414943 ], [ 73.0246661, 19.041497 ], [ 73.0246679, 19.0414579 ] ], [ [ 73.02461, 19.0408991 ], [ 73.0245181, 19.0409046 ], [ 73.0245352, 19.0408428 ], [ 73.02461, 19.0408991 ] ], [ [ 73.0245587, 19.0411029 ], [ 73.0245602, 19.0410278 ], [ 73.0246465, 19.0410293 ], [ 73.024645, 19.0411045 ], [ 73.0245587, 19.0411029 ] ], [ [ 73.0245337, 19.0412569 ], [ 73.024542, 19.0412193 ], [ 73.0245942, 19.0412237 ], [ 73.0245759, 19.0412652 ], [ 73.0245337, 19.0412569 ] ] ] ] } },
{ "type": "Feature", "properties": { "element": "way", "id": 31144296, "name": "Lilavati Hospital and Research Centre", "category": "hospitals" }, "geometry": { "type": "Polygon", "coordinates": [ [ [ 72.8297569, 19.0508211 ], [ 72.829257, 19.051578 ], [ 72.8285804, 19.0512777 ], [ 72.8285763, 19.0510502 ], [ 72.8290228, 19.0503724 ], [ 72.8297569, 19.0508211 ] ] ] } },
{ "type": "Feature", "properties": { "element": "way", "id": 31213763, "name": "Holy Family Hospital, Mumbai", "category": "hospitals" }, "geometry": { "type": "Polygon", "coordinates": [ [ [ 72.8267648, 19.0560779 ], [ 72.8267709, 19.0559475 ], [ 72.8267823, 19.055701 ], [ 72.8267854, 19.0554778 ], [ 72.8271174, 19.0554818 ], [ 72.8271253, 19.0549057 ], [ 72.827198, 19.0549066 ], [ 72.8274255, 19.0549103 ], [ 72.8275145, 19.0549122 ], [ 72.8274859, 19.0560954 ], [ 72.8267648, 19.0560779 ] ] ] } },
{ "type": "Feature", "properties": { "element": "way", "id": 39223162, "name": "ब्रीच कँडी हॉस्पिटल", "category": "hospitals" }, "geometry": { "type": "Polygon", "coordinates": [ [ [ 72.803795, 18.9723999 ], [ 72.8041555, 18.9723187 ], [ 72.8043958, 18.972619 ], [ 72.8048336, 18.9727408 ], [ 72.8047992, 18.9728706 ], [ 72.80431, 18.9727408 ], [ 72.8040954, 18.9724486 ], [ 72.8038294, 18.9725135 ], [ 72.803795, 18.9723999 ] ] ] } },
{ "type": "Feature", "properties": { "element": "way", "id": 39838498, "name": "Ruxmani Lying in Hospital", "category": "hospitals" }, "geometry": { "type": "Polygon", "coordinates": [ [ [ 72.8092481, 18.9578361 ], [ 72.809128, 18.95769 ], [ 72.8093254, 18.957625 ], [ 72.8094198, 18.9577387 ], [ 72.8092481, 18.9578361 ] ] ] } },
{ "type": "Feature", "properties": { "element": "way", "id": 46269216, "name": "Karuna Hospital", "category": "hospitals" }, "geometry": { "type": "Polygon", "coordinates": [ [ [ 72.8529236, 19.2409542 ], [ 72.8530201, 19.2410302 ], [ 72.8529665, 19.241091 ], [ 72.8530201, 19.2412024 ], [ 72.8531167, 19.241091 ], [ 72.8532508, 19.2411821 ], [ 72.8531489, 19.2412986 ], [ 72.8532776, 19.2413138 ], [ 72.8533313, 19.2412328 ], [ 72.8534654, 19.2413341 ], [ 72.8533527, 19.2414657 ], [ 72.8529987, 19.2414657 ], [ 72.8529343, 19.2414252 ], [ 72.8527948, 19.2410808 ], [ 72.8529236, 19.2409542 ] ] ] } },
{ "type": "Feature", "properties": { "element": "way", "id": 46715024, "name": "Bombay Hospital", "category": "hospitals" }, "geometry": { "type": "Polygon", "coordinates": [ [ [ 72.8280619, 18.940198 ], [ 72.8287516, 18.9403654 ], [ 72.8284385, 18.9413659 ], [ 72.8277085, 18.9411477 ], [ 72.8275769, 18.9411 ], [ 72.8274988, 18.9412904 ], [ 72.8270883, 18.941179 ], [ 72.8272539, 18.9406678 ], [ 72.8278239, 18.9408663 ], [ 72.8280619, 18.940198 ] ] ] } },
{ "type": "Feature", "properties": { "element": "way", "id": 49681498, "name": "Lokmanya Tilak Hospital", "category": "hospitals" }, "geometry": { "type": "Polygon", "coordinates": [ [ [ 72.8581106, 19.0360806 ], [ 72.8583026, 19.0358885 ], [ 72.8597511, 19.0353273 ], [ 72.860318, 19.0367462 ], [ 72.8586434, 19.0373889 ], [ 72.8581106, 19.0360806 ] ] ] } },
{ "type": "Feature", "properties": { "element": "way", "id": 50884815, "name": "St George Hospital", "category": "hospitals" }, "geometry": { "type": "Polygon", "coordinates": [ [ [ 72.8381355, 18.9407336 ], [ 72.8381769, 18.9408227 ], [ 72.8379096, 18.9409286 ], [ 72.8377799, 18.94098 ], [ 72.8375868, 18.9405589 ], [ 72.8379838, 18.9404067 ], [ 72.8380263, 18.9404982 ], [ 72.8379784, 18.9405183 ], [ 72.8380857, 18.9407568 ], [ 72.8381355, 18.9407336 ] ] ] } },
{ "type": "Feature", "properties": { "element": "way", "id": 56199740, "name": "Saifee Hospital", "category": "hospitals" }, "geometry": { "type": "Polygon", "coordinates": [ [ [ 72.8185702, 18.9521343 ], [ 72.8187022, 18.9522816 ], [ 72.8177592, 18.9529406 ], [ 72.8176647, 18.9528291 ], [ 72.8176966, 18.9527596 ], [ 72.8185702, 18.9521343 ] ] ] } },
{ "type": "Feature", "properties": { "element": "way", "id": 107441511, "name": "St George Hospital", "category": "hospitals" }, "geometry": { "type": "Polygon", "coordinates": [ [ [ 72.8374771, 18.9432496 ], [ 72.8377433, 18.9435985 ], [ 72.8379427, 18.9441657 ], [ 72.838609, 18.9438793 ], [ 72.8391722, 18.9436665 ], [ 72.8390285, 18.9431558 ], [ 72.838564, 18.9412732 ], [ 72.8380998, 18.9392546 ], [ 72.8371388, 18.9395207 ], [ 72.8369286, 18.9414178 ], [ 72.8369878, 18.9416584 ], [ 72.8372772, 18.9416522 ], [ 72.8374771, 18.9432496 ] ] ] } },
{ "type": "Feature", "properties": { "element": "way", "id": 112781797, "name": "Acworth Leper Asylum", "category": "hospitals" }, "geometry": { "type": "Polygon", "coordinates": [ [ [ 72.8574014, 19.0211771 ], [ 72.8589049, 19.0209503 ], [ 72.8588338, 19.0204278 ], [ 72.8605096, 19.0201928 ], [ 72.8602182, 19.0192046 ], [ 72.8595165, 19.0192633 ], [ 72.8591857, 19.0194047 ], [ 72.8589927, 19.0193824 ], [ 72.8589021, 19.0192186 ], [ 72.8588785, 19.0189989 ], [ 72.8575206, 19.0190616 ], [ 72.8569821, 19.0193913 ], [ 72.8569997, 19.0196684 ], [ 72.8574014, 19.0211771 ] ] ] } },
{ "type": "Feature", "properties": { "element": "way", "id": 113561019, "name": "Mahatma Gandhi Memorial Hospital", "category": "hospitals" }, "geometry": { "type": "Polygon", "coordinates": [ [ [ 72.8425819, 18.9960758 ], [ 72.842726, 18.9961997 ], [ 72.8431135, 18.996905 ], [ 72.8436316, 18.9967467 ], [ 72.8435429, 18.9972483 ], [ 72.8419594, 18.9979121 ], [ 72.8418229, 18.9976802 ], [ 72.8410548, 18.9979736 ], [ 72.8405206, 18.9971823 ], [ 72.8415405, 18.9966368 ], [ 72.841729, 18.9965141 ], [ 72.8425819, 18.9960758 ] ] ] } },
{ "type": "Feature", "properties": { "element": "way", "id": 113570522, "name": "Tata Memorial Cancer Hospital", "category": "hospitals" }, "geometry": { "type": "Polygon", "coordinates": [ [ [ 72.8433832, 19.0059956 ], [ 72.8433743, 19.0054933 ], [ 72.8434334, 19.0054924 ], [ 72.8434307, 19.0053402 ], [ 72.8426768, 19.0053521 ], [ 72.8426812, 19.0055987 ], [ 72.8427896, 19.005597 ], [ 72.8427968, 19.0060049 ], [ 72.8433832, 19.0059956 ] ] ] } },
{ "type": "Feature", "properties": { "element": "way", "id": 113576203, "name": "Haffkine Institute For Training, Research & Testing", "category": "hospitals" }, "geometry": { "type": "Polygon", "coordinates": [ [ [ 72.8437904, 19.0020113 ], [ 72.8438994, 19.0031178 ], [ 72.8452288, 19.0043243 ], [ 72.8459264, 19.0043242 ], [ 72.8462465, 19.0041072 ], [ 72.8463971, 19.0039163 ], [ 72.8464655, 19.0034416 ], [ 72.8466015, 19.0031813 ], [ 72.846798, 19.0029646 ], [ 72.8470324, 19.0028775 ], [ 72.8468803, 19.0022389 ], [ 72.8462424, 19.0005585 ], [ 72.8456701, 19.0008682 ], [ 72.8447301, 19.0013768 ], [ 72.8437904, 19.0020113 ] ] ] } },
{ "type": "Feature", "properties": { "element": "way", "id": 113716576, "name": "Hinduja Clinic", "category": "hospitals" }, "geometry": { "type": "Polygon", "coordinates": [ [ [ 72.8387547, 19.0329157 ], [ 72.8387426, 19.0327895 ], [ 72.8391364, 19.0326962 ], [ 72.839232, 19.0329452 ], [ 72.8393222, 19.0329023 ], [ 72.8394537, 19.0333038 ], [ 72.8388383, 19.0334494 ], [ 72.8387547, 19.0329157 ] ] ] } },
{ "type": "Feature", "properties": { "element": "way", "id": 113716578, "name": "Hinduja Hospital", "category": "hospitals" }, "geometry": { "type": "Polygon", "coordinates": [ [ [ 72.8377435, 19.0327661 ], [ 72.8385025, 19.0327357 ], [ 72.8385253, 19.0332123 ], [ 72.8386004, 19.0336282 ], [ 72.8379976, 19.0337229 ], [ 72.8379419, 19.0332352 ], [ 72.8378025, 19.033007 ], [ 72.8377435, 19.0327661 ] ] ] } },
{ "type": "Feature", "properties": { "element": "way", "id": 116342799, "name": "Aditya Jyot Eye Hospital", "category": "hospitals" }, "geometry": { "type": "Polygon", "coordinates": [ [ [ 72.8590688, 19.021313 ], [ 72.8590511, 19.0211306 ], [ 72.8592095, 19.0211168 ], [ 72.8592272, 19.0212993 ], [ 72.8590688, 19.021313 ] ] ] } },
{ "type": "Feature", "properties": { "element": "way", "id": 143950812, "name": "Karbhari", "category": "hospitals" }, "geometry": { "type": "Polygon", "coordinates": [ [ [ 72.8469193, 19.1032884 ], [ 72.8470264, 19.1033044 ], [ 72.8470399, 19.1031903 ], [ 72.8469488, 19.1031718 ], [ 72.8469193, 19.1032884 ] ] ] } },
{ "type": "Feature", "properties": { "element": "way", "id": 150485811, "name": "Jaslok Hospital and Research Centre", "category": "hospitals" }, "geometry": { "type": "Polygon", "coordinates": [ [ [ 72.8095997, 18.9719226 ], [ 72.810202, 18.9719764 ], [ 72.8102836, 18.9711607 ], [ 72.8099342, 18.9711294 ], [ 72.8098993, 18.9714784 ], [ 72.8096463, 18.9714558 ], [ 72.8095997, 18.9719226 ] ] ] } },
{ "type": "Feature", "properties": { "element": "way", "id": 150491113, "name": "sathya udaiyar", "category": "hospitals" }, "geometry": { "type": "Polygon", "coordinates": [ [ [ 72.8234588, 19.1318871 ], [ 72.8233868, 19.1315457 ], [ 72.8241463, 19.131355 ], [ 72.8240667, 19.1308964 ], [ 72.8240561, 19.1308615 ], [ 72.8255553, 19.13054 ], [ 72.8255608, 19.130717 ], [ 72.8244504, 19.1308995 ], [ 72.8244102, 19.1309476 ], [ 72.8243431, 19.1309983 ], [ 72.8242331, 19.1310439 ], [ 72.8241768, 19.1310693 ], [ 72.8243029, 19.1316825 ], [ 72.8234588, 19.1318871 ] ] ] } },
{ "type": "Feature", "properties": { "element": "way", "id": 151806615, "name": "Lalita Girdhar (Hinduja Hospital)", "category": "hospitals" }, "geometry": { "type": "Polygon", "coordinates": [ [ [ 72.8393416, 19.0320669 ], [ 72.8393212, 19.0319324 ], [ 72.8394263, 19.031922 ], [ 72.8394753, 19.031947 ], [ 72.8395515, 19.0318651 ], [ 72.8396044, 19.0318295 ], [ 72.8396253, 19.0318692 ], [ 72.8397602, 19.0318409 ], [ 72.839874, 19.0318019 ], [ 72.8399255, 19.0319497 ], [ 72.8393416, 19.0320669 ] ] ] } },
{ "type": "Feature", "properties": { "element": "way", "id": 151861276, "name": "Mental Hospital", "category": "hospitals" }, "geometry": { "type": "Polygon", "coordinates": [ [ [ 72.9645126, 19.1800315 ], [ 72.9643452, 19.1804907 ], [ 72.9634924, 19.1803025 ], [ 72.9625918, 19.1832232 ], [ 72.9613485, 19.1832608 ], [ 72.9613564, 19.1826285 ], [ 72.9605116, 19.1822898 ], [ 72.9596509, 19.180995 ], [ 72.9596429, 19.1801745 ], [ 72.9595472, 19.1795196 ], [ 72.9606391, 19.1791809 ], [ 72.9610058, 19.1788572 ], [ 72.9615557, 19.1794745 ], [ 72.9624563, 19.1784482 ], [ 72.9626528, 19.1781811 ], [ 72.9645126, 19.1800315 ] ] ] } },
{ "type": "Feature", "properties": { "element": "way", "id": 152206203, "name": "Chhatrapati Shivaji Hospital", "category": "hospitals" }, "geometry": { "type": "Polygon", "coordinates": [ [ [ 72.9873426, 19.1934423 ], [ 72.9855273, 19.1937098 ], [ 72.9859509, 19.1909398 ], [ 72.9862136, 19.1909672 ], [ 72.9862318, 19.1908114 ], [ 72.9877838, 19.1910348 ], [ 72.9873426, 19.1934423 ] ] ] } },
{ "type": "Feature", "properties": { "element": "way", "id": 152244251, "name": "BPT Hospital", "category": "hospitals" }, "geometry": { "type": "Polygon", "coordinates": [ [ [ 72.860356, 19.0116259 ], [ 72.8618315, 19.0112105 ], [ 72.8624784, 19.0133514 ], [ 72.86209, 19.0133494 ], [ 72.8625911, 19.0146208 ], [ 72.8625156, 19.0147029 ], [ 72.860657, 19.0134179 ], [ 72.8605715, 19.0123652 ], [ 72.860356, 19.0116259 ] ] ] } },
{ "type": "Feature", "properties": { "element": "way", "id": 152357350, "name": "Holy Spirit Hospital", "category": "hospitals" }, "geometry": { "type": "Polygon", "coordinates": [ [ [ 72.8657412, 19.1295546 ], [ 72.8648913, 19.1282761 ], [ 72.8661176, 19.127677 ], [ 72.8671707, 19.1271055 ], [ 72.8674306, 19.1278745 ], [ 72.8675195, 19.1286564 ], [ 72.8657412, 19.1295546 ] ] ] } },
{ "type": "Feature", "properties": { "element": "way", "id": 154837118, "name": "Niron Hospital and Research Center", "category": "hospitals" }, "geometry": { "type": "Polygon", "coordinates": [ [ [ 72.8581228, 19.0771611 ], [ 72.8582462, 19.0771028 ], [ 72.8582032, 19.0770394 ], [ 72.8584421, 19.0768494 ], [ 72.8585669, 19.0769119 ], [ 72.8588056, 19.0769424 ], [ 72.8587343, 19.0771308 ], [ 72.858442, 19.077113 ], [ 72.8583214, 19.0770217 ], [ 72.8582757, 19.0770571 ], [ 72.8583132, 19.0771129 ], [ 72.8581511, 19.077216 ], [ 72.8581228, 19.0771611 ] ] ] } },
{ "type": "Feature", "properties": { "element": "way", "id": 202918725, "name": "S.L. Raheja Hospital", "category": "hospitals" }, "geometry": { "type": "Polygon", "coordinates": [ [ [ 72.8422835, 19.0458668 ], [ 72.8429939, 19.046047 ], [ 72.8425878, 19.046962 ], [ 72.8420002, 19.0468027 ], [ 72.8422835, 19.0458668 ] ] ] } },
{ "type": "Feature", "properties": { "element": "way", "id": 203215801, "name": "Brihanmumbai Municipalty Hospital", "category": "hospitals" }, "geometry": { "type": "Polygon", "coordinates": [ [ [ 72.8750184, 19.0533035 ], [ 72.8751539, 19.0530998 ], [ 72.8753815, 19.0532351 ], [ 72.8752459, 19.0534388 ], [ 72.8750184, 19.0533035 ] ] ] } },
{ "type": "Feature", "properties": { "element": "way", "id": 204886718, "name": "Vimala Dermatological Centra", "category": "hospitals" }, "geometry": { "type": "Polygon", "coordinates": [ [ [ 72.8087569, 19.1376703 ], [ 72.8090762, 19.1373108 ], [ 72.8095858, 19.137511 ], [ 72.8098539, 19.1375056 ], [ 72.8102108, 19.1376757 ], [ 72.8099298, 19.1383055 ], [ 72.8094627, 19.138164 ], [ 72.8091461, 19.1379854 ], [ 72.8087569, 19.1376703 ] ] ] } },
{ "type": "Feature", "properties": { "element": "way", "id": 206806614, "name": "Atmasingh Jassasingh Bankebihar Municipal ENT Hospital", "category": "hospitals" }, "geometry": { "type": "Polygon", "coordinates": [ [ [ 72.8311351, 18.9349497 ], [ 72.8311884, 18.9346354 ], [ 72.8315509, 18.9346959 ], [ 72.8315101, 18.9348842 ], [ 72.8312435, 18.9349699 ], [ 72.8311351, 18.9349497 ] ] ] } },
{ "type": "Feature", "properties": { "element": "way", "id": 207319558, "name": "Lady Willingdon Building", "category": "hospitals" }, "geometry": { "type": "Polygon", "coordinates": [ [ [ 72.8295858, 18.9425149 ], [ 72.8295322, 18.9427586 ], [ 72.829545, 18.9429208 ], [ 72.8296089, 18.9430467 ], [ 72.8297292, 18.9430927 ], [ 72.8298751, 18.9430612 ], [ 72.8301154, 18.9428926 ], [ 72.829843, 18.9425622 ], [ 72.8295858, 18.9425149 ] ] ] } },
{ "type": "Feature", "properties": { "element": "way", "id": 207324961, "name": "Bombay Hospital and Medical Research Center", "category": "hospitals" }, "geometry": { "type": "Polygon", "coordinates": [ [ [ 72.827466, 18.9412747 ], [ 72.8272184, 18.941192 ], [ 72.8273848, 18.9407465 ], [ 72.8276324, 18.9408293 ], [ 72.827466, 18.9412747 ] ] ] } },
{ "type": "Feature", "properties": { "element": "way", "id": 207376648, "name": "Cama Hospital", "category": "hospitals" }, "geometry": { "type": "Polygon", "coordinates": [ [ [ 72.8327955, 18.9419915 ], [ 72.8324878, 18.9415447 ], [ 72.8314214, 18.9422969 ], [ 72.8317038, 18.9426487 ], [ 72.8321128, 18.9431631 ], [ 72.8321405, 18.9431476 ], [ 72.8321641, 18.9431835 ], [ 72.8323103, 18.9430769 ], [ 72.8319106, 18.9425781 ], [ 72.8327955, 18.9419915 ] ] ] } },
{ "type": "Feature", "properties": { "element": "way", "id": 207376654, "name": "गोकुळदास तेजपाल रुग्णालय", "category": "hospitals" }, "geometry": { "type": "Polygon", "coordinates": [ [ [ 72.8311988, 18.9449475 ], [ 72.8321158, 18.9456638 ], [ 72.8327425, 18.9450085 ], [ 72.8325766, 18.9446033 ], [ 72.8316354, 18.9438209 ], [ 72.8312302, 18.9443333 ], [ 72.8309156, 18.9447231 ], [ 72.8306845, 18.9450094 ], [ 72.8309513, 18.9452136 ], [ 72.8311988, 18.9449475 ] ] ] } },
{ "type": "Feature", "properties": { "element": "way", "id": 229636994, "name": "Dharavi Hospital", "category": "hospitals" }, "geometry": { "type": "Polygon", "coordinates": [ [ [ 72.8516797, 19.0398203 ], [ 72.8519339, 19.040336 ], [ 72.8521823, 19.0402266 ], [ 72.8521082, 19.0400762 ], [ 72.8519556, 19.0401434 ], [ 72.8518437, 19.0399161 ], [ 72.8519923, 19.0398508 ], [ 72.8519241, 19.0397125 ], [ 72.8518517, 19.0397443 ], [ 72.8518687, 19.0397788 ], [ 72.8517823, 19.0398168 ], [ 72.8517654, 19.0397825 ], [ 72.8516797, 19.0398203 ] ] ] } },
{ "type": "Feature", "properties": { "element": "way", "id": 257479165, "name": "L H Fortis Hospital", "category": "hospitals" }, "geometry": { "type": "Polygon", "coordinates": [ [ [ 72.9969617, 19.0833514 ], [ 72.9960826, 19.0839364 ], [ 72.9950919, 19.0827854 ], [ 72.9960687, 19.0821345 ], [ 72.9969617, 19.0833514 ] ] ] } },
{ "type": "Feature", "properties": { "element": "way", "id": 260786332, "name": "Crtiti Care Asia Hospital", "category": "hospitals" }, "geometry": { "type": "Polygon", "coordinates": [ [ [ 72.8863946, 19.0764767 ], [ 72.8866663, 19.07613 ], [ 72.8858573, 19.0755458 ], [ 72.8857324, 19.075722 ], [ 72.8856074, 19.0758981 ], [ 72.8863946, 19.0764767 ] ] ] } },
{ "type": "Feature", "properties": { "element": "way", "id": 288426702, "name": "Conwest And Manjula S. Badani Jain Hospital", "category": "hospitals" }, "geometry": { "type": "Polygon", "coordinates": [ [ [ 72.8210141, 18.9546271 ], [ 72.8212241, 18.9546933 ], [ 72.8212193, 18.9548643 ], [ 72.8209701, 18.9548273 ], [ 72.8210141, 18.9546271 ] ] ] } },
{ "type": "Feature", "properties": { "element": "way", "id": 288446227, "name": "Sir H. N. Hospital & Research Centre;Sir H.N Reliance foundation hospital", "category": "hospitals" }, "geometry": { "type": "Polygon", "coordinates": [ [ [ 72.8199678, 18.9590027 ], [ 72.8198935, 18.9594189 ], [ 72.8199944, 18.9594351 ], [ 72.8200032, 18.9593862 ], [ 72.820094, 18.9594007 ], [ 72.8201011, 18.9593611 ], [ 72.8202014, 18.9593771 ], [ 72.8203529, 18.9585278 ], [ 72.8201484, 18.9584952 ], [ 72.8200554, 18.9590167 ], [ 72.8199678, 18.9590027 ] ] ] } },
{ "type": "Feature", "properties": { "element": "way", "id": 315448033, "name": "Rajeev Gandhi Medical Centre", "category": "hospitals" }, "geometry": { "type": "Polygon", "coordinates": [ [ [ 72.922163, 19.0694984 ], [ 72.922551, 19.069459 ], [ 72.9223936, 19.0687005 ], [ 72.9220954, 19.0688224 ], [ 72.9218717, 19.0689462 ], [ 72.922163, 19.0694984 ] ] ] } },
{ "type": "Feature", "properties": { "element": "way", "id": 315510913, "name": "Maa General Hospital", "category": "hospitals" }, "geometry": { "type": "Polygon", "coordinates": [ [ [ 72.89652, 19.0623929 ], [ 72.8967534, 19.0623004 ], [ 72.8964946, 19.0615728 ], [ 72.8962411, 19.0616527 ], [ 72.89652, 19.0623929 ] ] ] } },
{ "type": "Feature", "properties": { "element": "way", "id": 352774599, "name": "Hiranandani Hospital", "category": "hospitals" }, "geometry": { "type": "Polygon", "coordinates": [ [ [ 72.9799324, 19.2525395 ], [ 72.9799976, 19.252672 ], [ 72.9800074, 19.2526677 ], [ 72.980034, 19.2527221 ], [ 72.9800696, 19.2527065 ], [ 72.9800788, 19.2527251 ], [ 72.9800934, 19.2527187 ], [ 72.9801112, 19.2527549 ], [ 72.9801322, 19.2527457 ], [ 72.9801395, 19.2527606 ], [ 72.9801701, 19.2527472 ], [ 72.9801587, 19.2527241 ], [ 72.9802162, 19.2526989 ], [ 72.9802209, 19.2527086 ], [ 72.9802589, 19.252692 ], [ 72.9802443, 19.2526623 ], [ 72.9802797, 19.2526468 ], [ 72.9801749, 19.2524334 ], [ 72.9799324, 19.2525395 ] ] ] } },
{ "type": "Feature", "properties": { "element": "way", "id": 352780597, "name": "Riddhi Siddhi Hospital, Thane", "category": "hospitals" }, "geometry": { "type": "Polygon", "coordinates": [ [ [ 72.8652666, 19.2890498 ], [ 72.8651466, 19.2891421 ], [ 72.8651818, 19.2891828 ], [ 72.8651985, 19.2891701 ], [ 72.865229, 19.2892055 ], [ 72.8652129, 19.2892179 ], [ 72.8653129, 19.2893336 ], [ 72.8653323, 19.2893187 ], [ 72.8653583, 19.289349 ], [ 72.8653378, 19.2893648 ], [ 72.8653804, 19.289414 ], [ 72.8653747, 19.2894184 ], [ 72.8654073, 19.2894561 ], [ 72.8654202, 19.2894462 ], [ 72.8654914, 19.2895287 ], [ 72.8654695, 19.2895456 ], [ 72.8654895, 19.2895687 ], [ 72.8655529, 19.2895199 ], [ 72.8655647, 19.2895335 ], [ 72.8655899, 19.2895141 ], [ 72.8655744, 19.2894961 ], [ 72.8656239, 19.2894579 ], [ 72.8656093, 19.2894411 ], [ 72.8655898, 19.289456 ], [ 72.8655182, 19.2893732 ], [ 72.8655415, 19.2893553 ], [ 72.8654689, 19.2892713 ], [ 72.8654503, 19.2892857 ], [ 72.8654082, 19.2892369 ], [ 72.8654245, 19.2892244 ], [ 72.8653361, 19.2891222 ], [ 72.865313, 19.28914 ], [ 72.8652818, 19.289104 ], [ 72.8653008, 19.2890894 ], [ 72.8652666, 19.2890498 ] ] ] } },
{ "type": "Feature", "properties": { "element": "way", "id": 352788940, "name": "Phoenix Hospital", "category": "hospitals" }, "geometry": { "type": "Polygon", "coordinates": [ [ [ 72.8380674, 19.2196295 ], [ 72.8381426, 19.2196316 ], [ 72.8381493, 19.2194172 ], [ 72.8380741, 19.2194151 ], [ 72.8380674, 19.2196295 ] ] ] } },
{ "type": "Feature", "properties": { "element": "way", "id": 352921869, "name": null, "category": "hospitals" }, "geometry": { "type": "Polygon", "coordinates": [ [ [ 72.8621866, 19.2612456 ], [ 72.8623399, 19.2611018 ], [ 72.8622865, 19.2610511 ], [ 72.8622404, 19.2610944 ], [ 72.8622607, 19.2611137 ], [ 72.8621967, 19.2611736 ], [ 72.8621764, 19.2611543 ], [ 72.8621332, 19.2611949 ], [ 72.8621866, 19.2612456 ] ] ] } },
{ "type": "Feature", "properties": { "element": "way", "id": 353139106, "name": "Dr. L. H. Hiranandani Hospital", "category": "hospitals" }, "geometry": { "type": "Polygon", "coordinates": [ [ [ 72.9172368, 19.1210592 ], [ 72.9175925, 19.1209386 ], [ 72.9175821, 19.1207223 ], [ 72.9173107, 19.120384 ], [ 72.9169426, 19.1199252 ], [ 72.9167307, 19.1196767 ], [ 72.9165097, 19.1194659 ], [ 72.9165154, 19.1195522 ], [ 72.9165471, 19.1196328 ], [ 72.9166566, 19.1199248 ], [ 72.916834, 19.1203754 ], [ 72.9169067, 19.1205569 ], [ 72.9168786, 19.1206506 ], [ 72.9169889, 19.1208599 ], [ 72.9170719, 19.1210283 ], [ 72.9171094, 19.1210925 ], [ 72.9172368, 19.1210592 ] ] ] } },
{ "type": "Feature", "properties": { "element": "way", "id": 353174274, "name": "City Hospital and Reserch Centre", "category": "hospitals" }, "geometry": { "type": "Polygon", "coordinates": [ [ [ 72.8818513, 19.0811378 ], [ 72.8820724, 19.0811435 ], [ 72.8820782, 19.0809415 ], [ 72.8819715, 19.0809387 ], [ 72.8819702, 19.0809813 ], [ 72.8818558, 19.0809784 ], [ 72.8818542, 19.0810341 ], [ 72.8818513, 19.0811378 ] ] ] } },
{ "type": "Feature", "properties": { "element": "way", "id": 353353382, "name": "Apollo Spectra Hospitals", "category": "hospitals" }, "geometry": { "type": "Polygon", "coordinates": [ [ [ 72.8144936, 18.9705711 ], [ 72.8147066, 18.970588 ], [ 72.8147374, 18.9702393 ], [ 72.814571, 18.9702262 ], [ 72.8145749, 18.9701825 ], [ 72.8145466, 18.9701803 ], [ 72.8145439, 18.9702108 ], [ 72.8145063, 18.9702078 ], [ 72.8144992, 18.9702884 ], [ 72.8145184, 18.97029 ], [ 72.8144936, 18.9705711 ] ] ] } },
{ "type": "Feature", "properties": { "element": "way", "id": 353378830, "name": "Sanjeevni hospital", "category": "hospitals" }, "geometry": { "type": "Polygon", "coordinates": [ [ [ 72.8682315, 19.0278581 ], [ 72.8683723, 19.0278374 ], [ 72.8683552, 19.0277334 ], [ 72.868275, 19.0277452 ], [ 72.8682144, 19.0277542 ], [ 72.8682315, 19.0278581 ] ] ] } },
{ "type": "Feature", "properties": { "element": "way", "id": 353382920, "name": "M. M Medicial Clinic and OPD", "category": "hospitals" }, "geometry": { "type": "Polygon", "coordinates": [ [ [ 72.8502157, 19.2485301 ], [ 72.850233, 19.2487699 ], [ 72.8504112, 19.2487584 ], [ 72.8503939, 19.2485186 ], [ 72.8502157, 19.2485301 ] ] ] } },
{ "type": "Feature", "properties": { "element": "way", "id": 353418036, "name": null, "category": "hospitals" }, "geometry": { "type": "Polygon", "coordinates": [ [ [ 72.8400771, 19.0798478 ], [ 72.8401071, 19.0798602 ], [ 72.8400723, 19.0799358 ], [ 72.8402754, 19.0800196 ], [ 72.8403563, 19.0798445 ], [ 72.8402171, 19.0797871 ], [ 72.8402035, 19.0798166 ], [ 72.8401094, 19.0797777 ], [ 72.8400771, 19.0798478 ] ] ] } },
{ "type": "Feature", "properties": { "element": "way", "id": 353426775, "name": "Ashoka General Hospital I.C.C.U and Maternity Home", "category": "hospitals" }, "geometry": { "type": "Polygon", "coordinates": [ [ [ 72.8529505, 19.1819201 ], [ 72.8530942, 19.1819098 ], [ 72.853076, 19.1819428 ], [ 72.8531616, 19.1819849 ], [ 72.8532856, 19.1817598 ], [ 72.8531717, 19.18171 ], [ 72.8531471, 19.181626 ], [ 72.8531134, 19.1816398 ], [ 72.8531156, 19.1816537 ], [ 72.8530865, 19.181658 ], [ 72.8530842, 19.1816441 ], [ 72.8530433, 19.18165 ], [ 72.8530683, 19.1818034 ], [ 72.8529419, 19.1818125 ], [ 72.8529461, 19.1818646 ], [ 72.8529768, 19.1818624 ], [ 72.8529789, 19.1818893 ], [ 72.8529482, 19.1818915 ], [ 72.8529505, 19.1819201 ] ] ] } },
{ "type": "Feature", "properties": { "element": "way", "id": 353770780, "name": "Seawoods Hospital", "category": "hospitals" }, "geometry": { "type": "Polygon", "coordinates": [ [ [ 73.0157168, 19.0111891 ], [ 73.0158819, 19.0110452 ], [ 73.0157703, 19.0109308 ], [ 73.0156052, 19.0110747 ], [ 73.0157168, 19.0111891 ] ] ] } },
{ "type": "Feature", "properties": { "element": "way", "id": 353772277, "name": "Maru Hospital", "category": "hospitals" }, "geometry": { "type": "Polygon", "coordinates": [ [ [ 72.8369875, 18.9984289 ], [ 72.8370557, 18.9984299 ], [ 72.83706, 18.9981669 ], [ 72.8369918, 18.9981659 ], [ 72.8369875, 18.9984289 ] ] ] } },
{ "type": "Feature", "properties": { "element": "way", "id": 353785599, "name": "Aniket Nursing Home", "category": "hospitals" }, "geometry": { "type": "Polygon", "coordinates": [ [ [ 72.9348373, 19.1305652 ], [ 72.9349775, 19.1304461 ], [ 72.9349446, 19.1304116 ], [ 72.9349182, 19.1304341 ], [ 72.9348034, 19.1303134 ], [ 72.9348235, 19.1302963 ], [ 72.934801, 19.1302727 ], [ 72.9346729, 19.1303814 ], [ 72.9347015, 19.1304115 ], [ 72.9347079, 19.130406 ], [ 72.934748, 19.1304482 ], [ 72.9347528, 19.1304442 ], [ 72.9348293, 19.1305245 ], [ 72.9348123, 19.130539 ], [ 72.9348373, 19.1305652 ] ] ] } },
{ "type": "Feature", "properties": { "element": "way", "id": 353789941, "name": "Jaydish Nursing Home", "category": "hospitals" }, "geometry": { "type": "Polygon", "coordinates": [ [ [ 72.9981587, 19.0733243 ], [ 72.9985808, 19.0732863 ], [ 72.9985548, 19.0730277 ], [ 72.9981327, 19.0730657 ], [ 72.9981433, 19.0731716 ], [ 72.9984228, 19.0731464 ], [ 72.9984275, 19.0731939 ], [ 72.9981481, 19.073219 ], [ 72.9981587, 19.0733243 ] ] ] } },
{ "type": "Feature", "properties": { "element": "way", "id": 353799754, "name": "Balaji Hospital", "category": "hospitals" }, "geometry": { "type": "Polygon", "coordinates": [ [ [ 72.8351831, 18.9774883 ], [ 72.8355857, 18.9774443 ], [ 72.8355529, 18.9769854 ], [ 72.8351222, 18.9770115 ], [ 72.8351831, 18.9774883 ] ] ] } },
{ "type": "Feature", "properties": { "element": "way", "id": 353815190, "name": "janhavi nursing home", "category": "hospitals" }, "geometry": { "type": "Polygon", "coordinates": [ [ [ 72.8423524, 19.1845202 ], [ 72.8424695, 19.1845202 ], [ 72.8424695, 19.184452 ], [ 72.8425594, 19.184452 ], [ 72.8425594, 19.1845202 ], [ 72.8426404, 19.1845202 ], [ 72.8426404, 19.1843907 ], [ 72.8423524, 19.1843907 ], [ 72.8423524, 19.1845202 ] ] ] } },
{ "type": "Feature", "properties": { "element": "way", "id": 353981991, "name": "Kaizen Quro", "category": "hospitals" }, "geometry": { "type": "Polygon", "coordinates": [ [ [ 72.8547499, 19.0784578 ], [ 72.8548657, 19.0784864 ], [ 72.8548691, 19.0783899 ], [ 72.8551514, 19.0784475 ], [ 72.8551171, 19.0785166 ], [ 72.8551813, 19.0785482 ], [ 72.8552629, 19.0783736 ], [ 72.8547927, 19.0782728 ], [ 72.8547499, 19.0784578 ] ] ] } },
{ "type": "Feature", "properties": { "element": "way", "id": 354226836, "name": "The Vein Center Thane", "category": "hospitals" }, "geometry": { "type": "Polygon", "coordinates": [ [ [ 72.9760491, 19.1883203 ], [ 72.9760825, 19.1883203 ], [ 72.9760825, 19.1883494 ], [ 72.9761829, 19.1883494 ], [ 72.9761829, 19.1881868 ], [ 72.9760491, 19.1881868 ], [ 72.9760491, 19.1883203 ] ] ] } },
{ "type": "Feature", "properties": { "element": "way", "id": 354802397, "name": "Radha Krishna Hospital", "category": "hospitals" }, "geometry": { "type": "Polygon", "coordinates": [ [ [ 72.8738151, 19.172797 ], [ 72.8740344, 19.1728116 ], [ 72.8740697, 19.172337 ], [ 72.8738504, 19.1723225 ], [ 72.8738478, 19.1723571 ], [ 72.8738764, 19.172359 ], [ 72.8738483, 19.1727373 ], [ 72.8738197, 19.1727354 ], [ 72.8738151, 19.172797 ] ] ] } },
{ "type": "Feature", "properties": { "element": "way", "id": 356207236, "name": "umerkhadi hospital", "category": "hospitals" }, "geometry": { "type": "Polygon", "coordinates": [ [ [ 72.8365214, 18.9615004 ], [ 72.8366924, 18.9614668 ], [ 72.836653, 18.9612873 ], [ 72.836482, 18.961321 ], [ 72.8365214, 18.9615004 ] ] ] } },
{ "type": "Feature", "properties": { "element": "way", "id": 356531751, "name": "Gokul maternity and Surgical home", "category": "hospitals" }, "geometry": { "type": "Polygon", "coordinates": [ [ [ 72.8793975, 19.1213876 ], [ 72.879558, 19.1213933 ], [ 72.8795619, 19.1212951 ], [ 72.8794014, 19.1212894 ], [ 72.8793975, 19.1213876 ] ] ] } },
{ "type": "Feature", "properties": { "element": "way", "id": 356531771, "name": "The Vein Center Andheri", "category": "hospitals" }, "geometry": { "type": "Polygon", "coordinates": [ [ [ 72.8793747, 19.1207491 ], [ 72.8794521, 19.1207484 ], [ 72.8794505, 19.1205853 ], [ 72.8793732, 19.1205859 ], [ 72.8793747, 19.1207491 ] ] ] } },
{ "type": "Feature", "properties": { "element": "way", "id": 357360289, "name": "smriti narvekar", "category": "hospitals" }, "geometry": { "type": "Polygon", "coordinates": [ [ [ 72.8439357, 19.031568 ], [ 72.8441167, 19.031531 ], [ 72.8440563, 19.0312671 ], [ 72.8438754, 19.031304 ], [ 72.8439357, 19.031568 ] ] ] } },
{ "type": "Feature", "properties": { "element": "way", "id": 357472226, "name": "The Vein Center Mumbai", "category": "hospitals" }, "geometry": { "type": "Polygon", "coordinates": [ [ [ 72.836917, 19.0685152 ], [ 72.8369236, 19.0686278 ], [ 72.8371362, 19.0686166 ], [ 72.8371295, 19.068504 ], [ 72.836917, 19.0685152 ] ] ] } },
{ "type": "Feature", "properties": { "element": "way", "id": 359075839, "name": null, "category": "hospitals" }, "geometry": { "type": "Polygon", "coordinates": [ [ [ 72.8628788, 19.2205314 ], [ 72.8631314, 19.2205396 ], [ 72.8631381, 19.2204739 ], [ 72.8631359, 19.2204335 ], [ 72.8628731, 19.2204122 ], [ 72.8628753, 19.2204718 ], [ 72.8628788, 19.2205314 ] ] ] } },
{ "type": "Feature", "properties": { "element": "way", "id": 395048290, "name": "Thunga", "category": "hospitals" }, "geometry": { "type": "Polygon", "coordinates": [ [ [ 72.8269663, 19.1212949 ], [ 72.8268108, 19.1209656 ], [ 72.8268882, 19.120928 ], [ 72.8270276, 19.1210624 ], [ 72.8270705, 19.1212448 ], [ 72.8269663, 19.1212949 ] ] ] } },
{ "type": "Feature", "properties": { "element": "way", "id": 411617420, "name": "Shatabdi Hospital", "category": "hospitals" }, "geometry": { "type": "Polygon", "coordinates": [ [ [ 72.9106103, 19.049969 ], [ 72.9107072, 19.050417 ], [ 72.9119061, 19.0500215 ], [ 72.9118686, 19.0497578 ], [ 72.9115816, 19.0498161 ], [ 72.9114128, 19.0489684 ], [ 72.9114035, 19.0487215 ], [ 72.9112636, 19.048745 ], [ 72.9104287, 19.0488856 ], [ 72.9103625, 19.0489344 ], [ 72.9103506, 19.0490175 ], [ 72.9105965, 19.0499184 ], [ 72.9106103, 19.049969 ] ] ] } },
{ "type": "Feature", "properties": { "element": "way", "id": 415784678, "name": "Dr Ajayan's Multispeciality Hospital", "category": "hospitals" }, "geometry": { "type": "Polygon", "coordinates": [ [ [ 73.0091833, 19.100388 ], [ 73.0095467, 19.1004921 ], [ 73.0096615, 19.1001344 ], [ 73.009298, 19.1000303 ], [ 73.0091833, 19.100388 ] ] ] } },
{ "type": "Feature", "properties": { "element": "way", "id": 416402984, "name": "well care hospital", "category": "hospitals" }, "geometry": { "type": "Polygon", "coordinates": [ [ [ 72.917801, 18.8830102 ], [ 72.9178921, 18.8829652 ], [ 72.917864, 18.8829144 ], [ 72.917773, 18.8829595 ], [ 72.917801, 18.8830102 ] ] ] } },
{ "type": "Feature", "properties": { "element": "way", "id": 430029987, "name": "K B H B Charitable Ophthalmic and E.N.T Hospital", "category": "hospitals" }, "geometry": { "type": "Polygon", "coordinates": [ [ [ 72.8410937, 19.0025191 ], [ 72.8399753, 19.0028535 ], [ 72.8397502, 19.002178 ], [ 72.840761, 19.0018374 ], [ 72.8410937, 19.0025191 ] ] ] } },
{ "type": "Feature", "properties": { "element": "way", "id": 430223744, "name": "Dr. Babasaheb Ambedkar Memorial Central Railway Hospital", "category": "hospitals" }, "geometry": { "type": "Polygon", "coordinates": [ [ [ 72.8329852, 18.9795934 ], [ 72.8329855, 18.980323 ], [ 72.8332496, 18.9810628 ], [ 72.8341773, 18.9807749 ], [ 72.8337999, 18.9792309 ], [ 72.8333265, 18.9793441 ], [ 72.833268, 18.9794371 ], [ 72.833167, 18.9795302 ], [ 72.8330765, 18.9795654 ], [ 72.8329852, 18.9795934 ] ] ] } },
{ "type": "Feature", "properties": { "element": "way", "id": 430418378, "name": "Asian Heart Institute", "category": "hospitals" }, "geometry": { "type": "Polygon", "coordinates": [ [ [ 72.8605034, 19.0647644 ], [ 72.8604461, 19.0648746 ], [ 72.8602099, 19.0649062 ], [ 72.8602135, 19.0649456 ], [ 72.8602486, 19.0652101 ], [ 72.8603705, 19.0651941 ], [ 72.8604366, 19.065784 ], [ 72.8612577, 19.0656848 ], [ 72.8612444, 19.0655094 ], [ 72.8616134, 19.0650704 ], [ 72.860991, 19.0647166 ], [ 72.8608443, 19.0649532 ], [ 72.8605034, 19.0647644 ] ] ] } },
{ "type": "Feature", "properties": { "element": "way", "id": 436606769, "name": "Godrej Memorial Hospital, Mumbai", "category": "hospitals" }, "geometry": { "type": "Polygon", "coordinates": [ [ [ 72.927049, 19.103538 ], [ 72.9278858, 19.1031857 ], [ 72.928095, 19.1036292 ], [ 72.9285564, 19.1033428 ], [ 72.92872, 19.1038244 ], [ 72.9280709, 19.1041108 ], [ 72.9279126, 19.1043617 ], [ 72.9280038, 19.1046684 ], [ 72.9280253, 19.1048204 ], [ 72.9279743, 19.1050029 ], [ 72.9278912, 19.1050739 ], [ 72.9276337, 19.1051372 ], [ 72.9276149, 19.1049319 ], [ 72.9275291, 19.1046455 ], [ 72.927049, 19.103538 ] ] ] } },
{ "type": "Feature", "properties": { "element": "way", "id": 488981959, "name": "Mahatma Gandhi Mission's New Bombay Hospital", "category": "hospitals" }, "geometry": { "type": "Polygon", "coordinates": [ [ [ 72.993445, 19.0730116 ], [ 72.994357, 19.0729355 ], [ 72.9942926, 19.0722815 ], [ 72.9933914, 19.0723373 ], [ 72.993445, 19.0730116 ] ] ] } },
{ "type": "Feature", "properties": { "element": "way", "id": 549692990, "name": "Bhaskar EyeCare", "category": "hospitals" }, "geometry": { "type": "Polygon", "coordinates": [ [ [ 72.9611689, 19.2742004 ], [ 72.9613399, 19.2742863 ], [ 72.961369, 19.274252 ], [ 72.9614272, 19.2743241 ], [ 72.96154, 19.2742348 ], [ 72.9614818, 19.2741558 ], [ 72.9615437, 19.2741146 ], [ 72.9614636, 19.2739497 ], [ 72.9611689, 19.2742004 ] ] ] } },
{ "type": "Feature", "properties": { "element": "way", "id": 554967613, "name": "Hindu Hruday Samrat Balasaheb Thackerey Trauma Care Municipal Hospital", "category": "hospitals" }, "geometry": { "type": "Polygon", "coordinates": [ [ [ 72.8539752, 19.1406307 ], [ 72.8542042, 19.1408226 ], [ 72.8543892, 19.1412381 ], [ 72.8529543, 19.1412305 ], [ 72.8529516, 19.1411038 ], [ 72.8534183, 19.1408302 ], [ 72.8539752, 19.1406307 ] ] ] } },
{ "type": "Feature", "properties": { "element": "way", "id": 555700628, "name": "Savla Hospital", "category": "hospitals" }, "geometry": { "type": "Polygon", "coordinates": [ [ [ 73.016711, 19.0159997 ], [ 73.0170304, 19.0157083 ], [ 73.0178331, 19.0157055 ], [ 73.0178388, 19.0166179 ], [ 73.0178275, 19.0166598 ], [ 73.0178138, 19.0166981 ], [ 73.0177939, 19.0167344 ], [ 73.0177652, 19.0167714 ], [ 73.0177313, 19.0168046 ], [ 73.0176904, 19.0168341 ], [ 73.0176464, 19.0168577 ], [ 73.0176047, 19.0168696 ], [ 73.017561, 19.0168643 ], [ 73.0175309, 19.016849 ], [ 73.0175068, 19.0168298 ], [ 73.016711, 19.0159997 ] ] ] } },
{ "type": "Feature", "properties": { "element": "way", "id": 561501151, "name": "Dr. D.Y. Patil Hospital", "category": "hospitals" }, "geometry": { "type": "Polygon", "coordinates": [ [ [ 73.0233369, 19.040935 ], [ 73.0235666, 19.0411684 ], [ 73.0238815, 19.0414803 ], [ 73.0240347, 19.0416305 ], [ 73.0243458, 19.0419405 ], [ 73.0244912, 19.0419461 ], [ 73.0247885, 19.0419568 ], [ 73.0248206, 19.0419271 ], [ 73.0252371, 19.0415121 ], [ 73.0254162, 19.0412847 ], [ 73.0255201, 19.0410878 ], [ 73.0255219, 19.0409286 ], [ 73.025435, 19.0408157 ], [ 73.0252597, 19.0406018 ], [ 73.0255986, 19.0403287 ], [ 73.0256891, 19.0402495 ], [ 73.0254775, 19.0400289 ], [ 73.025448, 19.0400543 ], [ 73.0250895, 19.0403628 ], [ 73.0248394, 19.0401092 ], [ 73.0248174, 19.0401276 ], [ 73.0245153, 19.0403799 ], [ 73.0244703, 19.0404173 ], [ 73.0243116, 19.0405506 ], [ 73.0242436, 19.0406077 ], [ 73.0240311, 19.0403561 ], [ 73.0233369, 19.040935 ] ] ] } },
{ "type": "Feature", "properties": { "element": "way", "id": 563568594, "name": "Meenatai Thakre Hospital", "category": "hospitals" }, "geometry": { "type": "Polygon", "coordinates": [ [ [ 73.0202401, 19.0339113 ], [ 73.0205115, 19.0338923 ], [ 73.0209917, 19.0338588 ], [ 73.0213079, 19.03417 ], [ 73.0210348, 19.0344094 ], [ 73.0204206, 19.0344523 ], [ 73.020392, 19.034087 ], [ 73.0202546, 19.0340966 ], [ 73.0202401, 19.0339113 ] ] ] } },
{ "type": "Feature", "properties": { "element": "way", "id": 566277100, "name": "Apollo Hospitals - Navi Mumbai", "category": "hospitals" }, "geometry": { "type": "Polygon", "coordinates": [ [ [ 73.0285687, 19.0212448 ], [ 73.0296198, 19.0210173 ], [ 73.0295542, 19.0204047 ], [ 73.0295049, 19.0199435 ], [ 73.0294959, 19.0198596 ], [ 73.0294464, 19.0197726 ], [ 73.0294026, 19.0197314 ], [ 73.0293555, 19.0197036 ], [ 73.0292919, 19.0196867 ], [ 73.0292107, 19.0196889 ], [ 73.0291281, 19.0197245 ], [ 73.0290535, 19.0197926 ], [ 73.029004, 19.0198796 ], [ 73.0289449, 19.0199923 ], [ 73.0286076, 19.0207496 ], [ 73.0285594, 19.0211021 ], [ 73.0285687, 19.0212448 ] ] ] } },
{ "type": "Feature", "properties": { "element": "way", "id": 572043474, "name": "Mahatma Gandhi Missions Hospital", "category": "hospitals" }, "geometry": { "type": "Polygon", "coordinates": [ [ [ 73.0414272, 19.0262018 ], [ 73.0419578, 19.0257283 ], [ 73.0416216, 19.0253034 ], [ 73.0414871, 19.0254215 ], [ 73.0410384, 19.0258158 ], [ 73.0414272, 19.0262018 ] ] ] } },
{ "type": "Feature", "properties": { "element": "way", "id": 572046185, "name": "ESIC Hospital", "category": "hospitals" }, "geometry": { "type": "Polygon", "coordinates": [ [ [ 72.9893399, 19.0749895 ], [ 72.9903494, 19.074902 ], [ 72.9902459, 19.0738369 ], [ 72.9892366, 19.0739245 ], [ 72.9893399, 19.0749895 ] ] ] } },
{ "type": "Feature", "properties": { "element": "way", "id": 576734402, "name": "NMMC Hospital", "category": "hospitals" }, "geometry": { "type": "Polygon", "coordinates": [ [ [ 73.0160082, 19.0114788 ], [ 73.016099, 19.0115718 ], [ 73.016269, 19.0114234 ], [ 73.0161782, 19.0113304 ], [ 73.0160082, 19.0114788 ] ] ] } },
{ "type": "Feature", "properties": { "element": "way", "id": 578325215, "name": "Sunshine Hospital", "category": "hospitals" }, "geometry": { "type": "Polygon", "coordinates": [ [ [ 73.0096193, 19.0364455 ], [ 73.0098341, 19.0364365 ], [ 73.009822, 19.0361769 ], [ 73.0096072, 19.0361858 ], [ 73.0096193, 19.0364455 ] ] ] } },
{ "type": "Feature", "properties": { "element": "way", "id": 618791586, "name": "Nowrosjee Wadia Maternity Hospital", "category": "hospitals" }, "geometry": { "type": "Polygon", "coordinates": [ [ [ 72.8408459, 19.0047571 ], [ 72.8410441, 19.0051988 ], [ 72.8418314, 19.0051752 ], [ 72.8438994, 19.0031178 ], [ 72.8437904, 19.0020113 ], [ 72.8433755, 19.0023236 ], [ 72.8408459, 19.0047571 ] ] ] } },
{ "type": "Feature", "properties": { "element": "way", "id": 627539064, "name": "ESIC Hospital", "category": "hospitals" }, "geometry": { "type": "Polygon", "coordinates": [ [ [ 72.9562408, 19.2044853 ], [ 72.9556695, 19.2037178 ], [ 72.9563776, 19.2032568 ], [ 72.9569328, 19.2040445 ], [ 72.9562408, 19.2044853 ] ] ] } },
{ "type": "Feature", "properties": { "element": "way", "id": 627628780, "name": "Fortis Hospitals", "category": "hospitals" }, "geometry": { "type": "Polygon", "coordinates": [ [ [ 72.9422933, 19.1622152 ], [ 72.9420599, 19.1616932 ], [ 72.9421994, 19.1616425 ], [ 72.9419526, 19.1610674 ], [ 72.9414859, 19.1612371 ], [ 72.9413036, 19.1609007 ], [ 72.9410139, 19.1609914 ], [ 72.9413749, 19.1618669 ], [ 72.94173, 19.1620682 ], [ 72.9418721, 19.1623824 ], [ 72.9422933, 19.1622152 ] ] ] } },
{ "type": "Feature", "properties": { "element": "way", "id": 627628785, "name": "ESIS Hospital", "category": "hospitals" }, "geometry": { "type": "Polygon", "coordinates": [ [ [ 72.9457694, 19.1801875 ], [ 72.9452008, 19.1805472 ], [ 72.9451525, 19.1813781 ], [ 72.943747, 19.1818746 ], [ 72.9422557, 19.1797213 ], [ 72.9446134, 19.1784015 ], [ 72.9448548, 19.1786675 ], [ 72.945241, 19.1792628 ], [ 72.9457694, 19.1801875 ] ] ] } },
{ "type": "Feature", "properties": { "element": "way", "id": 628890939, "name": "Aarey Hospital", "category": "hospitals" }, "geometry": { "type": "Polygon", "coordinates": [ [ [ 72.8750342, 19.1464655 ], [ 72.8768849, 19.1464909 ], [ 72.8764021, 19.1484977 ], [ 72.8758603, 19.1483406 ], [ 72.8755116, 19.1480466 ], [ 72.8752166, 19.1476463 ], [ 72.8749913, 19.147175 ], [ 72.8749806, 19.1467138 ], [ 72.8750342, 19.1464655 ] ] ] } },
{ "type": "Feature", "properties": { "element": "way", "id": 632266782, "name": "V.D. SAWARKAR HOSPITAL", "category": "hospitals" }, "geometry": { "type": "Polygon", "coordinates": [ [ [ 72.9605846, 19.1718704 ], [ 72.9606141, 19.1715258 ], [ 72.960134, 19.1715081 ], [ 72.9601206, 19.1718628 ], [ 72.9605846, 19.1718704 ] ] ] } },
{ "type": "Feature", "properties": { "element": "way", "id": 636938965, "name": "Civil Hospital", "category": "hospitals" }, "geometry": { "type": "Polygon", "coordinates": [ [ [ 72.9776331, 19.1990265 ], [ 72.9783148, 19.1990539 ], [ 72.9786057, 19.1990225 ], [ 72.9787955, 19.1989963 ], [ 72.9787769, 19.1979708 ], [ 72.9776081, 19.1980726 ], [ 72.9776331, 19.1990265 ] ] ] } },
{ "type": "Feature", "properties": { "element": "way", "id": 637107876, "name": "Ajmera Hospital", "category": "hospitals" }, "geometry": { "type": "Polygon", "coordinates": [ [ [ 73.0401618, 19.0308054 ], [ 73.0401536, 19.0302601 ], [ 73.0406525, 19.0302533 ], [ 73.0406608, 19.0307986 ], [ 73.0401618, 19.0308054 ] ] ] } },
{ "type": "Feature", "properties": { "element": "way", "id": 661924838, "name": "Reliance Hospital", "category": "hospitals" }, "geometry": { "type": "Polygon", "coordinates": [ [ [ 73.0116448, 19.1059327 ], [ 73.0125956, 19.1063162 ], [ 73.0133396, 19.1050177 ], [ 73.0137475, 19.1041424 ], [ 73.0124359, 19.1036326 ], [ 73.0120678, 19.1046246 ], [ 73.0119088, 19.1051956 ], [ 73.0116448, 19.1059327 ] ] ] } },
{ "type": "Feature", "properties": { "element": "way", "id": 665481038, "name": "K B Bhabha Municipal General Hospital", "category": "hospitals" }, "geometry": { "type": "Polygon", "coordinates": [ [ [ 72.8338301, 19.0576636 ], [ 72.8338596, 19.0571185 ], [ 72.833438, 19.0570865 ], [ 72.8330576, 19.0570577 ], [ 72.8330362, 19.0576712 ], [ 72.8337577, 19.0577092 ], [ 72.8338301, 19.0576636 ] ] ] } },
{ "type": "Feature", "properties": { "element": "way", "id": 665670055, "name": "Aditi Hospital", "category": "hospitals" }, "geometry": { "type": "Polygon", "coordinates": [ [ [ 72.9484677, 19.1719806 ], [ 72.948603, 19.1721164 ], [ 72.9488497, 19.1718973 ], [ 72.9487145, 19.1717614 ], [ 72.9484677, 19.1719806 ] ] ] } },
{ "type": "Feature", "properties": { "element": "way", "id": 665670056, "name": "Hira-Mongi Navneet Hospital", "category": "hospitals" }, "geometry": { "type": "Polygon", "coordinates": [ [ [ 72.9499, 19.170933 ], [ 72.9501967, 19.171227 ], [ 72.95054, 19.1709179 ], [ 72.9502434, 19.1706239 ], [ 72.9499, 19.170933 ] ] ] } },
{ "type": "Feature", "properties": { "element": "way", "id": 680690375, "name": "Aarogyam Multispeciality Hospital, Thane", "category": "hospitals" }, "geometry": { "type": "Polygon", "coordinates": [ [ [ 72.9768441, 19.1842421 ], [ 72.9769621, 19.1842319 ], [ 72.9769433, 19.1841559 ], [ 72.9769245, 19.1840799 ], [ 72.9768065, 19.1840875 ], [ 72.9768145, 19.1841179 ], [ 72.9768441, 19.184123 ], [ 72.9768441, 19.1841534 ], [ 72.9768199, 19.1841635 ], [ 72.9768306, 19.1841965 ], [ 72.9768628, 19.1841914 ], [ 72.9768601, 19.1842193 ], [ 72.976836, 19.1842218 ], [ 72.9768441, 19.1842421 ] ] ] } },
{ "type": "Feature", "properties": { "element": "way", "id": 681030493, "name": "Ankur Hospital", "category": "hospitals" }, "geometry": { "type": "Polygon", "coordinates": [ [ [ 72.9742129, 19.184956 ], [ 72.9743366, 19.1849907 ], [ 72.9743667, 19.1848992 ], [ 72.9743633, 19.1848455 ], [ 72.9742229, 19.1848328 ], [ 72.9742129, 19.184956 ] ] ] } },
{ "type": "Feature", "properties": { "element": "way", "id": 682033023, "name": "Ma Vaishnavi", "category": "hospitals" }, "geometry": { "type": "Polygon", "coordinates": [ [ [ 72.9732377, 19.1809314 ], [ 72.9734068, 19.1809438 ], [ 72.973413, 19.1809247 ], [ 72.9733851, 19.1808938 ], [ 72.9733771, 19.1807809 ], [ 72.9732257, 19.180836 ], [ 72.9732377, 19.1809314 ] ] ] } },
{ "type": "Feature", "properties": { "element": "way", "id": 685841718, "name": "Ashwini Maternity and Nursing Home", "category": "hospitals" }, "geometry": { "type": "Polygon", "coordinates": [ [ [ 72.9746259, 19.1952297 ], [ 72.9747347, 19.1952239 ], [ 72.9747276, 19.195105 ], [ 72.9746187, 19.1951108 ], [ 72.9746259, 19.1952297 ] ] ] } },
{ "type": "Feature", "properties": { "element": "way", "id": 723323008, "name": "IIT Hospital", "category": "hospitals" }, "geometry": { "type": "Polygon", "coordinates": [ [ [ 72.9147899, 19.1311503 ], [ 72.9148355, 19.1303926 ], [ 72.913878, 19.1303597 ], [ 72.9138431, 19.1304027 ], [ 72.9137331, 19.1304357 ], [ 72.9137117, 19.130499 ], [ 72.913653, 19.130907 ], [ 72.9136446, 19.1311225 ], [ 72.913776, 19.13113 ], [ 72.9147899, 19.1311503 ] ] ] } },
{ "type": "Feature", "properties": { "element": "way", "id": 803325198, "name": "J. J. Hospital", "category": "hospitals" }, "geometry": { "type": "Polygon", "coordinates": [ [ [ 72.8324449, 18.9621207 ], [ 72.833007, 18.962207 ], [ 72.8343645, 18.9622038 ], [ 72.8348159, 18.9624252 ], [ 72.8352105, 18.9626339 ], [ 72.835585, 18.9626655 ], [ 72.8362136, 18.9625675 ], [ 72.8368292, 18.9625744 ], [ 72.8370896, 18.9636679 ], [ 72.8374014, 18.9645787 ], [ 72.8369243, 18.9646097 ], [ 72.8358243, 18.9647332 ], [ 72.8358764, 18.9653437 ], [ 72.8352188, 18.9654004 ], [ 72.8344192, 18.9654512 ], [ 72.8325906, 18.965598 ], [ 72.8324094, 18.9647859 ], [ 72.8322757, 18.9641218 ], [ 72.8322144, 18.9631661 ], [ 72.8321768, 18.9622819 ], [ 72.8321917, 18.9622029 ], [ 72.8322492, 18.9621467 ], [ 72.8323403, 18.9621168 ], [ 72.8324449, 18.9621207 ] ] ] } },
{ "type": "Feature", "properties": { "element": "way", "id": 818665088, "name": "Neurogen Hospital", "category": "hospitals" }, "geometry": { "type": "Polygon", "coordinates": [ [ [ 73.0148894, 19.0214894 ], [ 73.0150384, 19.0216394 ], [ 73.0152815, 19.0214236 ], [ 73.0151324, 19.0212736 ], [ 73.0148894, 19.0214894 ] ] ] } },
{ "type": "Feature", "properties": { "element": "way", "id": 820951209, "name": "School of Medical Assistants", "category": "hospitals" }, "geometry": { "type": "Polygon", "coordinates": [ [ [ 72.813794, 18.8997142 ], [ 72.8138054, 18.8997141 ], [ 72.8139714, 18.8997127 ], [ 72.8139694, 18.899501 ], [ 72.8140175, 18.8995006 ], [ 72.8140157, 18.8993116 ], [ 72.8139676, 18.899312 ], [ 72.813966, 18.8991519 ], [ 72.8137887, 18.8991534 ], [ 72.813794, 18.8997142 ] ] ] } },
{ "type": "Feature", "properties": { "element": "way", "id": 851756494, "name": null, "category": "hospitals" }, "geometry": { "type": "Polygon", "coordinates": [ [ [ 72.838559, 18.9676579 ], [ 72.8388546, 18.9674169 ], [ 72.8389809, 18.9676094 ], [ 72.838559, 18.9676579 ] ] ] } },
{ "type": "Feature", "properties": { "element": "way", "id": 898024674, "name": "Jupiter Hospital", "category": "hospitals" }, "geometry": { "type": "Polygon", "coordinates": [ [ [ 72.9720504, 19.2102602 ], [ 72.9716955, 19.2099158 ], [ 72.9727851, 19.2089143 ], [ 72.972865, 19.2089918 ], [ 72.9726111, 19.2092252 ], [ 72.973124, 19.2097227 ], [ 72.9725922, 19.2102115 ], [ 72.9723544, 19.2099808 ], [ 72.9720504, 19.2102602 ] ] ] } },
{ "type": "Feature", "properties": { "element": "way", "id": 921285425, "name": "Bethany Hospital", "category": "hospitals" }, "geometry": { "type": "Polygon", "coordinates": [ [ [ 72.9622503, 19.2201081 ], [ 72.9623482, 19.2197596 ], [ 72.9621345, 19.2197238 ], [ 72.9620747, 19.2196828 ], [ 72.9620426, 19.2196369 ], [ 72.9620036, 19.2195727 ], [ 72.9619718, 19.2195366 ], [ 72.9619243, 19.2195321 ], [ 72.9614649, 19.2196921 ], [ 72.9617465, 19.2203176 ], [ 72.9620022, 19.2202065 ], [ 72.9622503, 19.2201081 ] ] ] } },
{ "type": "Feature", "properties": { "element": "way", "id": 924798584, "name": "Yashada Maternity and Nursing Home", "category": "hospitals" }, "geometry": { "type": "Polygon", "coordinates": [ [ [ 72.8543028, 19.1662744 ], [ 72.8544, 19.1662691 ], [ 72.8544123, 19.166134 ], [ 72.854305, 19.1661308 ], [ 72.8543028, 19.1662744 ] ] ] } },
{ "type": "Feature", "properties": { "element": "way", "id": 928814532, "name": "MRR Childrens hospital", "category": "hospitals" }, "geometry": { "type": "Polygon", "coordinates": [ [ [ 72.9602652, 19.2118224 ], [ 72.9595558, 19.2112985 ], [ 72.9590305, 19.2119329 ], [ 72.9597399, 19.2124567 ], [ 72.9598028, 19.2123807 ], [ 72.9602652, 19.2118224 ] ] ] } },
{ "type": "Feature", "properties": { "element": "way", "id": 930357881, "name": null, "category": "hospitals" }, "geometry": { "type": "Polygon", "coordinates": [ [ [ 72.9714391, 19.2299614 ], [ 72.9714629, 19.2298166 ], [ 72.9713309, 19.2296825 ], [ 72.9712381, 19.229596 ], [ 72.9713268, 19.2295469 ], [ 72.9714301, 19.2295165 ], [ 72.971532, 19.2295342 ], [ 72.9718555, 19.2300132 ], [ 72.971622, 19.2301736 ], [ 72.9714391, 19.2299614 ] ] ] } },
{ "type": "Feature", "properties": { "element": "way", "id": 946542572, "name": "Thane COVID Hospital", "category": "hospitals" }, "geometry": { "type": "Polygon", "coordinates": [ [ [ 72.9940304, 19.2121016 ], [ 72.9939425, 19.2121319 ], [ 72.9939196, 19.2120727 ], [ 72.9930993, 19.2123558 ], [ 72.9936609, 19.2138067 ], [ 72.9938748, 19.2135378 ], [ 72.994009, 19.2133478 ], [ 72.9940572, 19.2132237 ], [ 72.9940948, 19.2130287 ], [ 72.9941216, 19.2127957 ], [ 72.994135, 19.2124867 ], [ 72.9941002, 19.2122942 ], [ 72.9940304, 19.2121016 ] ] ] } },
{ "type": "Feature", "properties": { "element": "way", "id": 956061044, "name": "TMC Kausa Health Centre", "category": "hospitals" }, "geometry": { "type": "Polygon", "coordinates": [ [ [ 73.0328298, 19.1707197 ], [ 73.032776, 19.1710307 ], [ 73.0325057, 19.1711748 ], [ 73.0317614, 19.1717808 ], [ 73.0315028, 19.1720369 ], [ 73.0312281, 19.1719905 ], [ 73.0311627, 19.1719181 ], [ 73.0313534, 19.1706087 ], [ 73.0328298, 19.1707197 ] ] ] } },
{ "type": "Feature", "properties": { "element": "way", "id": 957214449, "name": "Tieten Medicity", "category": "hospitals" }, "geometry": { "type": "Polygon", "coordinates": [ [ [ 72.9629168, 19.2714832 ], [ 72.9631823, 19.2718022 ], [ 72.9631877, 19.2718503 ], [ 72.9631689, 19.2718782 ], [ 72.9629973, 19.2719972 ], [ 72.9627424, 19.2716934 ], [ 72.9627237, 19.2716402 ], [ 72.9627103, 19.2715313 ], [ 72.9629168, 19.2714832 ] ] ] } },
{ "type": "Feature", "properties": { "element": "way", "id": 959572919, "name": "Nirali A M Naik Charitable Health-Care Facility", "category": "hospitals" }, "geometry": { "type": "Polygon", "coordinates": [ [ [ 72.8916779, 19.1213437 ], [ 72.8913528, 19.1214471 ], [ 72.8911999, 19.1210112 ], [ 72.8915118, 19.1208876 ], [ 72.8916779, 19.1213437 ] ] ] } },
{ "type": "Feature", "properties": { "element": "way", "id": 961924137, "name": "TMC Lokmanya Kores Health Centre", "category": "hospitals" }, "geometry": { "type": "Polygon", "coordinates": [ [ [ 72.9575261, 19.2098553 ], [ 72.9576834, 19.2095853 ], [ 72.9571741, 19.2093334 ], [ 72.9569117, 19.209757 ], [ 72.9575261, 19.2098553 ] ] ] } },
{ "type": "Feature", "properties": { "element": "way", "id": 965185608, "name": null, "category": "hospitals" }, "geometry": { "type": "Polygon", "coordinates": [ [ [ 72.9971914, 19.2007795 ], [ 72.9965973, 19.2008112 ], [ 72.9965517, 19.2008365 ], [ 72.9965101, 19.2008771 ], [ 72.996482, 19.2009277 ], [ 72.9964672, 19.2009682 ], [ 72.9963693, 19.2015888 ], [ 72.9963613, 19.2016559 ], [ 72.9963747, 19.2017281 ], [ 72.9965423, 19.2019662 ], [ 72.9965611, 19.2019903 ], [ 72.9965839, 19.202003 ], [ 72.9969285, 19.2020498 ], [ 72.9970171, 19.2017991 ], [ 72.9970841, 19.2016509 ], [ 72.9970975, 19.2014026 ], [ 72.9972625, 19.2010341 ], [ 72.9972678, 19.2010024 ], [ 72.9972383, 19.2008327 ], [ 72.9972236, 19.2007973 ], [ 72.9971914, 19.2007795 ] ] ] } },
{ "type": "Feature", "properties": { "element": "way", "id": 996699754, "name": "Prachi Hospital", "category": "hospitals" }, "geometry": { "type": "Polygon", "coordinates": [ [ [ 72.9662893, 19.224495 ], [ 72.966287, 19.2243155 ], [ 72.9660825, 19.2243219 ], [ 72.9660898, 19.2245026 ], [ 72.9662893, 19.224495 ] ] ] } },
{ "type": "Feature", "properties": { "element": "way", "id": 996699755, "name": "Thane Ultrasound Centre", "category": "hospitals" }, "geometry": { "type": "Polygon", "coordinates": [ [ [ 72.9656164, 19.2260418 ], [ 72.9655829, 19.2258429 ], [ 72.9653174, 19.225886 ], [ 72.9653294, 19.2259253 ], [ 72.9653656, 19.2259734 ], [ 72.9653884, 19.2260418 ], [ 72.9656164, 19.2260418 ] ] ] } },
{ "type": "Feature", "properties": { "element": "way", "id": 1009229724, "name": "Apollo Spectra Hospital", "category": "hospitals" }, "geometry": { "type": "Polygon", "coordinates": [ [ [ 72.9113245, 19.0468456 ], [ 72.9108465, 19.0469417 ], [ 72.9109875, 19.0475682 ], [ 72.9114655, 19.0474721 ], [ 72.9113245, 19.0468456 ] ] ] } },
{ "type": "Feature", "properties": { "element": "way", "id": 1013529991, "name": "Highland Speciality Hospital", "category": "hospitals" }, "geometry": { "type": "Polygon", "coordinates": [ [ [ 72.9794594, 19.2239336 ], [ 72.9797346, 19.2239601 ], [ 72.9797535, 19.223785 ], [ 72.9794783, 19.2237585 ], [ 72.9794594, 19.2239336 ] ] ] } },
{ "type": "Feature", "properties": { "element": "way", "id": 1052052198, "name": "K.J. Somaiya Hospital and Research Centre", "category": "hospitals" }, "geometry": { "type": "Polygon", "coordinates": [ [ [ 72.8741942, 19.047379 ], [ 72.8752849, 19.0477498 ], [ 72.8756596, 19.0467651 ], [ 72.8745642, 19.0464209 ], [ 72.8743312, 19.047019 ], [ 72.8741942, 19.047379 ] ] ] } },
{ "type": "Feature", "properties": { "element": "way", "id": 1053903059, "name": "NMMC Hospital", "category": "hospitals" }, "geometry": { "type": "Polygon", "coordinates": [ [ [ 73.0328568, 19.0134084 ], [ 73.0327572, 19.0138055 ], [ 73.0329532, 19.0140403 ], [ 73.0333167, 19.0140646 ], [ 73.0333445, 19.0135258 ], [ 73.0328568, 19.0134084 ] ] ] } },
{ "type": "Feature", "properties": { "element": "way", "id": 1079698802, "name": null, "category": "hospitals" }, "geometry": { "type": "Polygon", "coordinates": [ [ [ 73.0101883, 19.0932772 ], [ 73.0101614, 19.0929354 ], [ 73.0108842, 19.0928846 ], [ 73.0109264, 19.0934199 ], [ 73.0103128, 19.0934631 ], [ 73.0102975, 19.0932696 ], [ 73.0101883, 19.0932772 ] ] ] } },
{ "type": "Feature", "properties": { "element": "way", "id": 1120060026, "name": "Municipal TB Hospital", "category": "hospitals" }, "geometry": { "type": "Polygon", "coordinates": [ [ [ 72.8507419, 19.0064565 ], [ 72.8539798, 19.0086752 ], [ 72.8539476, 19.0081883 ], [ 72.8532181, 19.0077014 ], [ 72.8531362, 19.0049348 ], [ 72.8520635, 19.0050295 ], [ 72.8520101, 19.0053973 ], [ 72.8512323, 19.0054328 ], [ 72.8507419, 19.0064565 ] ] ] } },
{ "type": "Feature", "properties": { "element": "way", "id": 1120066176, "name": null, "category": "hospitals" }, "geometry": { "type": "Polygon", "coordinates": [ [ [ 72.8631801, 19.242328 ], [ 72.8631313, 19.2422973 ], [ 72.8631984, 19.2422705 ], [ 72.8631801, 19.242328 ] ] ] } },
{ "type": "Feature", "properties": { "element": "way", "id": 1121494180, "name": "Jagjivan Ram Hospital", "category": "hospitals" }, "geometry": { "type": "Polygon", "coordinates": [ [ [ 72.8246659, 18.970699 ], [ 72.8236753, 18.9709854 ], [ 72.8234902, 18.9703817 ], [ 72.8235975, 18.9703512 ], [ 72.8235251, 18.9701052 ], [ 72.823728, 18.9700539 ], [ 72.8244258, 18.969876 ], [ 72.8246659, 18.970699 ] ] ] } },
{ "type": "Feature", "properties": { "element": "way", "id": 1123412924, "name": "Khubchandani Hospital", "category": "hospitals" }, "geometry": { "type": "Polygon", "coordinates": [ [ [ 72.8348356, 19.1198836 ], [ 72.8348451, 19.1188903 ], [ 72.8359169, 19.1188571 ], [ 72.8359196, 19.1197415 ], [ 72.8358176, 19.1198581 ], [ 72.8348356, 19.1198836 ] ] ] } },
{ "type": "Feature", "properties": { "element": "way", "id": 1123726002, "name": "Shushrusha Hospital", "category": "hospitals" }, "geometry": { "type": "Polygon", "coordinates": [ [ [ 72.9349655, 19.1122932 ], [ 72.9346356, 19.1117736 ], [ 72.9342708, 19.1119105 ], [ 72.9345149, 19.1124807 ], [ 72.9349655, 19.1122932 ] ] ] } },
{ "type": "Feature", "properties": { "element": "way", "id": 1126997792, "name": "Sushrut Hospital and Research Centre", "category": "hospitals" }, "geometry": { "type": "Polygon", "coordinates": [ [ [ 72.8894511, 19.0561628 ], [ 72.8890484, 19.0567296 ], [ 72.8894417, 19.0569792 ], [ 72.8898444, 19.0564124 ], [ 72.8894511, 19.0561628 ] ] ] } },
{ "type": "Feature", "properties": { "element": "way", "id": 1127318871, "name": "Shivaji Nagar Muncipal Hospital", "category": "hospitals" }, "geometry": { "type": "Polygon", "coordinates": [ [ [ 72.9187087, 19.0628029 ], [ 72.9189903, 19.06335 ], [ 72.9193221, 19.0631962 ], [ 72.9190735, 19.0626742 ], [ 72.9190606, 19.0626455 ], [ 72.9187087, 19.0628029 ] ] ] } },
{ "type": "Feature", "properties": { "element": "way", "id": 1149824759, "name": "Guru Nanak Hospital", "category": "hospitals" }, "geometry": { "type": "Polygon", "coordinates": [ [ [ 72.8528684, 19.0589312 ], [ 72.8532187, 19.0592338 ], [ 72.8534612, 19.0594433 ], [ 72.8532235, 19.0595718 ], [ 72.85234, 19.0600492 ], [ 72.8522676, 19.0600086 ], [ 72.8518921, 19.059314 ], [ 72.8522193, 19.0590909 ], [ 72.8524366, 19.0592405 ], [ 72.8528684, 19.0589312 ] ] ] } },
{ "type": "Feature", "properties": { "element": "way", "id": 1153426971, "name": null, "category": "hospitals" }, "geometry": { "type": "Polygon", "coordinates": [ [ [ 72.9970213, 19.1569153 ], [ 72.9971094, 19.1562167 ], [ 72.9979332, 19.1561859 ], [ 72.9979445, 19.156955 ], [ 72.9970213, 19.1569153 ] ] ] } },
{ "type": "Feature", "properties": { "element": "way", "id": 1153427862, "name": null, "category": "hospitals" }, "geometry": { "type": "Polygon", "coordinates": [ [ [ 72.9857501, 19.1525895 ], [ 72.9871188, 19.1531911 ], [ 72.9865578, 19.1542972 ], [ 72.985807, 19.1539387 ], [ 72.9854167, 19.1531399 ], [ 72.9855604, 19.1528788 ], [ 72.9857501, 19.1525895 ] ] ] } },
{ "type": "Feature", "properties": { "element": "way", "id": 1153428142, "name": null, "category": "hospitals" }, "geometry": { "type": "Polygon", "coordinates": [ [ [ 72.965371, 19.1884996 ], [ 72.965886, 19.1883496 ], [ 72.9657208, 19.1877862 ], [ 72.965165, 19.1879402 ], [ 72.965371, 19.1884996 ] ] ] } },
{ "type": "Feature", "properties": { "element": "way", "id": 1159753733, "name": "The B.D.Petit Parsee General Hospital", "category": "hospitals" }, "geometry": { "type": "Polygon", "coordinates": [ [ [ 72.8047121, 18.9683626 ], [ 72.8047201, 18.9689029 ], [ 72.8050205, 18.9697729 ], [ 72.8057018, 18.9697678 ], [ 72.8057635, 18.9700088 ], [ 72.8064769, 18.969953 ], [ 72.8063482, 18.9691997 ], [ 72.8065335, 18.9691703 ], [ 72.8061792, 18.9679263 ], [ 72.8060344, 18.967665 ], [ 72.8059298, 18.9676371 ], [ 72.8053531, 18.9676955 ], [ 72.8053387, 18.9677701 ], [ 72.8051358, 18.9680734 ], [ 72.8050634, 18.9681419 ], [ 72.804755, 18.9683068 ], [ 72.8047121, 18.9683626 ] ] ] } },
{ "type": "Feature", "properties": { "element": "way", "id": 1170399169, "name": "Dr.Babasaheb Ambedkar Bmc General Hospital", "category": "hospitals" }, "geometry": { "type": "Polygon", "coordinates": [ [ [ 72.8506154, 19.2079503 ], [ 72.8522944, 19.2075349 ], [ 72.8525788, 19.2094143 ], [ 72.8510821, 19.2097841 ], [ 72.85083, 19.209004 ], [ 72.8506154, 19.2079503 ] ] ] } },
{ "type": "Feature", "properties": { "element": "way", "id": 1186783958, "name": "Ayurseva Hospital", "category": "hospitals" }, "geometry": { "type": "Polygon", "coordinates": [ [ [ 72.84958, 19.043651 ], [ 72.8499153, 19.0432174 ], [ 72.8501004, 19.0433011 ], [ 72.850087, 19.043651 ], [ 72.84958, 19.043651 ] ] ] } },
{ "type": "Feature", "properties": { "element": "way", "id": 1219694090, "name": "Lifelline", "category": "hospitals" }, "geometry": { "type": "Polygon", "coordinates": [ [ [ 72.8181432, 19.2073234 ], [ 72.818267, 19.2073322 ], [ 72.8182833, 19.2069331 ], [ 72.8181105, 19.2069419 ], [ 72.8181105, 19.2070809 ], [ 72.8181526, 19.2070831 ], [ 72.8181432, 19.2073234 ] ] ] } },
{ "type": "Feature", "properties": { "element": "way", "id": 1223708198, "name": null, "category": "hospitals" }, "geometry": { "type": "Polygon", "coordinates": [ [ [ 72.8683607, 19.2789275 ], [ 72.868376, 19.2788699 ], [ 72.8687368, 19.2788375 ], [ 72.8686948, 19.2790294 ], [ 72.8683607, 19.2789275 ] ] ] } },
{ "type": "Feature", "properties": { "element": "way", "id": 1227680040, "name": "Women's Hospital", "category": "hospitals" }, "geometry": { "type": "Polygon", "coordinates": [ [ [ 72.8305428, 19.0694671 ], [ 72.8305354, 19.0693505 ], [ 72.8307641, 19.0693376 ], [ 72.8307715, 19.0694542 ], [ 72.8305428, 19.0694671 ] ] ] } },
{ "type": "Feature", "properties": { "element": "way", "id": 1288781456, "name": "INHS Asvini Naval Hospital", "category": "hospitals" }, "geometry": { "type": "Polygon", "coordinates": [ [ [ 72.8150788, 18.9023406 ], [ 72.8143921, 18.900775 ], [ 72.8143787, 18.9006252 ], [ 72.8143197, 18.9004451 ], [ 72.8141266, 18.9003436 ], [ 72.8138208, 18.8997777 ], [ 72.813499, 18.8992042 ], [ 72.8131759, 18.8986033 ], [ 72.8128835, 18.8981129 ], [ 72.8132925, 18.8978354 ], [ 72.8134379, 18.8977655 ], [ 72.8132064, 18.8974283 ], [ 72.8135075, 18.8972105 ], [ 72.8137568, 18.8970152 ], [ 72.8141511, 18.8967572 ], [ 72.8146309, 18.8974456 ], [ 72.8169697, 18.9004273 ], [ 72.8170127, 18.9006024 ], [ 72.8170824, 18.9011556 ], [ 72.8170878, 18.9016479 ], [ 72.8167739, 18.9016479 ], [ 72.8167337, 18.9020996 ], [ 72.8162268, 18.9022315 ], [ 72.8161839, 18.9022975 ], [ 72.8161195, 18.9037744 ], [ 72.8157279, 18.90382 ], [ 72.8156206, 18.9037566 ], [ 72.8150788, 18.9023406 ] ] ] } },
{ "type": "Feature", "properties": { "element": "way", "id": 1289053364, "name": "Masina Hospital", "category": "hospitals" }, "geometry": { "type": "Polygon", "coordinates": [ [ [ 72.8352343, 18.975579 ], [ 72.8360753, 18.9756715 ], [ 72.8365709, 18.9757253 ], [ 72.8366291, 18.9737824 ], [ 72.8358632, 18.9737882 ], [ 72.8351632, 18.9736868 ], [ 72.8347608, 18.9736081 ], [ 72.8345677, 18.9735295 ], [ 72.8345107, 18.9735792 ], [ 72.8346241, 18.9736246 ], [ 72.8351468, 18.9737795 ], [ 72.8354725, 18.973842 ], [ 72.8353174, 18.9744972 ], [ 72.8352343, 18.975579 ] ] ] } },
{ "type": "Feature", "properties": { "element": "way", "id": 1289063015, "name": "Wockhardt Hospitals, South Mumbai", "category": "hospitals" }, "geometry": { "type": "Polygon", "coordinates": [ [ [ 72.8241849, 18.9748789 ], [ 72.8243547, 18.9753404 ], [ 72.8237459, 18.9755408 ], [ 72.823576, 18.9750793 ], [ 72.8241849, 18.9748789 ] ] ] } },
{ "type": "Feature", "properties": { "element": "way", "id": 1289073489, "name": "NH SRCC Children's Hospital", "category": "hospitals" }, "geometry": { "type": "Polygon", "coordinates": [ [ [ 72.8126112, 18.9783589 ], [ 72.8125146, 18.9787444 ], [ 72.8122544, 18.979064 ], [ 72.8128794, 18.9798325 ], [ 72.8133407, 18.9794952 ], [ 72.812933, 18.9789397 ], [ 72.813051, 18.9784451 ], [ 72.812977, 18.9784348 ], [ 72.8126112, 18.9783589 ] ] ] } },
{ "type": "Feature", "properties": { "element": "way", "id": 1291729684, "name": "Sarvodaya Hospital", "category": "hospitals" }, "geometry": { "type": "Polygon", "coordinates": [ [ [ 72.9075426, 19.0892669 ], [ 72.9076579, 19.0895001 ], [ 72.9076847, 19.0904912 ], [ 72.9076338, 19.0906433 ], [ 72.907392, 19.0909694 ], [ 72.9072556, 19.0910539 ], [ 72.9071215, 19.0910589 ], [ 72.9064751, 19.0910159 ], [ 72.9058555, 19.0909069 ], [ 72.9061156, 19.0899183 ], [ 72.9075426, 19.0892669 ] ] ] } },
{ "type": "Feature", "properties": { "element": "way", "id": 1329415478, "name": "Head And Neck Cancer Institute Of India", "category": "hospitals" }, "geometry": { "type": "Polygon", "coordinates": [ [ [ 72.8455631, 18.9700355 ], [ 72.8458481, 18.9700159 ], [ 72.8458434, 18.9705077 ], [ 72.8455598, 18.9705376 ], [ 72.8455631, 18.9700355 ] ] ] } },
{ "type": "Feature", "properties": { "element": "way", "id": 1349894554, "name": "Government Hospita", "category": "hospitals" }, "geometry": { "type": "Polygon", "coordinates": [ [ [ 72.8189267, 19.1856384 ], [ 72.8194536, 19.1855307 ], [ 72.8194058, 19.1852353 ], [ 72.8188543, 19.1853488 ], [ 72.8189267, 19.1856384 ] ] ] } },
{ "type": "Feature", "properties": { "element": "way", "id": 1360696541, "name": "JUHUGAON NMMC", "category": "hospitals" }, "geometry": { "type": "Polygon", "coordinates": [ [ [ 73.0002979, 19.087288 ], [ 73.0004203, 19.0872528 ], [ 73.0003864, 19.0871471 ], [ 73.0002639, 19.0871823 ], [ 73.0002979, 19.087288 ] ] ] } },
{ "type": "Feature", "properties": { "element": "way", "id": 1378841925, "name": "Upasani Super Speciality Hospital", "category": "hospitals" }, "geometry": { "type": "Polygon", "coordinates": [ [ [ 72.9423364, 19.1746473 ], [ 72.9423263, 19.1744736 ], [ 72.9426068, 19.1744531 ], [ 72.942615, 19.1746539 ], [ 72.9423364, 19.1746473 ] ] ] } },
{ "type": "Feature", "properties": { "element": "way", "id": 1410330978, "name": "Asian", "category": "hospitals" }, "geometry": { "type": "Polygon", "coordinates": [ [ [ 72.8602099, 19.0649062 ], [ 72.8602486, 19.0652101 ], [ 72.8603705, 19.0651941 ], [ 72.8604366, 19.065784 ], [ 72.8612577, 19.0656848 ], [ 72.8612444, 19.0655094 ], [ 72.8616134, 19.0650704 ], [ 72.860991, 19.0647166 ], [ 72.8608443, 19.0649532 ], [ 72.8605034, 19.0647644 ], [ 72.8604461, 19.0648746 ], [ 72.8602099, 19.0649062 ] ] ] } },
{ "type": "Feature", "properties": { "element": "way", "id": 1411712168, "name": "King George V Infimary", "category": "hospitals" }, "geometry": { "type": "Polygon", "coordinates": [ [ [ 72.8228181, 18.9888128 ], [ 72.8229443, 18.9890428 ], [ 72.8230391, 18.9891972 ], [ 72.8231794, 18.9891035 ], [ 72.8232496, 18.9889788 ], [ 72.8233038, 18.9889018 ], [ 72.8234646, 18.9889097 ], [ 72.8234773, 18.9888744 ], [ 72.8234866, 18.9888329 ], [ 72.823577, 18.9887889 ], [ 72.8231836, 18.9880801 ], [ 72.8230613, 18.9883528 ], [ 72.8228181, 18.9888128 ] ] ] } },
{ "type": "Feature", "properties": { "element": "way", "id": 1413471846, "name": "Sion Hospital", "category": "hospitals" }, "geometry": { "type": "Polygon", "coordinates": [ [ [ 72.8572857, 19.0347495 ], [ 72.8588447, 19.0341457 ], [ 72.8591754, 19.0349359 ], [ 72.8576164, 19.0355437 ], [ 72.8572857, 19.0347495 ] ] ] } },
{ "type": "Feature", "properties": { "element": "way", "id": 1442093565, "name": "V.N. Desai Hospital", "category": "hospitals" }, "geometry": { "type": "Polygon", "coordinates": [ [ [ 72.8447091, 19.0784545 ], [ 72.8452213, 19.0783943 ], [ 72.845296, 19.078462 ], [ 72.8454487, 19.0788047 ], [ 72.8454869, 19.0789204 ], [ 72.8451338, 19.0790557 ], [ 72.8447568, 19.0790768 ], [ 72.8447091, 19.0784545 ] ] ] } },
{ "type": "Feature", "properties": { "element": "way", "id": 1447315313, "name": "Mangal nursing home", "category": "hospitals" }, "geometry": { "type": "Polygon", "coordinates": [ [ [ 72.839386, 19.0835193 ], [ 72.8393662, 19.0834084 ], [ 72.8396091, 19.0833696 ], [ 72.8396289, 19.0834806 ], [ 72.839386, 19.0835193 ] ] ] } },
{ "type": "Feature", "properties": { "element": "way", "id": 1451543691, "name": "hehehe", "category": "hospitals" }, "geometry": { "type": "Polygon", "coordinates": [ [ [ 72.8417026, 19.1105125 ], [ 72.841681, 19.1104281 ], [ 72.8417642, 19.1103582 ], [ 72.8424051, 19.1103524 ], [ 72.8421339, 19.1106828 ], [ 72.8417026, 19.1105125 ] ] ] } },
{ "type": "Feature", "properties": { "element": "way", "id": 1459813923, "name": "Sheth P.V. Doshi Hospital", "category": "hospitals" }, "geometry": { "type": "Polygon", "coordinates": [ [ [ 72.8645536, 19.2784104 ], [ 72.8646765, 19.2783029 ], [ 72.8644967, 19.2781196 ], [ 72.8643738, 19.2782271 ], [ 72.8645536, 19.2784104 ] ] ] } },
{ "type": "Feature", "properties": { "element": "way", "id": 1471965392, "name": "Shushrusha Citizens Co-Op Hospital Ltd.", "category": "hospitals" }, "geometry": { "type": "Polygon", "coordinates": [ [ [ 72.8379588, 19.0231448 ], [ 72.8380818, 19.0233429 ], [ 72.8380924, 19.0233599 ], [ 72.8376526, 19.0235688 ], [ 72.8375407, 19.0233664 ], [ 72.8379588, 19.0231448 ] ] ] } },
{ "type": "Feature", "properties": { "element": "way", "id": 1524835595, "name": "Western Railway Health Unit Bandra West", "category": "hospitals" }, "geometry": { "type": "Polygon", "coordinates": [ [ [ 72.8381281, 19.0629851 ], [ 72.8381268, 19.0630975 ], [ 72.838254, 19.0630989 ], [ 72.838252, 19.0632776 ], [ 72.8383566, 19.0632786 ], [ 72.8383622, 19.0627996 ], [ 72.8382063, 19.0627979 ], [ 72.8382041, 19.0629859 ], [ 72.8381281, 19.0629851 ] ] ] } }
]
}
