{
"type": "FeatureCollection",
"name": "schools",
"crs": { "type": "name", "properties": { "name": "urn:ogc:def:crs:OGC:1.3:CRS84" } },
"features": [
{ "type": "Feature", "properties": { "element": "node", "id": 245668712, "name": "Classic", "category": "schools" }, "geometry": { "type": "Point", "coordinates": [ 72.8384747, 19.0835527 ] } },
{ "type": "Feature", "properties": { "element": "node", "id": 246446609, "name": "Home for mental deficient childern", "category": "schools" }, "geometry": { "type": "Point", "coordinates": [ 72.9256871, 19.0436727 ] } },
{ "type": "Feature", "properties": { "element": "node", "id": 347125102, "name": "Apostolic Carmel Convent (Girl's School)", "category": "schools" }, "geometry": { "type": "Point", "coordinates": [ 72.8262102, 19.0550042 ] } },
{ "type": "Feature", "properties": { "element": "node", "id": 347138192, "name": "MMK College", "category": "schools" }, "geometry": { "type": "Point", "coordinates": [ 72.8358458, 19.0642652 ] } },
{ "type": "Feature", "properties": { "element": "node", "id": 348128686, "name": "Rizvi College", "category": "schools" }, "geometry": { "type": "Point", "coordinates": [ 72.8244647, 19.0684106 ] } },
{ "type": "Feature", "properties": { "element": "node", "id": 651265089, "name": "Modern English School", "category": "schools" }, "geometry": { "type": "Point", "coordinates": [ 72.9063356, 19.065657 ] } },
{ "type": "Feature", "properties": { "element": "node", "id": 668494244, "name": "Shailesh J Mehta Institute of Management", "category": "schools" }, "geometry": { "type": "Point", "coordinates": [ 72.9157388, 19.1317025 ] } },
{ "type": "Feature", "properties": { "element": "node", "id": 668511950, "name": "IDC - Industrial Design Center", "category": "schools" }, "geometry": { "type": "Point", "coordinates": [ 72.9171775, 19.1333839 ] } },
{ "type": "Feature", "properties": { "element": "node", "id": 814384677, "name": "Don Bosco Primary School", "category": "schools" }, "geometry": { "type": "Point", "coordinates": [ 72.841711, 19.2312257 ] } },
{ "type": "Feature", "properties": { "element": "node", "id": 814385412, "name": "Don Bosco High School", "category": "schools" }, "geometry": { "type": "Point", "coordinates": [ 72.8418808, 19.2303902 ] } },
{ "type": "Feature", "properties": { "element": "node", "id": 814445159, "name": "Gokhale College", "category": "schools" }, "geometry": { "type": "Point", "coordinates": [ 72.8370011, 19.2324515 ] } },
{ "type": "Feature", "properties": { "element": "node", "id": 984985842, "name": "Nandadeep Vidyalay", "category": "schools" }, "geometry": { "type": "Point", "coordinates": [ 72.8548539, 19.1625315 ] } },
{ "type": "Feature", "properties": { "element": "node", "id": 1168348915, "name": "St. Thomas School", "category": "schools" }, "geometry": { "type": "Point", "coordinates": [ 72.8498342, 19.1670343 ] } },
{ "type": "Feature", "properties": { "element": "node", "id": 1168348939, "name": "St. Thomas School Ground", "category": "schools" }, "geometry": { "type": "Point", "coordinates": [ 72.8500761, 19.1693345 ] } },
{ "type": "Feature", "properties": { "element": "node", "id": 1347702321, "name": "Nagindas Khandwala College", "category": "schools" }, "geometry": { "type": "Point", "coordinates": [ 72.8479831, 19.1925199 ] } },
{ "type": "Feature", "properties": { "element": "node", "id": 1347702333, "name": "NL High School", "category": "schools" }, "geometry": { "type": "Point", "coordinates": [ 72.8474592, 19.192628 ] } },
{ "type": "Feature", "properties": { "element": "node", "id": 1347723684, "name": "Municipal Corporation Liberty Garden School", "category": "schools" }, "geometry": { "type": "Point", "coordinates": [ 72.8412266, 19.188526 ] } },
{ "type": "Feature", "properties": { "element": "node", "id": 1352290055, "name": "Ajmera Global School", "category": "schools" }, "geometry": { "type": "Point", "coordinates": [ 72.8467515, 19.2331345 ] } },
{ "type": "Feature", "properties": { "element": "node", "id": 1361567957, "name": "Sharda Gyanpeeth International School", "category": "schools" }, "geometry": { "type": "Point", "coordinates": [ 72.8548987, 19.1930649 ] } },
{ "type": "Feature", "properties": { "element": "node", "id": 1361576661, "name": "St. Joseph High School", "category": "schools" }, "geometry": { "type": "Point", "coordinates": [ 72.8569264, 19.1904293 ] } },
{ "type": "Feature", "properties": { "element": "node", "id": 1361576666, "name": "St. George High School", "category": "schools" }, "geometry": { "type": "Point", "coordinates": [ 72.8563332, 19.1893461 ] } },
{ "type": "Feature", "properties": { "element": "node", "id": 1361584423, "name": "Universal High School", "category": "schools" }, "geometry": { "type": "Point", "coordinates": [ 72.8505882, 19.1885552 ] } },
{ "type": "Feature", "properties": { "element": "node", "id": 1368753139, "name": "IB Patel School", "category": "schools" }, "geometry": { "type": "Point", "coordinates": [ 72.8476552, 19.1578421 ] } },
{ "type": "Feature", "properties": { "element": "node", "id": 1416530124, "name": "Atharva College of Engineering", "category": "schools" }, "geometry": { "type": "Point", "coordinates": [ 72.8270575, 19.1977249 ] } },
{ "type": "Feature", "properties": { "element": "node", "id": 1496182478, "name": "Muncipal School", "category": "schools" }, "geometry": { "type": "Point", "coordinates": [ 72.8597251, 19.2271718 ] } },
{ "type": "Feature", "properties": { "element": "node", "id": 1541880069, "name": "Shivaji School", "category": "schools" }, "geometry": { "type": "Point", "coordinates": [ 72.8509934, 19.1044999 ] } },
{ "type": "Feature", "properties": { "element": "node", "id": 1640883979, "name": null, "category": "schools" }, "geometry": { "type": "Point", "coordinates": [ 72.8628859, 19.1421361 ] } },
{ "type": "Feature", "properties": { "element": "node", "id": 1646690981, "name": "Vidhyamandir School", "category": "schools" }, "geometry": { "type": "Point", "coordinates": [ 72.8604849, 19.2549733 ] } },
{ "type": "Feature", "properties": { "element": "node", "id": 1822484361, "name": "Raja Shivaji Vidya Mandir", "category": "schools" }, "geometry": { "type": "Point", "coordinates": [ 72.9486036, 19.2132365 ] } },
{ "type": "Feature", "properties": { "element": "node", "id": 1822485925, "name": "TMC Municipal School", "category": "schools" }, "geometry": { "type": "Point", "coordinates": [ 72.9477801, 19.2287366 ] } },
{ "type": "Feature", "properties": { "element": "node", "id": 1833267114, "name": "Sai Lee International School", "category": "schools" }, "geometry": { "type": "Point", "coordinates": [ 72.83875, 19.2308036 ] } },
{ "type": "Feature", "properties": { "element": "node", "id": 1855273113, "name": "Little Flower High School", "category": "schools" }, "geometry": { "type": "Point", "coordinates": [ 72.9615534, 19.2172685 ] } },
{ "type": "Feature", "properties": { "element": "node", "id": 2168654396, "name": "Sir JJ College of Commerce", "category": "schools" }, "geometry": { "type": "Point", "coordinates": [ 72.8322155, 18.9328461 ] } },
{ "type": "Feature", "properties": { "element": "node", "id": 2188860671, "name": "Shri Kalgidar Mission High School", "category": "schools" }, "geometry": { "type": "Point", "coordinates": [ 72.8656323, 19.1098804 ] } },
{ "type": "Feature", "properties": { "element": "node", "id": 2319154356, "name": "National Job Development Center", "category": "schools" }, "geometry": { "type": "Point", "coordinates": [ 72.904674, 19.0524328 ] } },
{ "type": "Feature", "properties": { "element": "node", "id": 2319171657, "name": "Sevadaan Special School", "category": "schools" }, "geometry": { "type": "Point", "coordinates": [ 72.9021934, 19.0560049 ] } },
{ "type": "Feature", "properties": { "element": "node", "id": 2398524838, "name": "Holy Cross Convent", "category": "schools" }, "geometry": { "type": "Point", "coordinates": [ 72.8141999, 19.1318859 ] } },
{ "type": "Feature", "properties": { "element": "node", "id": 2457605417, "name": "Edubridge International School", "category": "schools" }, "geometry": { "type": "Point", "coordinates": [ 72.815365, 18.9600399 ] } },
{ "type": "Feature", "properties": { "element": "node", "id": 2567512028, "name": "Padua High School", "category": "schools" }, "geometry": { "type": "Point", "coordinates": [ 72.9290015, 19.0464086 ] } },
{ "type": "Feature", "properties": { "element": "node", "id": 2930729183, "name": "Daffodil School", "category": "schools" }, "geometry": { "type": "Point", "coordinates": [ 72.924533, 19.0623206 ] } },
{ "type": "Feature", "properties": { "element": "node", "id": 2981312732, "name": null, "category": "schools" }, "geometry": { "type": "Point", "coordinates": [ 72.9344514, 19.154683 ] } },
{ "type": "Feature", "properties": { "element": "node", "id": 3125242385, "name": "Sana Classes", "category": "schools" }, "geometry": { "type": "Point", "coordinates": [ 72.9470838, 19.0405291 ] } },
{ "type": "Feature", "properties": { "element": "node", "id": 3205774880, "name": "sandesh school", "category": "schools" }, "geometry": { "type": "Point", "coordinates": [ 72.9165625, 19.1028771 ] } },
{ "type": "Feature", "properties": { "element": "node", "id": 3205780114, "name": "Little Angels' High School", "category": "schools" }, "geometry": { "type": "Point", "coordinates": [ 72.8550806, 19.0372258 ] } },
{ "type": "Feature", "properties": { "element": "node", "id": 3207212808, "name": "Br. Nath Pai Vidyalaya", "category": "schools" }, "geometry": { "type": "Point", "coordinates": [ 72.9278371, 19.1505995 ] } },
{ "type": "Feature", "properties": { "element": "node", "id": 3226171882, "name": "Madersa Ayesha Lil-Banat Education Trest", "category": "schools" }, "geometry": { "type": "Point", "coordinates": [ 72.9207279, 19.0714514 ] } },
{ "type": "Feature", "properties": { "element": "node", "id": 3234672821, "name": "Lohana Kanya Shala School", "category": "schools" }, "geometry": { "type": "Point", "coordinates": [ 72.9509505, 19.1782486 ] } },
{ "type": "Feature", "properties": { "element": "node", "id": 3234672822, "name": "Nav Bharat School", "category": "schools" }, "geometry": { "type": "Point", "coordinates": [ 72.9508834, 19.1783195 ] } },
{ "type": "Feature", "properties": { "element": "node", "id": 3358927386, "name": "Cosmopolitan Education Society", "category": "schools" }, "geometry": { "type": "Point", "coordinates": [ 72.8299769, 19.1246547 ] } },
{ "type": "Feature", "properties": { "element": "node", "id": 3434371521, "name": "Kishore Namit Kapoor Acting Institute", "category": "schools" }, "geometry": { "type": "Point", "coordinates": [ 72.8194616, 19.1398687 ] } },
{ "type": "Feature", "properties": { "element": "node", "id": 3469161205, "name": "Yashodham High School & Jr. College", "category": "schools" }, "geometry": { "type": "Point", "coordinates": [ 72.8665731, 19.1734642 ] } },
{ "type": "Feature", "properties": { "element": "node", "id": 3518468316, "name": "THERESA HIGH SCHOOL", "category": "schools" }, "geometry": { "type": "Point", "coordinates": [ 72.8924407, 19.0982356 ] } },
{ "type": "Feature", "properties": { "element": "node", "id": 3589401882, "name": "Municipal Primary School", "category": "schools" }, "geometry": { "type": "Point", "coordinates": [ 72.9817615, 19.2043149 ] } },
{ "type": "Feature", "properties": { "element": "node", "id": 4044345936, "name": "B.D. Somani International School", "category": "schools" }, "geometry": { "type": "Point", "coordinates": [ 72.8199209, 18.9160698 ] } },
{ "type": "Feature", "properties": { "element": "node", "id": 4044345938, "name": "B.D. Somani Institute of Art and Fashion Technology", "category": "schools" }, "geometry": { "type": "Point", "coordinates": [ 72.8195845, 18.9161705 ] } },
{ "type": "Feature", "properties": { "element": "node", "id": 4129555889, "name": "D G Khetan International School", "category": "schools" }, "geometry": { "type": "Point", "coordinates": [ 72.8417834, 19.176347 ] } },
{ "type": "Feature", "properties": { "element": "node", "id": 4185780309, "name": "American School of Bombay", "category": "schools" }, "geometry": { "type": "Point", "coordinates": [ 72.870696, 19.067664 ] } },
{ "type": "Feature", "properties": { "element": "node", "id": 4247756492, "name": "Safari Kid", "category": "schools" }, "geometry": { "type": "Point", "coordinates": [ 72.8292224, 19.0614758 ] } },
{ "type": "Feature", "properties": { "element": "node", "id": 4256155766, "name": "Universal high school", "category": "schools" }, "geometry": { "type": "Point", "coordinates": [ 72.9845766, 19.2461807 ] } },
{ "type": "Feature", "properties": { "element": "node", "id": 4303179586, "name": "Duruelo Convent High School", "category": "schools" }, "geometry": { "type": "Point", "coordinates": [ 72.8327783, 19.0608358 ] } },
{ "type": "Feature", "properties": { "element": "node", "id": 4326461790, "name": "KPM High School", "category": "schools" }, "geometry": { "type": "Point", "coordinates": [ 72.8877852, 19.0950394 ] } },
{ "type": "Feature", "properties": { "element": "node", "id": 4348335890, "name": "shri Ghanshamdas podhar vidyalay Rajasthani school", "category": "schools" }, "geometry": { "type": "Point", "coordinates": [ 72.8679618, 19.1115552 ] } },
{ "type": "Feature", "properties": { "element": "node", "id": 4474486989, "name": "Smt. Sushiladevi Deshmukh Vidyalaya", "category": "schools" }, "geometry": { "type": "Point", "coordinates": [ 72.9973971, 19.153089 ] } },
{ "type": "Feature", "properties": { "element": "node", "id": 4498884750, "name": "Billabong International School", "category": "schools" }, "geometry": { "type": "Point", "coordinates": [ 72.8213105, 19.2024655 ] } },
{ "type": "Feature", "properties": { "element": "node", "id": 4529961390, "name": null, "category": "schools" }, "geometry": { "type": "Point", "coordinates": [ 72.8446354, 19.0923132 ] } },
{ "type": "Feature", "properties": { "element": "node", "id": 4548680289, "name": null, "category": "schools" }, "geometry": { "type": "Point", "coordinates": [ 72.8605886, 19.2946207 ] } },
{ "type": "Feature", "properties": { "element": "node", "id": 4590779989, "name": "samarth vidyalay", "category": "schools" }, "geometry": { "type": "Point", "coordinates": [ 72.9982414, 19.190342 ] } },
{ "type": "Feature", "properties": { "element": "node", "id": 4621599298, "name": null, "category": "schools" }, "geometry": { "type": "Point", "coordinates": [ 72.8649892, 19.2545722 ] } },
{ "type": "Feature", "properties": { "element": "node", "id": 4643901366, "name": "suvidyalay", "category": "schools" }, "geometry": { "type": "Point", "coordinates": [ 72.8433059, 19.2314533 ] } },
{ "type": "Feature", "properties": { "element": "node", "id": 4707588491, "name": null, "category": "schools" }, "geometry": { "type": "Point", "coordinates": [ 72.9906035, 19.1987374 ] } },
{ "type": "Feature", "properties": { "element": "node", "id": 4736406821, "name": null, "category": "schools" }, "geometry": { "type": "Point", "coordinates": [ 72.8540339, 19.1257176 ] } },
{ "type": "Feature", "properties": { "element": "node", "id": 4761353927, "name": null, "category": "schools" }, "geometry": { "type": "Point", "coordinates": [ 72.9289194, 19.1359127 ] } },
{ "type": "Feature", "properties": { "element": "node", "id": 4776554421, "name": null, "category": "schools" }, "geometry": { "type": "Point", "coordinates": [ 72.9590698, 19.2014028 ] } },
{ "type": "Feature", "properties": { "element": "node", "id": 4791169422, "name": null, "category": "schools" }, "geometry": { "type": "Point", "coordinates": [ 72.9567409, 19.1701311 ] } },
{ "type": "Feature", "properties": { "element": "node", "id": 4791178924, "name": null, "category": "schools" }, "geometry": { "type": "Point", "coordinates": [ 72.9574827, 19.1715227 ] } },
{ "type": "Feature", "properties": { "element": "node", "id": 4809609627, "name": null, "category": "schools" }, "geometry": { "type": "Point", "coordinates": [ 72.9495676, 19.1726444 ] } },
{ "type": "Feature", "properties": { "element": "node", "id": 5251354221, "name": null, "category": "schools" }, "geometry": { "type": "Point", "coordinates": [ 72.8650997, 19.2838839 ] } },
{ "type": "Feature", "properties": { "element": "node", "id": 5251360221, "name": null, "category": "schools" }, "geometry": { "type": "Point", "coordinates": [ 72.8661934, 19.2842771 ] } },
{ "type": "Feature", "properties": { "element": "node", "id": 5430937522, "name": null, "category": "schools" }, "geometry": { "type": "Point", "coordinates": [ 72.8660614, 19.1250201 ] } },
{ "type": "Feature", "properties": { "element": "node", "id": 5520349110, "name": "Gaurav High School & Jr. College", "category": "schools" }, "geometry": { "type": "Point", "coordinates": [ 73.0176553, 19.0122519 ] } },
{ "type": "Feature", "properties": { "element": "node", "id": 5702656722, "name": null, "category": "schools" }, "geometry": { "type": "Point", "coordinates": [ 72.8511863, 19.1025143 ] } },
{ "type": "Feature", "properties": { "element": "node", "id": 5859107295, "name": null, "category": "schools" }, "geometry": { "type": "Point", "coordinates": [ 72.933586, 19.163341 ] } },
{ "type": "Feature", "properties": { "element": "node", "id": 5859134585, "name": null, "category": "schools" }, "geometry": { "type": "Point", "coordinates": [ 72.9326888, 19.1637347 ] } },
{ "type": "Feature", "properties": { "element": "node", "id": 5859134686, "name": null, "category": "schools" }, "geometry": { "type": "Point", "coordinates": [ 72.9327382, 19.1644101 ] } },
{ "type": "Feature", "properties": { "element": "node", "id": 5877650987, "name": "Interaction Studio", "category": "schools" }, "geometry": { "type": "Point", "coordinates": [ 72.9173753, 19.1332499 ] } },
{ "type": "Feature", "properties": { "element": "node", "id": 6110265787, "name": null, "category": "schools" }, "geometry": { "type": "Point", "coordinates": [ 72.8523907, 19.1060724 ] } },
{ "type": "Feature", "properties": { "element": "node", "id": 6110265788, "name": null, "category": "schools" }, "geometry": { "type": "Point", "coordinates": [ 72.8527237, 19.1060287 ] } },
{ "type": "Feature", "properties": { "element": "node", "id": 6110272185, "name": null, "category": "schools" }, "geometry": { "type": "Point", "coordinates": [ 72.8481115, 19.1042197 ] } },
{ "type": "Feature", "properties": { "element": "node", "id": 6212677778, "name": "Smt. Lilavatibai Podar High School", "category": "schools" }, "geometry": { "type": "Point", "coordinates": [ 72.8371727, 19.0810735 ] } },
{ "type": "Feature", "properties": { "element": "node", "id": 6423547527, "name": "MCGM, L K Waghji, Mumbai Public School", "category": "schools" }, "geometry": { "type": "Point", "coordinates": [ 72.8516675, 19.0271372 ] } },
{ "type": "Feature", "properties": { "element": "node", "id": 6430561108, "name": null, "category": "schools" }, "geometry": { "type": "Point", "coordinates": [ 72.8514678, 19.1204617 ] } },
{ "type": "Feature", "properties": { "element": "node", "id": 6442254811, "name": "Dnayneshwar Vidyalaya", "category": "schools" }, "geometry": { "type": "Point", "coordinates": [ 72.8543408, 19.008134 ] } },
{ "type": "Feature", "properties": { "element": "node", "id": 6555983064, "name": "Institute of Science, Colaba", "category": "schools" }, "geometry": { "type": "Point", "coordinates": [ 72.8300134, 18.9263126 ] } },
{ "type": "Feature", "properties": { "element": "node", "id": 6801919188, "name": "Madarsa (Tajweedul Islam)", "category": "schools" }, "geometry": { "type": "Point", "coordinates": [ 72.9188893, 19.1259525 ] } },
{ "type": "Feature", "properties": { "element": "node", "id": 6813479053, "name": "St.Andrews College Gate", "category": "schools" }, "geometry": { "type": "Point", "coordinates": [ 72.8287811, 19.0572924 ] } },
{ "type": "Feature", "properties": { "element": "node", "id": 6821609585, "name": null, "category": "schools" }, "geometry": { "type": "Point", "coordinates": [ 72.9642515, 19.2230361 ] } },
{ "type": "Feature", "properties": { "element": "node", "id": 6924346886, "name": null, "category": "schools" }, "geometry": { "type": "Point", "coordinates": [ 72.9186936, 19.1270272 ] } },
{ "type": "Feature", "properties": { "element": "node", "id": 6990613593, "name": null, "category": "schools" }, "geometry": { "type": "Point", "coordinates": [ 72.9381366, 19.134427 ] } },
{ "type": "Feature", "properties": { "element": "node", "id": 7131459512, "name": "K.E.S Shroff college ground", "category": "schools" }, "geometry": { "type": "Point", "coordinates": [ 72.846543, 19.201754 ] } },
{ "type": "Feature", "properties": { "element": "node", "id": 7291605785, "name": null, "category": "schools" }, "geometry": { "type": "Point", "coordinates": [ 72.9574287, 19.1713839 ] } },
{ "type": "Feature", "properties": { "element": "node", "id": 7314413785, "name": null, "category": "schools" }, "geometry": { "type": "Point", "coordinates": [ 72.9654474, 19.1814455 ] } },
{ "type": "Feature", "properties": { "element": "node", "id": 7405089091, "name": "The Golden Spiral School", "category": "schools" }, "geometry": { "type": "Point", "coordinates": [ 72.813493, 18.9737612 ] } },
{ "type": "Feature", "properties": { "element": "node", "id": 7405863748, "name": "The Universal School, Tardeo", "category": "schools" }, "geometry": { "type": "Point", "coordinates": [ 72.8140038, 18.9651298 ] } },
{ "type": "Feature", "properties": { "element": "node", "id": 7405863749, "name": "Grant Road Central High School", "category": "schools" }, "geometry": { "type": "Point", "coordinates": [ 72.8159226, 18.9634363 ] } },
{ "type": "Feature", "properties": { "element": "node", "id": 7405863760, "name": "Nagrik Shikshan Sanstha's College Of Commerce & Economics", "category": "schools" }, "geometry": { "type": "Point", "coordinates": [ 72.8127402, 18.9734614 ] } },
{ "type": "Feature", "properties": { "element": "node", "id": 7411177793, "name": "Tardeo Municipal Secondary School", "category": "schools" }, "geometry": { "type": "Point", "coordinates": [ 72.8173698, 18.9709943 ] } },
{ "type": "Feature", "properties": { "element": "node", "id": 7411177794, "name": "Swami Educational Society-Madurai Kamaraj University", "category": "schools" }, "geometry": { "type": "Point", "coordinates": [ 72.8170518, 18.9706634 ] } },
{ "type": "Feature", "properties": { "element": "node", "id": 7411177799, "name": "Education Inspector South", "category": "schools" }, "geometry": { "type": "Point", "coordinates": [ 72.8185191, 18.9675962 ] } },
{ "type": "Feature", "properties": { "element": "node", "id": 7411177802, "name": "Navneet Education Society Night Degree College", "category": "schools" }, "geometry": { "type": "Point", "coordinates": [ 72.8190128, 18.9687473 ] } },
{ "type": "Feature", "properties": { "element": "node", "id": 7411177803, "name": "Gilder Lane Muncipal School", "category": "schools" }, "geometry": { "type": "Point", "coordinates": [ 72.8189721, 18.9684792 ] } },
{ "type": "Feature", "properties": { "element": "node", "id": 7411177813, "name": "Maratha Mandir's Babasaheb Gawde Institute of Technology", "category": "schools" }, "geometry": { "type": "Point", "coordinates": [ 72.8220205, 18.9708186 ] } },
{ "type": "Feature", "properties": { "element": "node", "id": 7414783359, "name": "Sadhvi Savitribai Phule Upper Primary School", "category": "schools" }, "geometry": { "type": "Point", "coordinates": [ 72.8319417, 18.9764347 ] } },
{ "type": "Feature", "properties": { "element": "node", "id": 7414791530, "name": "Napoo High School", "category": "schools" }, "geometry": { "type": "Point", "coordinates": [ 72.8347715, 18.9871 ] } },
{ "type": "Feature", "properties": { "element": "node", "id": 7425930335, "name": "Worli Seaface Municipal School", "category": "schools" }, "geometry": { "type": "Point", "coordinates": [ 72.8157382, 19.0086699 ] } },
{ "type": "Feature", "properties": { "element": "node", "id": 7430392503, "name": "Worli Naka Upper Primary School-Tamil", "category": "schools" }, "geometry": { "type": "Point", "coordinates": [ 72.8285467, 18.9869676 ] } },
{ "type": "Feature", "properties": { "element": "node", "id": 7430392504, "name": "KASTURBA GANDHI MUNICIPAL SCHOOL", "category": "schools" }, "geometry": { "type": "Point", "coordinates": [ 72.8214434, 18.9956112 ] } },
{ "type": "Feature", "properties": { "element": "node", "id": 7434309486, "name": "Kamaladevi Gobindram Tahiliani High School", "category": "schools" }, "geometry": { "type": "Point", "coordinates": [ 72.8304056, 19.0058854 ] } },
{ "type": "Feature", "properties": { "element": "node", "id": 7434309508, "name": "Sneha lata Rane Girls High School and Junior College", "category": "schools" }, "geometry": { "type": "Point", "coordinates": [ 72.8316628, 18.9861213 ] } },
{ "type": "Feature", "properties": { "element": "node", "id": 7438485774, "name": "ABA College of Law", "category": "schools" }, "geometry": { "type": "Point", "coordinates": [ 72.8345634, 19.016964 ] } },
{ "type": "Feature", "properties": { "element": "node", "id": 7438485782, "name": "Government Technical High School & Jr. College, Dadar", "category": "schools" }, "geometry": { "type": "Point", "coordinates": [ 72.8320298, 19.019274 ] } },
{ "type": "Feature", "properties": { "element": "node", "id": 7442381761, "name": "Pragati School", "category": "schools" }, "geometry": { "type": "Point", "coordinates": [ 72.8356824, 19.0209617 ] } },
{ "type": "Feature", "properties": { "element": "node", "id": 7442381763, "name": "Kohinoor College of Hospitality Management & Tourism Studies", "category": "schools" }, "geometry": { "type": "Point", "coordinates": [ 72.8358686, 19.0229262 ] } },
{ "type": "Feature", "properties": { "element": "node", "id": 7442381773, "name": "St. Michaels English Primary School", "category": "schools" }, "geometry": { "type": "Point", "coordinates": [ 72.8399288, 19.0313861 ] } },
{ "type": "Feature", "properties": { "element": "node", "id": 7442381774, "name": "R.C.Mahim Municipal Urdu Primary", "category": "schools" }, "geometry": { "type": "Point", "coordinates": [ 72.8400202, 19.0295396 ] } },
{ "type": "Feature", "properties": { "element": "node", "id": 7442452588, "name": "Dadar Vidya Mandir Junior College", "category": "schools" }, "geometry": { "type": "Point", "coordinates": [ 72.8415661, 19.028379 ] } },
{ "type": "Feature", "properties": { "element": "node", "id": 7442452591, "name": "Saraswati College", "category": "schools" }, "geometry": { "type": "Point", "coordinates": [ 72.841612, 19.0190223 ] } },
{ "type": "Feature", "properties": { "element": "node", "id": 7442452600, "name": "Shishuvihar Madhyamik Vidhyala", "category": "schools" }, "geometry": { "type": "Point", "coordinates": [ 72.8477584, 19.0224005 ] } },
{ "type": "Feature", "properties": { "element": "node", "id": 7442452610, "name": "Saraswati Mandir School", "category": "schools" }, "geometry": { "type": "Point", "coordinates": [ 72.8481813, 19.0200022 ] } },
{ "type": "Feature", "properties": { "element": "node", "id": 7442452611, "name": "Patkar Guruji Vidyalaya", "category": "schools" }, "geometry": { "type": "Point", "coordinates": [ 72.8487774, 19.0206415 ] } },
{ "type": "Feature", "properties": { "element": "node", "id": 7453717295, "name": "The Dadar Parsee Youths Assembly High School", "category": "schools" }, "geometry": { "type": "Point", "coordinates": [ 72.8535649, 19.0179439 ] } },
{ "type": "Feature", "properties": { "element": "node", "id": 7453717309, "name": "Matunga Labour Camp Upper Primary Marathi School", "category": "schools" }, "geometry": { "type": "Point", "coordinates": [ 72.8527661, 19.0358812 ] } },
{ "type": "Feature", "properties": { "element": "node", "id": 7453717329, "name": "Shree Amulakh Amichand Bhimji Vividhlakshi Vidyalaya", "category": "schools" }, "geometry": { "type": "Point", "coordinates": [ 72.8602496, 19.0270588 ] } },
{ "type": "Feature", "properties": { "element": "node", "id": 7453717330, "name": "I.H.Bhatia English Primary School", "category": "schools" }, "geometry": { "type": "Point", "coordinates": [ 72.8604438, 19.0263438 ] } },
{ "type": "Feature", "properties": { "element": "node", "id": 7463765591, "name": "Tata Power Skill Development Institute", "category": "schools" }, "geometry": { "type": "Point", "coordinates": [ 72.9257834, 19.0219525 ] } },
{ "type": "Feature", "properties": { "element": "node", "id": 7463765598, "name": "Sir Sayyad English High School", "category": "schools" }, "geometry": { "type": "Point", "coordinates": [ 72.9456677, 19.0366365 ] } },
{ "type": "Feature", "properties": { "element": "node", "id": 7463765602, "name": "Crescent High School", "category": "schools" }, "geometry": { "type": "Point", "coordinates": [ 72.9456677, 19.0355691 ] } },
{ "type": "Feature", "properties": { "element": "node", "id": 7463765603, "name": "Vivekanand English High School", "category": "schools" }, "geometry": { "type": "Point", "coordinates": [ 72.9441845, 19.0344233 ] } },
{ "type": "Feature", "properties": { "element": "node", "id": 7463765609, "name": "Trombay Municipal Marathi School", "category": "schools" }, "geometry": { "type": "Point", "coordinates": [ 72.9493518, 19.0338443 ] } },
{ "type": "Feature", "properties": { "element": "node", "id": 7463765611, "name": "Fazlani Star English High School and Junior College", "category": "schools" }, "geometry": { "type": "Point", "coordinates": [ 72.951103, 19.0378275 ] } },
{ "type": "Feature", "properties": { "element": "node", "id": 7463765612, "name": "Trombay Public High School", "category": "schools" }, "geometry": { "type": "Point", "coordinates": [ 72.948564, 19.0406739 ] } },
{ "type": "Feature", "properties": { "element": "node", "id": 7463765613, "name": "Kendriya Vidyalaya Mankhurd", "category": "schools" }, "geometry": { "type": "Point", "coordinates": [ 72.9393322, 19.0392488 ] } },
{ "type": "Feature", "properties": { "element": "node", "id": 7463765614, "name": "Naval KG School,Mankhurd", "category": "schools" }, "geometry": { "type": "Point", "coordinates": [ 72.938827, 19.0391251 ] } },
{ "type": "Feature", "properties": { "element": "node", "id": 7463765615, "name": "NOFRA, Mankhurd", "category": "schools" }, "geometry": { "type": "Point", "coordinates": [ 72.9400359, 19.039155 ] } },
{ "type": "Feature", "properties": { "element": "node", "id": 7463765700, "name": "Atomic Energy Central School -1", "category": "schools" }, "geometry": { "type": "Point", "coordinates": [ 72.9200122, 19.0408105 ] } },
{ "type": "Feature", "properties": { "element": "node", "id": 7484386953, "name": "Rustomjee Cambridge International school", "category": "schools" }, "geometry": { "type": "Point", "coordinates": [ 72.8572424, 19.2433962 ] } },
{ "type": "Feature", "properties": { "element": "node", "id": 7896696885, "name": "Orchids The International School, Kurla", "category": "schools" }, "geometry": { "type": "Point", "coordinates": [ 72.8791177, 19.0678395 ] } },
{ "type": "Feature", "properties": { "element": "node", "id": 7907742485, "name": null, "category": "schools" }, "geometry": { "type": "Point", "coordinates": [ 72.8409231, 19.1938402 ] } },
{ "type": "Feature", "properties": { "element": "node", "id": 7908283986, "name": null, "category": "schools" }, "geometry": { "type": "Point", "coordinates": [ 72.8346084, 19.2272544 ] } },
{ "type": "Feature", "properties": { "element": "node", "id": 7912220986, "name": null, "category": "schools" }, "geometry": { "type": "Point", "coordinates": [ 73.0141812, 19.0876871 ] } },
{ "type": "Feature", "properties": { "element": "node", "id": 7912321085, "name": null, "category": "schools" }, "geometry": { "type": "Point", "coordinates": [ 72.9831239, 19.2422794 ] } },
{ "type": "Feature", "properties": { "element": "node", "id": 7912349790, "name": null, "category": "schools" }, "geometry": { "type": "Point", "coordinates": [ 72.9308431, 19.1210633 ] } },
{ "type": "Feature", "properties": { "element": "node", "id": 7912405385, "name": null, "category": "schools" }, "geometry": { "type": "Point", "coordinates": [ 72.8366214, 18.9562488 ] } },
{ "type": "Feature", "properties": { "element": "node", "id": 8100020840, "name": "St. Charles Girls' High chool, ground", "category": "schools" }, "geometry": { "type": "Point", "coordinates": [ 72.855288, 19.0803065 ] } },
{ "type": "Feature", "properties": { "element": "node", "id": 8537797187, "name": "Rainbow International School", "category": "schools" }, "geometry": { "type": "Point", "coordinates": [ 72.9698829, 19.2315327 ] } },
{ "type": "Feature", "properties": { "element": "node", "id": 9055069383, "name": "Prabhadevi Municipal School", "category": "schools" }, "geometry": { "type": "Point", "coordinates": [ 72.828683, 19.0108648 ] } },
{ "type": "Feature", "properties": { "element": "node", "id": 9055082839, "name": "Guru Nank English High School", "category": "schools" }, "geometry": { "type": "Point", "coordinates": [ 72.8446515, 19.0124003 ] } },
{ "type": "Feature", "properties": { "element": "node", "id": 9056958181, "name": "Leelabai Thackersey College of Nursing", "category": "schools" }, "geometry": { "type": "Point", "coordinates": [ 72.8282592, 18.9383143 ] } },
{ "type": "Feature", "properties": { "element": "node", "id": 9056958182, "name": "The Blossom English Primary School", "category": "schools" }, "geometry": { "type": "Point", "coordinates": [ 72.8281421, 18.9382992 ] } },
{ "type": "Feature", "properties": { "element": "node", "id": 9060641466, "name": "Bhausaheb Hiray Vidyalaya", "category": "schools" }, "geometry": { "type": "Point", "coordinates": [ 72.812634, 18.973182 ] } },
{ "type": "Feature", "properties": { "element": "node", "id": 9060641467, "name": "Bhausaheb Hiray College", "category": "schools" }, "geometry": { "type": "Point", "coordinates": [ 72.812756, 18.9734103 ] } },
{ "type": "Feature", "properties": { "element": "node", "id": 9060708505, "name": "Babasaheb Gawde Institute of Management Studies", "category": "schools" }, "geometry": { "type": "Point", "coordinates": [ 72.8219929, 18.97074 ] } },
{ "type": "Feature", "properties": { "element": "node", "id": 9060840937, "name": "VLN High School", "category": "schools" }, "geometry": { "type": "Point", "coordinates": [ 72.8347508, 18.9868553 ] } },
{ "type": "Feature", "properties": { "element": "node", "id": 9062426516, "name": "Sasmira's Institute of Management Studies and Research", "category": "schools" }, "geometry": { "type": "Point", "coordinates": [ 72.8198867, 19.0101483 ] } },
{ "type": "Feature", "properties": { "element": "node", "id": 9062444517, "name": "Sasmira's Institute of Man-made Textiles", "category": "schools" }, "geometry": { "type": "Point", "coordinates": [ 72.8200915, 19.0108465 ] } },
{ "type": "Feature", "properties": { "element": "node", "id": 9116487322, "name": null, "category": "schools" }, "geometry": { "type": "Point", "coordinates": [ 72.82408, 19.127313 ] } },
{ "type": "Feature", "properties": { "element": "node", "id": 9300003145, "name": "Rims Internation School", "category": "schools" }, "geometry": { "type": "Point", "coordinates": [ 72.8297934, 19.1515079 ] } },
{ "type": "Feature", "properties": { "element": "node", "id": 9300003146, "name": "HVPS College", "category": "schools" }, "geometry": { "type": "Point", "coordinates": [ 72.8306517, 19.150747 ] } },
{ "type": "Feature", "properties": { "element": "node", "id": 9300003147, "name": "Goenka School", "category": "schools" }, "geometry": { "type": "Point", "coordinates": [ 72.8307614, 19.1507401 ] } },
{ "type": "Feature", "properties": { "element": "node", "id": 9300003148, "name": "Marble the Arc", "category": "schools" }, "geometry": { "type": "Point", "coordinates": [ 72.8309224, 19.1506848 ] } },
{ "type": "Feature", "properties": { "element": "node", "id": 9443739333, "name": "bmc ground", "category": "schools" }, "geometry": { "type": "Point", "coordinates": [ 72.8625372, 19.2094954 ] } },
{ "type": "Feature", "properties": { "element": "node", "id": 9652365665, "name": "Naval Maritime Academy", "category": "schools" }, "geometry": { "type": "Point", "coordinates": [ 72.8105378, 18.8952175 ] } },
{ "type": "Feature", "properties": { "element": "node", "id": 9887629177, "name": "Waman roa", "category": "schools" }, "geometry": { "type": "Point", "coordinates": [ 72.9673623, 19.1740948 ] } },
{ "type": "Feature", "properties": { "element": "node", "id": 9887635360, "name": "Sau Laxmibai", "category": "schools" }, "geometry": { "type": "Point", "coordinates": [ 72.9640213, 19.1670602 ] } },
{ "type": "Feature", "properties": { "element": "node", "id": 9887675513, "name": "Yashwantroa Dode", "category": "schools" }, "geometry": { "type": "Point", "coordinates": [ 72.9647746, 19.1697442 ] } },
{ "type": "Feature", "properties": { "element": "node", "id": 10048595319, "name": "Amulakh amichand vidyalaya", "category": "schools" }, "geometry": { "type": "Point", "coordinates": [ 72.8603055, 19.0271011 ] } },
{ "type": "Feature", "properties": { "element": "node", "id": 10182496471, "name": "ST.JOSHEP DEGREE COLLEG OF COMMERCE AND ARTS AND SCHOOL", "category": "schools" }, "geometry": { "type": "Point", "coordinates": [ 72.7871244, 19.2824962 ] } },
{ "type": "Feature", "properties": { "element": "node", "id": 10185533565, "name": "ROYAL ENGLISH HIGH SCHOOL AND JR. COLLEG OF COMMERCE AND SCIENCE", "category": "schools" }, "geometry": { "type": "Point", "coordinates": [ 72.7894537, 19.2822495 ] } },
{ "type": "Feature", "properties": { "element": "node", "id": 10232553825, "name": "The Bombay Suburban Grain Dealers’ Junior College of Commerce, Arts and Science", "category": "schools" }, "geometry": { "type": "Point", "coordinates": [ 72.8479114, 19.1926241 ] } },
{ "type": "Feature", "properties": { "element": "node", "id": 10244121907, "name": "kes law college", "category": "schools" }, "geometry": { "type": "Point", "coordinates": [ 72.8460116, 19.2028619 ] } },
{ "type": "Feature", "properties": { "element": "node", "id": 10250511726, "name": "JJ Academy", "category": "schools" }, "geometry": { "type": "Point", "coordinates": [ 72.9416778, 19.1776419 ] } },
{ "type": "Feature", "properties": { "element": "node", "id": 10258986636, "name": "NAVRATNA SOCIETY", "category": "schools" }, "geometry": { "type": "Point", "coordinates": [ 72.8304592, 19.2265894 ] } },
{ "type": "Feature", "properties": { "element": "node", "id": 10269097544, "name": "Gayathri Vidya Mandir", "category": "schools" }, "geometry": { "type": "Point", "coordinates": [ 72.9299819, 19.1618123 ] } },
{ "type": "Feature", "properties": { "element": "node", "id": 10607708286, "name": "Ryan International School (ICSE)", "category": "schools" }, "geometry": { "type": "Point", "coordinates": [ 72.8726025, 19.1723236 ] } },
{ "type": "Feature", "properties": { "element": "node", "id": 10645494069, "name": "Aspee Nutan English Medium School", "category": "schools" }, "geometry": { "type": "Point", "coordinates": [ 72.8457233, 19.1922983 ] } },
{ "type": "Feature", "properties": { "element": "node", "id": 10718967977, "name": "Z.P Marathi School", "category": "schools" }, "geometry": { "type": "Point", "coordinates": [ 73.039624, 19.2959196 ] } },
{ "type": "Feature", "properties": { "element": "node", "id": 10878535991, "name": "Podar International School", "category": "schools" }, "geometry": { "type": "Point", "coordinates": [ 72.8379688, 19.0790492 ] } },
{ "type": "Feature", "properties": { "element": "node", "id": 10951466305, "name": "एल.बी.एस. विद्यालय", "category": "schools" }, "geometry": { "type": "Point", "coordinates": [ 73.0077978, 19.172706 ] } },
{ "type": "Feature", "properties": { "element": "node", "id": 11296361349, "name": "Learner's Academy I.C.S.E School", "category": "schools" }, "geometry": { "type": "Point", "coordinates": [ 72.8270872, 19.061141 ] } },
{ "type": "Feature", "properties": { "element": "node", "id": 11426738529, "name": "Mumbai Public School", "category": "schools" }, "geometry": { "type": "Point", "coordinates": [ 72.852419, 19.1098119 ] } },
{ "type": "Feature", "properties": { "element": "node", "id": 11426739575, "name": "Juhu Tara Municipal School", "category": "schools" }, "geometry": { "type": "Point", "coordinates": [ 72.8282127, 19.0919763 ] } },
{ "type": "Feature", "properties": { "element": "node", "id": 11691647051, "name": "Amity International School", "category": "schools" }, "geometry": { "type": "Point", "coordinates": [ 73.0366023, 19.0094021 ] } },
{ "type": "Feature", "properties": { "element": "node", "id": 11697877354, "name": "S.M. Shetty School Ground", "category": "schools" }, "geometry": { "type": "Point", "coordinates": [ 72.9054975, 19.115227 ] } },
{ "type": "Feature", "properties": { "element": "node", "id": 11697998052, "name": "Chanfrabhan Sharma collehe of arts & science", "category": "schools" }, "geometry": { "type": "Point", "coordinates": [ 72.9027598, 19.1165643 ] } },
{ "type": "Feature", "properties": { "element": "node", "id": 11698432789, "name": "IItian's PACE - Andheri", "category": "schools" }, "geometry": { "type": "Point", "coordinates": [ 72.8454164, 19.1203044 ] } },
{ "type": "Feature", "properties": { "element": "node", "id": 11698444657, "name": "Sinhgad College of Commerce", "category": "schools" }, "geometry": { "type": "Point", "coordinates": [ 72.8965304, 19.1132882 ] } },
{ "type": "Feature", "properties": { "element": "node", "id": 12129208196, "name": "Sardar Vallabhbhai Patel Vidlaya", "category": "schools" }, "geometry": { "type": "Point", "coordinates": [ 72.8665495, 19.2913331 ] } },
{ "type": "Feature", "properties": { "element": "node", "id": 12222194148, "name": "Savitridevi Hariram Agarwal International School", "category": "schools" }, "geometry": { "type": "Point", "coordinates": [ 72.8410849, 19.1978859 ] } },
{ "type": "Feature", "properties": { "element": "node", "id": 12433269419, "name": "St Andrew's College of Arts, Science and Commerce", "category": "schools" }, "geometry": { "type": "Point", "coordinates": [ 72.8290034, 19.0564763 ] } },
{ "type": "Feature", "properties": { "element": "node", "id": 12479914831, "name": null, "category": "schools" }, "geometry": { "type": "Point", "coordinates": [ 72.8494628, 19.0815886 ] } },
{ "type": "Feature", "properties": { "element": "node", "id": 12535576374, "name": "college building", "category": "schools" }, "geometry": { "type": "Point", "coordinates": [ 72.8266365, 18.9677617 ] } },
{ "type": "Feature", "properties": { "element": "node", "id": 12765944908, "name": null, "category": "schools" }, "geometry": { "type": "Point", "coordinates": [ 72.8133207, 19.1380448 ] } },
{ "type": "Feature", "properties": { "element": "node", "id": 12921818966, "name": "Sheila Raheja Institute of Hotel Management", "category": "schools" }, "geometry": { "type": "Point", "coordinates": [ 72.8439117, 19.0592743 ] } },
{ "type": "Feature", "properties": { "element": "node", "id": 12942046400, "name": "Vibgyor", "category": "schools" }, "geometry": { "type": "Point", "coordinates": [ 72.836136, 19.1595272 ] } },
{ "type": "Feature", "properties": { "element": "node", "id": 13096586484, "name": "svdd", "category": "schools" }, "geometry": { "type": "Point", "coordinates": [ 72.9083633, 19.0827272 ] } },
{ "type": "Feature", "properties": { "element": "node", "id": 13097872633, "name": "Podar International School", "category": "schools" }, "geometry": { "type": "Point", "coordinates": [ 72.837565, 19.0694479 ] } },
{ "type": "Feature", "properties": { "element": "node", "id": 13102965801, "name": "V K Krishna Menon College", "category": "schools" }, "geometry": { "type": "Point", "coordinates": [ 72.9394744, 19.1431219 ] } },
{ "type": "Feature", "properties": { "element": "node", "id": 13112025801, "name": "Hinduja College", "category": "schools" }, "geometry": { "type": "Point", "coordinates": [ 72.8184681, 18.9528083 ] } },
{ "type": "Feature", "properties": { "element": "node", "id": 13116847401, "name": "Sant Gadge Maharaj School", "category": "schools" }, "geometry": { "type": "Point", "coordinates": [ 72.8212203, 18.9598574 ] } },
{ "type": "Feature", "properties": { "element": "node", "id": 13533576101, "name": "MPS CBSE Natwar Parekh Compound", "category": "schools" }, "geometry": { "type": "Point", "coordinates": [ 72.9159256, 19.0659095 ] } },
{ "type": "Feature", "properties": { "element": "node", "id": 13578798801, "name": "The BMS BRIO INTERNATIONAL SCHOOL (CBSE)", "category": "schools" }, "geometry": { "type": "Point", "coordinates": [ 72.8379014, 19.2272011 ] } },
{ "type": "Feature", "properties": { "element": "node", "id": 13591183820, "name": "VPM TMC Law College", "category": "schools" }, "geometry": { "type": "Point", "coordinates": [ 72.9804807, 19.1894428 ] } },
{ "type": "Feature", "properties": { "element": "node", "id": 13591183821, "name": "VPM'S Bedekar Institute of Management Studies", "category": "schools" }, "geometry": { "type": "Point", "coordinates": [ 72.980043, 19.189003 ] } },
{ "type": "Feature", "properties": { "element": "node", "id": 13714580702, "name": "K.B. Patil International School [ICSE]", "category": "schools" }, "geometry": { "type": "Point", "coordinates": [ 72.8148031, 19.2169913 ] } },
{ "type": "Feature", "properties": { "element": "node", "id": 13716485312, "name": "Bombay Veterinary College Sub-Campus", "category": "schools" }, "geometry": { "type": "Point", "coordinates": [ 72.8570154, 19.1511644 ] } },
{ "type": "Feature", "properties": { "element": "node", "id": 13738306792, "name": "Madni high school", "category": "schools" }, "geometry": { "type": "Point", "coordinates": [ 72.8463754, 19.1404105 ] } },
{ "type": "Feature", "properties": { "element": "node", "id": 13927730285, "name": "KJ Somaiya Medical College & Research Centre", "category": "schools" }, "geometry": { "type": "Point", "coordinates": [ 72.8749868, 19.0469123 ] } },
{ "type": "Feature", "properties": { "element": "node", "id": 13970254600, "name": "Euro Kids", "category": "schools" }, "geometry": { "type": "Point", "coordinates": [ 73.032636, 19.0066604 ] } },
{ "type": "Feature", "properties": { "element": "node", "id": 14100567569, "name": "Bharatratna Dr. Babasheb Ambedkar, Government Industrial Training Institute, Mumbai - 01", "category": "schools" }, "geometry": { "type": "Point", "coordinates": [ 72.8299576, 18.943631 ] } },
{ "type": "Feature", "properties": { "element": "node", "id": 14100628922, "name": "Elphinstone Technical High School and Junior College Mumbai", "category": "schools" }, "geometry": { "type": "Point", "coordinates": [ 72.8302832, 18.9434192 ] } },
{ "type": "Feature", "properties": { "element": "node", "id": 14138850866, "name": "College of Social Works", "category": "schools" }, "geometry": { "type": "Point", "coordinates": [ 72.8284574, 18.9362465 ] } },
{ "type": "Feature", "properties": { "element": "relation", "id": 5275042, "name": "Prabhadevi Municipal Primary School", "category": "schools" }, "geometry": { "type": "Polygon", "coordinates": [ [ [ 72.8265238, 19.0143076 ], [ 72.8265144, 19.0143494 ], [ 72.82647, 19.0143405 ], [ 72.8264244, 19.0145438 ], [ 72.8265004, 19.014559 ], [ 72.826508, 19.0145255 ], [ 72.826542, 19.0145323 ], [ 72.8265784, 19.0143703 ], [ 72.8266176, 19.0143781 ], [ 72.8266405, 19.0142758 ], [ 72.8266965, 19.014287 ], [ 72.8267548, 19.0140273 ], [ 72.8264048, 19.0139571 ], [ 72.8263633, 19.0141421 ], [ 72.8263803, 19.0141455 ], [ 72.8263517, 19.014273 ], [ 72.8265238, 19.0143076 ] ], [ [ 72.8264646, 19.014065 ], [ 72.8266452, 19.0141013 ], [ 72.8266106, 19.0142556 ], [ 72.82643, 19.0142194 ], [ 72.8264646, 19.014065 ] ] ] } },
{ "type": "Feature", "properties": { "element": "relation", "id": 8546708, "name": "Indian Institute of Technology Bombay", "category": "schools" }, "geometry": { "type": "MultiPolygon", "coordinates": [ [ [ [ 72.906011, 19.1363679 ], [ 72.9089802, 19.1371889 ], [ 72.9114157, 19.1378274 ], [ 72.9123223, 19.1381062 ], [ 72.9131779, 19.1385344 ], [ 72.9141086, 19.1391679 ], [ 72.9145056, 19.1395734 ], [ 72.9151734, 19.1404982 ], [ 72.915659, 19.1413927 ], [ 72.9161632, 19.1412204 ], [ 72.9176813, 19.1412305 ], [ 72.9182714, 19.1411241 ], [ 72.9184323, 19.141043 ], [ 72.9183116, 19.1407972 ], [ 72.9183385, 19.140521 ], [ 72.9184645, 19.1403943 ], [ 72.9185825, 19.1400548 ], [ 72.919127, 19.1391628 ], [ 72.9191498, 19.138874 ], [ 72.9192156, 19.1386409 ], [ 72.9191887, 19.1382456 ], [ 72.9188883, 19.1383216 ], [ 72.9188347, 19.1373637 ], [ 72.9191512, 19.1357521 ], [ 72.9193238, 19.1334255 ], [ 72.9194999, 19.1318852 ], [ 72.9196447, 19.1309425 ], [ 72.9197655, 19.1289837 ], [ 72.9196233, 19.1288924 ], [ 72.9190749, 19.128128 ], [ 72.9188669, 19.1278382 ], [ 72.9188515, 19.1278212 ], [ 72.9165831, 19.1253176 ], [ 72.9164566, 19.1252159 ], [ 72.9163617, 19.1251229 ], [ 72.913658, 19.1243893 ], [ 72.9118797, 19.1239103 ], [ 72.9116088, 19.1238824 ], [ 72.9095542, 19.1241384 ], [ 72.9093075, 19.1241434 ], [ 72.9090151, 19.1240623 ], [ 72.9086449, 19.1238481 ], [ 72.9084321, 19.1245674 ], [ 72.9083322, 19.1251384 ], [ 72.9084402, 19.1255521 ], [ 72.9084169, 19.1259301 ], [ 72.9082043, 19.1259898 ], [ 72.9081731, 19.1261479 ], [ 72.9084281, 19.1264716 ], [ 72.9088118, 19.1266654 ], [ 72.9090476, 19.1266714 ], [ 72.9092505, 19.126533 ], [ 72.909341, 19.1262015 ], [ 72.9093343, 19.1254109 ], [ 72.9096727, 19.1251467 ], [ 72.9098263, 19.1251655 ], [ 72.9098391, 19.1249508 ], [ 72.9100586, 19.1247369 ], [ 72.9104768, 19.1247732 ], [ 72.9106713, 19.1249163 ], [ 72.9112643, 19.125046 ], [ 72.9115106, 19.1249756 ], [ 72.9117197, 19.1252355 ], [ 72.9125255, 19.1252592 ], [ 72.9128425, 19.125387 ], [ 72.9129222, 19.1257922 ], [ 72.9130472, 19.1258403 ], [ 72.9132356, 19.1257169 ], [ 72.9135921, 19.1258454 ], [ 72.9137433, 19.126008 ], [ 72.9137917, 19.1269424 ], [ 72.9138187, 19.1270641 ], [ 72.9138455, 19.1273271 ], [ 72.9138793, 19.1275404 ], [ 72.9137941, 19.1276323 ], [ 72.9137066, 19.1276989 ], [ 72.913619, 19.1276924 ], [ 72.9135614, 19.1277417 ], [ 72.9135794, 19.1281103 ], [ 72.913661, 19.1285774 ], [ 72.9136647, 19.1286948 ], [ 72.9135185, 19.1287138 ], [ 72.9135253, 19.1287607 ], [ 72.9136645, 19.1287426 ], [ 72.9136138, 19.1292003 ], [ 72.9135404, 19.1292448 ], [ 72.9137149, 19.1296735 ], [ 72.9135739, 19.1298502 ], [ 72.9134395, 19.1302456 ], [ 72.9134373, 19.1303417 ], [ 72.9134776, 19.1306737 ], [ 72.9134834, 19.1307627 ], [ 72.9134725, 19.1308162 ], [ 72.9134211, 19.1308298 ], [ 72.9133656, 19.1308079 ], [ 72.9132425, 19.1307666 ], [ 72.9130613, 19.1307502 ], [ 72.9129412, 19.1307555 ], [ 72.9126647, 19.1307931 ], [ 72.9124389, 19.1307558 ], [ 72.9123771, 19.1307326 ], [ 72.9123563, 19.1307032 ], [ 72.9123478, 19.1306765 ], [ 72.9123525, 19.1306237 ], [ 72.9123327, 19.130562 ], [ 72.9122967, 19.1305178 ], [ 72.9122303, 19.1305301 ], [ 72.9121532, 19.1305729 ], [ 72.9120531, 19.1306264 ], [ 72.9119727, 19.1306302 ], [ 72.9117546, 19.1305934 ], [ 72.9117204, 19.1305679 ], [ 72.9116388, 19.1304804 ], [ 72.9116262, 19.1304298 ], [ 72.9116411, 19.130374 ], [ 72.9116615, 19.1303183 ], [ 72.9116646, 19.1302508 ], [ 72.9116518, 19.1302114 ], [ 72.9116409, 19.1301668 ], [ 72.911601, 19.1301182 ], [ 72.9115649, 19.1300831 ], [ 72.9115276, 19.1300755 ], [ 72.9114932, 19.1301108 ], [ 72.9114791, 19.1301451 ], [ 72.9114545, 19.1301766 ], [ 72.911437, 19.1302155 ], [ 72.9114008, 19.1302555 ], [ 72.9113487, 19.1302667 ], [ 72.9113057, 19.1302238 ], [ 72.9112132, 19.1302065 ], [ 72.9111241, 19.130221 ], [ 72.9110353, 19.1302586 ], [ 72.9109596, 19.1302557 ], [ 72.9108731, 19.1301927 ], [ 72.9104008, 19.1298811 ], [ 72.9103105, 19.1298537 ], [ 72.9102868, 19.1299247 ], [ 72.9102773, 19.1301616 ], [ 72.9103775, 19.1303661 ], [ 72.910614, 19.1305465 ], [ 72.9106081, 19.1307136 ], [ 72.9108908, 19.1309175 ], [ 72.9112268, 19.1310166 ], [ 72.911336, 19.1312547 ], [ 72.9114187, 19.1312677 ], [ 72.9115532, 19.1311609 ], [ 72.911916, 19.1314279 ], [ 72.9119082, 19.1314951 ], [ 72.9110287, 19.1315706 ], [ 72.9109093, 19.1319903 ], [ 72.910578, 19.1325786 ], [ 72.9104707, 19.1326585 ], [ 72.9101842, 19.1323332 ], [ 72.9101065, 19.1323276 ], [ 72.9097831, 19.1324983 ], [ 72.909462, 19.1321599 ], [ 72.9091581, 19.1322208 ], [ 72.9088925, 19.1323149 ], [ 72.9087346, 19.1327097 ], [ 72.9087952, 19.1331248 ], [ 72.909051, 19.1334791 ], [ 72.9085781, 19.1336201 ], [ 72.9084992, 19.1334552 ], [ 72.907718, 19.1336045 ], [ 72.9075682, 19.1337993 ], [ 72.9074516, 19.1340983 ], [ 72.9074316, 19.1344423 ], [ 72.9071513, 19.1344684 ], [ 72.9069888, 19.1339762 ], [ 72.9070113, 19.133599 ], [ 72.9066574, 19.1335838 ], [ 72.9062931, 19.1336907 ], [ 72.9062074, 19.1334464 ], [ 72.9067667, 19.1331606 ], [ 72.9064406, 19.1320804 ], [ 72.9065555, 19.1318365 ], [ 72.9067742, 19.1317823 ], [ 72.906911, 19.1314405 ], [ 72.9068841, 19.1310415 ], [ 72.9070316, 19.1305943 ], [ 72.9069406, 19.1302596 ], [ 72.9069926, 19.1299468 ], [ 72.9067509, 19.1295127 ], [ 72.9066465, 19.1295207 ], [ 72.9064315, 19.1297214 ], [ 72.9062112, 19.1298159 ], [ 72.906045, 19.1297767 ], [ 72.9059413, 19.1296064 ], [ 72.9057643, 19.1296631 ], [ 72.9057313, 19.1302123 ], [ 72.9055377, 19.1303707 ], [ 72.9055356, 19.1305949 ], [ 72.9057194, 19.1307649 ], [ 72.905641, 19.1310561 ], [ 72.9056833, 19.1313355 ], [ 72.9054518, 19.1313549 ], [ 72.9052815, 19.1318221 ], [ 72.9057051, 19.131763 ], [ 72.9056558, 19.132024 ], [ 72.9055416, 19.1321691 ], [ 72.9052808, 19.1321089 ], [ 72.9051199, 19.1319368 ], [ 72.9047374, 19.1318983 ], [ 72.9046988, 19.1317625 ], [ 72.9045509, 19.1317501 ], [ 72.9045994, 19.1315702 ], [ 72.904589, 19.1312698 ], [ 72.9047249, 19.1311952 ], [ 72.9046487, 19.1310715 ], [ 72.9044697, 19.1310727 ], [ 72.9043747, 19.1312594 ], [ 72.9041362, 19.1311925 ], [ 72.9041231, 19.1310572 ], [ 72.9039696, 19.130986 ], [ 72.9037919, 19.1310199 ], [ 72.9037358, 19.1312308 ], [ 72.903817, 19.1314619 ], [ 72.9037407, 19.1318052 ], [ 72.9040788, 19.1319315 ], [ 72.904109, 19.1322987 ], [ 72.9043169, 19.1324607 ], [ 72.904753, 19.1324464 ], [ 72.9048389, 19.1329501 ], [ 72.9046329, 19.1328646 ], [ 72.9045467, 19.1327064 ], [ 72.9043591, 19.1328651 ], [ 72.9042409, 19.1330601 ], [ 72.9042407, 19.133229 ], [ 72.9044043, 19.1333823 ], [ 72.9045195, 19.1336157 ], [ 72.9043218, 19.1337214 ], [ 72.9042101, 19.1342454 ], [ 72.9043855, 19.1347158 ], [ 72.9043619, 19.1348024 ], [ 72.9043056, 19.1348363 ], [ 72.9041866, 19.1347408 ], [ 72.9038942, 19.1341719 ], [ 72.9037955, 19.1341329 ], [ 72.9036546, 19.1341584 ], [ 72.9035876, 19.1342529 ], [ 72.9036454, 19.1345582 ], [ 72.9037297, 19.1349124 ], [ 72.9036494, 19.1352773 ], [ 72.9037501, 19.1354563 ], [ 72.904045, 19.1358307 ], [ 72.906011, 19.1363679 ] ] ], [ [ [ 72.9025912, 19.136563 ], [ 72.902838, 19.1366897 ], [ 72.9029292, 19.1371002 ], [ 72.9028326, 19.1371458 ], [ 72.9029453, 19.1373941 ], [ 72.9030874, 19.1377996 ], [ 72.903412, 19.1380859 ], [ 72.9038975, 19.1385243 ], [ 72.9043293, 19.1388841 ], [ 72.9045278, 19.1388233 ], [ 72.9049355, 19.1386915 ], [ 72.9049247, 19.1385496 ], [ 72.9050803, 19.1384381 ], [ 72.9050428, 19.138205 ], [ 72.9055202, 19.138053 ], [ 72.9057562, 19.1383418 ], [ 72.905944, 19.1388436 ], [ 72.9071027, 19.1377236 ], [ 72.9073199, 19.137455 ], [ 72.907446, 19.137085 ], [ 72.904568, 19.1363223 ], [ 72.9036024, 19.1360486 ], [ 72.9021996, 19.1356812 ], [ 72.9025912, 19.136563 ] ] ] ] } },
{ "type": "Feature", "properties": { "element": "relation", "id": 12725570, "name": "Cathedral & John Connon Senior School", "category": "schools" }, "geometry": { "type": "Polygon", "coordinates": [ [ [ 72.832955, 18.9362684 ], [ 72.8327808, 18.9358713 ], [ 72.8324211, 18.9360125 ], [ 72.8325953, 18.9364096 ], [ 72.832955, 18.9362684 ] ], [ [ 72.8326214, 18.9360876 ], [ 72.8327672, 18.9360317 ], [ 72.832817, 18.936148 ], [ 72.8326712, 18.9362039 ], [ 72.8326214, 18.9360876 ] ] ] } },
{ "type": "Feature", "properties": { "element": "relation", "id": 13649674, "name": "Janata High School", "category": "schools" }, "geometry": { "type": "Polygon", "coordinates": [ [ [ 72.8215021, 19.0162542 ], [ 72.8217134, 19.0157982 ], [ 72.8216359, 19.0157652 ], [ 72.8216075, 19.0157969 ], [ 72.8214432, 19.0157302 ], [ 72.8212537, 19.0161569 ], [ 72.8215021, 19.0162542 ] ], [ [ 72.8214531, 19.0158942 ], [ 72.821551, 19.0159303 ], [ 72.8214799, 19.0160913 ], [ 72.8213847, 19.0160552 ], [ 72.8214531, 19.0158942 ] ] ] } },
{ "type": "Feature", "properties": { "element": "relation", "id": 19451988, "name": "Jio Institute", "category": "schools" }, "geometry": { "type": "MultiPolygon", "coordinates": [ [ [ [ 73.0224433, 18.9788819 ], [ 73.0224031, 18.9783143 ], [ 73.0217922, 18.9783531 ], [ 73.0217835, 18.9782302 ], [ 73.0215773, 18.9782432 ], [ 73.0216262, 18.9789337 ], [ 73.0224433, 18.9788819 ] ] ], [ [ [ 73.0201297, 18.9820011 ], [ 73.0229776, 18.9817685 ], [ 73.0229632, 18.9816614 ], [ 73.02299, 18.9814156 ], [ 73.0231, 18.9811546 ], [ 73.0233848, 18.9808924 ], [ 73.0236604, 18.9807269 ], [ 73.023237, 18.9802802 ], [ 73.0229132, 18.9797183 ], [ 73.0228008, 18.9793641 ], [ 73.0195632, 18.9796018 ], [ 73.0194621, 18.9801578 ], [ 73.0192043, 18.9809822 ], [ 73.0201297, 18.9820011 ] ] ] ] } },
{ "type": "Feature", "properties": { "element": "relation", "id": 21294073, "name": "Apostolic Carmel High School & Junior College", "category": "schools" }, "geometry": { "type": "Polygon", "coordinates": [ [ [ 72.8259969, 19.0548107 ], [ 72.8260202, 19.0552805 ], [ 72.8255231, 19.0553284 ], [ 72.8255245, 19.0557853 ], [ 72.8263448, 19.0558138 ], [ 72.8263667, 19.0555925 ], [ 72.8264926, 19.0548586 ], [ 72.8259969, 19.0548107 ] ] ] } },
{ "type": "Feature", "properties": { "element": "way", "id": 27054841, "name": "Central Fisheries Institute", "category": "schools" }, "geometry": { "type": "Polygon", "coordinates": [ [ [ 72.8156218, 19.1321887 ], [ 72.8162388, 19.1325394 ], [ 72.8163896, 19.1326494 ], [ 72.8165205, 19.1327502 ], [ 72.8169784, 19.1328945 ], [ 72.8169559, 19.132108 ], [ 72.816967, 19.1320084 ], [ 72.8170447, 19.1317366 ], [ 72.8171015, 19.13146 ], [ 72.8171482, 19.1306935 ], [ 72.8171556, 19.1305348 ], [ 72.8170858, 19.1306121 ], [ 72.8165502, 19.1311839 ], [ 72.8160814, 19.1316913 ], [ 72.8156218, 19.1321887 ] ] ] } },
{ "type": "Feature", "properties": { "element": "way", "id": 27054865, "name": "Chatrabhuj Narsee Monjee School", "category": "schools" }, "geometry": { "type": "Polygon", "coordinates": [ [ [ 72.8410212, 19.1061268 ], [ 72.8409267, 19.1067784 ], [ 72.8411655, 19.1067784 ], [ 72.8412351, 19.1068679 ], [ 72.8412501, 19.1074101 ], [ 72.8413098, 19.1074499 ], [ 72.8416738, 19.1074074 ], [ 72.8416527, 19.1068752 ], [ 72.8416799, 19.1068031 ], [ 72.8417196, 19.1067177 ], [ 72.8419266, 19.106669 ], [ 72.8419465, 19.106465 ], [ 72.8419664, 19.1062113 ], [ 72.8419093, 19.1061773 ], [ 72.8410212, 19.1061268 ] ] ] } },
{ "type": "Feature", "properties": { "element": "way", "id": 27054961, "name": "M A Government School", "category": "schools" }, "geometry": { "type": "Polygon", "coordinates": [ [ [ 72.8447337, 19.1168867 ], [ 72.8445866, 19.1164771 ], [ 72.8446496, 19.1164141 ], [ 72.8451747, 19.1162671 ], [ 72.8456788, 19.1162198 ], [ 72.8457944, 19.1162671 ], [ 72.8458259, 19.1162881 ], [ 72.8458969, 19.1165796 ], [ 72.8447337, 19.1168867 ] ] ] } },
{ "type": "Feature", "properties": { "element": "way", "id": 27055930, "name": "Fr Conceicao Rodrigues College of Engineering", "category": "schools" }, "geometry": { "type": "Polygon", "coordinates": [ [ [ 72.8197256, 19.0449038 ], [ 72.8195491, 19.0443287 ], [ 72.8204791, 19.0442034 ], [ 72.8207736, 19.0438166 ], [ 72.8208344, 19.0437863 ], [ 72.8208908, 19.0437732 ], [ 72.8210665, 19.0438094 ], [ 72.8216657, 19.0439046 ], [ 72.8215067, 19.0441309 ], [ 72.8217896, 19.0444734 ], [ 72.821423, 19.044739 ], [ 72.8213188, 19.0446318 ], [ 72.8211384, 19.0445251 ], [ 72.8210257, 19.0445206 ], [ 72.8208209, 19.0445853 ], [ 72.8204415, 19.0446867 ], [ 72.8197256, 19.0449038 ] ] ] } },
{ "type": "Feature", "properties": { "element": "way", "id": 38725419, "name": "Walsingham House School", "category": "schools" }, "geometry": { "type": "Polygon", "coordinates": [ [ [ 72.7961342, 18.9540341 ], [ 72.7960794, 18.9539223 ], [ 72.7960021, 18.9539223 ], [ 72.795942, 18.9538898 ], [ 72.795942, 18.953833 ], [ 72.7960021, 18.9537681 ], [ 72.7959368, 18.9536282 ], [ 72.7962424, 18.9534921 ], [ 72.7963111, 18.9536382 ], [ 72.7963883, 18.9536057 ], [ 72.7964484, 18.9537275 ], [ 72.7963712, 18.95376 ], [ 72.7964313, 18.953898 ], [ 72.7961342, 18.9540341 ] ] ] } },
{ "type": "Feature", "properties": { "element": "way", "id": 39836739, "name": "St. Columba High School", "category": "schools" }, "geometry": { "type": "Polygon", "coordinates": [ [ [ 72.811763, 18.9608682 ], [ 72.8116265, 18.9606722 ], [ 72.8117073, 18.9606218 ], [ 72.811716, 18.9606343 ], [ 72.811945, 18.9604739 ], [ 72.8119971, 18.9604414 ], [ 72.8120052, 18.960453 ], [ 72.81204, 18.9604306 ], [ 72.8120669, 18.9604665 ], [ 72.8120523, 18.9604762 ], [ 72.8121026, 18.9605433 ], [ 72.8121109, 18.9605382 ], [ 72.8121377, 18.9605202 ], [ 72.8121817, 18.9605788 ], [ 72.8122923, 18.9607801 ], [ 72.8123561, 18.9609202 ], [ 72.8122397, 18.9609531 ], [ 72.8122264, 18.9609028 ], [ 72.81203, 18.960602 ], [ 72.8117722, 18.9607742 ], [ 72.8118128, 18.960835 ], [ 72.811763, 18.9608682 ] ] ] } },
{ "type": "Feature", "properties": { "element": "way", "id": 39842003, "name": "BM Ruia Girls College", "category": "schools" }, "geometry": { "type": "Polygon", "coordinates": [ [ [ 72.8102994, 18.9596304 ], [ 72.8104388, 18.9598187 ], [ 72.8105186, 18.9597596 ], [ 72.8103792, 18.9595713 ], [ 72.8102994, 18.9596304 ] ] ] } },
{ "type": "Feature", "properties": { "element": "way", "id": 48748553, "name": "Girton High School", "category": "schools" }, "geometry": { "type": "Polygon", "coordinates": [ [ [ 72.8157492, 18.966227 ], [ 72.8156245, 18.9662689 ], [ 72.8156942, 18.966449 ], [ 72.8155668, 18.9664909 ], [ 72.8156044, 18.966586 ], [ 72.8158565, 18.966501 ], [ 72.8157492, 18.966227 ] ] ] } },
{ "type": "Feature", "properties": { "element": "way", "id": 49001343, "name": "Sir J.J. School of Art, Architecture, and Applied Art", "category": "schools" }, "geometry": { "type": "Polygon", "coordinates": [ [ [ 72.8338498, 18.9460426 ], [ 72.8330686, 18.945375 ], [ 72.8330009, 18.944743 ], [ 72.8331043, 18.9442525 ], [ 72.832867, 18.9442041 ], [ 72.8331855, 18.9426206 ], [ 72.8333717, 18.9424509 ], [ 72.8338981, 18.9425564 ], [ 72.8338398, 18.942888 ], [ 72.834374, 18.9429791 ], [ 72.8338498, 18.9460426 ] ] ] } },
{ "type": "Feature", "properties": { "element": "way", "id": 49480318, "name": "Tata Institute of Fundamental Research", "category": "schools" }, "geometry": { "type": "Polygon", "coordinates": [ [ [ 72.8043465, 18.9088 ], [ 72.8040454, 18.9080105 ], [ 72.8036496, 18.90623 ], [ 72.8035841, 18.9052681 ], [ 72.803815, 18.9052367 ], [ 72.8044247, 18.9051742 ], [ 72.8057797, 18.904957 ], [ 72.8059675, 18.9062755 ], [ 72.806008, 18.9065826 ], [ 72.8061502, 18.9076648 ], [ 72.8060415, 18.9076764 ], [ 72.8049122, 18.9078464 ], [ 72.8049364, 18.907962 ], [ 72.8050545, 18.9086532 ], [ 72.8043465, 18.9088 ] ] ] } },
{ "type": "Feature", "properties": { "element": "way", "id": 49480385, "name": "Navy Children School", "category": "schools" }, "geometry": { "type": "Polygon", "coordinates": [ [ [ 72.807448, 18.9105015 ], [ 72.8074026, 18.9104321 ], [ 72.8070897, 18.9099255 ], [ 72.8068685, 18.9095698 ], [ 72.8066761, 18.9092604 ], [ 72.806811, 18.9091634 ], [ 72.8074762, 18.9090497 ], [ 72.8078952, 18.9092355 ], [ 72.8082849, 18.9094266 ], [ 72.8083905, 18.9095918 ], [ 72.8085841, 18.9099129 ], [ 72.8081977, 18.9101225 ], [ 72.8080378, 18.9102016 ], [ 72.8075786, 18.9104289 ], [ 72.807448, 18.9105015 ] ] ] } },
{ "type": "Feature", "properties": { "element": "way", "id": 49682797, "name": "University of Mumbai", "category": "schools" }, "geometry": { "type": "Polygon", "coordinates": [ [ [ 72.8612709, 19.0715848 ], [ 72.8609472, 19.0722682 ], [ 72.860817, 19.0728745 ], [ 72.8605311, 19.0737742 ], [ 72.8603652, 19.07403 ], [ 72.8600744, 19.0742893 ], [ 72.8593674, 19.0744889 ], [ 72.858371, 19.0746384 ], [ 72.8559241, 19.075033 ], [ 72.8556631, 19.0750805 ], [ 72.8550711, 19.0750996 ], [ 72.8546063, 19.0748529 ], [ 72.8528919, 19.0738766 ], [ 72.8528114, 19.0738291 ], [ 72.8527247, 19.0737702 ], [ 72.852603, 19.073712 ], [ 72.8522438, 19.0735952 ], [ 72.8518705, 19.0735551 ], [ 72.8507573, 19.0735831 ], [ 72.8506217, 19.0726164 ], [ 72.8525243, 19.072529 ], [ 72.8531936, 19.0731678 ], [ 72.8533972, 19.0729919 ], [ 72.8557863, 19.0709278 ], [ 72.8559357, 19.0707179 ], [ 72.8560797, 19.0705155 ], [ 72.8564383, 19.0698967 ], [ 72.8555477, 19.0689556 ], [ 72.8547551, 19.0696602 ], [ 72.8538126, 19.0687091 ], [ 72.8535283, 19.068917 ], [ 72.8533995, 19.0688156 ], [ 72.8533945, 19.0682564 ], [ 72.8540922, 19.0676352 ], [ 72.8550481, 19.0668418 ], [ 72.855251, 19.066755 ], [ 72.857496, 19.0663843 ], [ 72.8599843, 19.0660729 ], [ 72.8604205, 19.0670838 ], [ 72.8606224, 19.0676738 ], [ 72.8607535, 19.0682637 ], [ 72.8610519, 19.0703663 ], [ 72.8612709, 19.0715848 ] ] ] } },
{ "type": "Feature", "properties": { "element": "way", "id": 52511403, "name": "Environmental Science & Engineering", "category": "schools" }, "geometry": { "type": "Polygon", "coordinates": [ [ [ 72.9181794, 19.1324732 ], [ 72.9181912, 19.1322796 ], [ 72.9185054, 19.1322933 ], [ 72.9184936, 19.1324869 ], [ 72.9181794, 19.1324732 ] ] ] } },
{ "type": "Feature", "properties": { "element": "way", "id": 52513988, "name": "Applied Materials Exploration Centre", "category": "schools" }, "geometry": { "type": "Polygon", "coordinates": [ [ [ 72.9187637, 19.1354784 ], [ 72.9190391, 19.1354141 ], [ 72.9189546, 19.1350906 ], [ 72.9188003, 19.1351266 ], [ 72.9187876, 19.135078 ], [ 72.9186665, 19.1351062 ], [ 72.9187637, 19.1354784 ] ] ] } },
{ "type": "Feature", "properties": { "element": "way", "id": 52514091, "name": "Centifuge Facility", "category": "schools" }, "geometry": { "type": "Polygon", "coordinates": [ [ [ 72.9167059, 19.1353564 ], [ 72.9167607, 19.1352254 ], [ 72.9168444, 19.1352567 ], [ 72.9168679, 19.1352005 ], [ 72.9169654, 19.1352369 ], [ 72.9169174, 19.1353515 ], [ 72.9170795, 19.135412 ], [ 72.9170618, 19.1354542 ], [ 72.9168911, 19.1353905 ], [ 72.916833, 19.1355296 ], [ 72.9167716, 19.1355067 ], [ 72.9168171, 19.1353979 ], [ 72.9167059, 19.1353564 ] ] ] } },
{ "type": "Feature", "properties": { "element": "way", "id": 52754753, "name": "Kendriya Vidyalaya No.3, Colaba", "category": "schools" }, "geometry": { "type": "Polygon", "coordinates": [ [ [ 72.8088441, 18.8956419 ], [ 72.8098311, 18.89585 ], [ 72.810314, 18.8950201 ], [ 72.8101369, 18.8944518 ], [ 72.8096541, 18.8943173 ], [ 72.8090694, 18.8948045 ], [ 72.8088441, 18.8956419 ] ] ] } },
{ "type": "Feature", "properties": { "element": "way", "id": 53349816, "name": "Dharavi Municipal School", "category": "schools" }, "geometry": { "type": "Polygon", "coordinates": [ [ [ 72.8602162, 19.0431075 ], [ 72.8596325, 19.0435137 ], [ 72.858952, 19.0426305 ], [ 72.8595788, 19.0422091 ], [ 72.8602162, 19.0431075 ] ] ] } },
{ "type": "Feature", "properties": { "element": "way", "id": 56077894, "name": "A.H. Wadia High School", "category": "schools" }, "geometry": { "type": "Polygon", "coordinates": [ [ [ 72.8340098, 19.1269259 ], [ 72.8340957, 19.1272934 ], [ 72.8349781, 19.1271185 ], [ 72.8349481, 19.1264642 ], [ 72.8349271, 19.1260061 ], [ 72.8343424, 19.1261302 ], [ 72.8345141, 19.126817 ], [ 72.8340098, 19.1269259 ] ] ] } },
{ "type": "Feature", "properties": { "element": "way", "id": 56207793, "name": "St Anne's High Scool", "category": "schools" }, "geometry": { "type": "Polygon", "coordinates": [ [ [ 72.831153, 18.9250918 ], [ 72.8312237, 18.9253821 ], [ 72.8315017, 18.9253216 ], [ 72.831431, 18.9250313 ], [ 72.831153, 18.9250918 ] ] ] } },
{ "type": "Feature", "properties": { "element": "way", "id": 56207795, "name": "Campion School", "category": "schools" }, "geometry": { "type": "Polygon", "coordinates": [ [ [ 72.8297217, 18.9249867 ], [ 72.8300021, 18.9249566 ], [ 72.8299979, 18.9249071 ], [ 72.8299447, 18.924905 ], [ 72.8299455, 18.924872 ], [ 72.8300405, 18.9248666 ], [ 72.8300304, 18.9247906 ], [ 72.8299491, 18.9247966 ], [ 72.8299436, 18.9247201 ], [ 72.8299801, 18.9247187 ], [ 72.8299751, 18.9246628 ], [ 72.8299027, 18.9246677 ], [ 72.8298975, 18.9245978 ], [ 72.8299759, 18.9245929 ], [ 72.8299755, 18.9245434 ], [ 72.8296715, 18.924565 ], [ 72.829675, 18.9246052 ], [ 72.829654, 18.9246431 ], [ 72.8296593, 18.9246866 ], [ 72.8297082, 18.9246952 ], [ 72.8297105, 18.9247409 ], [ 72.8297531, 18.9247399 ], [ 72.8297567, 18.9248147 ], [ 72.8296974, 18.9248193 ], [ 72.8297217, 18.9249867 ] ] ] } },
{ "type": "Feature", "properties": { "element": "way", "id": 76281423, "name": "St. Pauls Convent", "category": "schools" }, "geometry": { "type": "Polygon", "coordinates": [ [ [ 72.8422337, 19.0083644 ], [ 72.842188, 19.0082074 ], [ 72.8419708, 19.0073323 ], [ 72.8413287, 19.0074165 ], [ 72.8411933, 19.0071472 ], [ 72.8422394, 19.0069879 ], [ 72.8422907, 19.0073278 ], [ 72.843552, 19.0071497 ], [ 72.8435882, 19.0072701 ], [ 72.843501, 19.0075859 ], [ 72.8432851, 19.0079383 ], [ 72.8428023, 19.0083948 ], [ 72.8425877, 19.0085774 ], [ 72.8422337, 19.0083644 ] ] ] } },
{ "type": "Feature", "properties": { "element": "way", "id": 79670766, "name": "Narsee Monjee College of Commerce", "category": "schools" }, "geometry": { "type": "Polygon", "coordinates": [ [ [ 72.8371131, 19.1039082 ], [ 72.8372515, 19.1039093 ], [ 72.8372527, 19.1037427 ], [ 72.8373082, 19.1037152 ], [ 72.8373386, 19.1036568 ], [ 72.8374622, 19.1036545 ], [ 72.8374631, 19.1036898 ], [ 72.8375463, 19.1036899 ], [ 72.8375479, 19.1036544 ], [ 72.8375999, 19.1036563 ], [ 72.8376023, 19.1035291 ], [ 72.8371118, 19.1035342 ], [ 72.8371131, 19.1039082 ] ] ] } },
{ "type": "Feature", "properties": { "element": "way", "id": 83337272, "name": "Ismail Yusuf College", "category": "schools" }, "geometry": { "type": "Polygon", "coordinates": [ [ [ 72.8547745, 19.1343627 ], [ 72.8534341, 19.1352597 ], [ 72.8518715, 19.1353589 ], [ 72.8515563, 19.1352845 ], [ 72.8512412, 19.1356567 ], [ 72.849928, 19.135086 ], [ 72.8499717, 19.1329799 ], [ 72.8499819, 19.1328497 ], [ 72.8500468, 19.132022 ], [ 72.852155, 19.131424 ], [ 72.8529089, 19.1312897 ], [ 72.853201, 19.1312871 ], [ 72.8540776, 19.1315006 ], [ 72.8548655, 19.131848 ], [ 72.8547745, 19.1343627 ] ] ] } },
{ "type": "Feature", "properties": { "element": "way", "id": 84834276, "name": null, "category": "schools" }, "geometry": { "type": "Polygon", "coordinates": [ [ [ 72.8546066, 19.1628001 ], [ 72.854789, 19.1623137 ], [ 72.8553898, 19.1625974 ], [ 72.8554434, 19.1634588 ], [ 72.8553468, 19.16355 ], [ 72.8546066, 19.1628001 ] ] ] } },
{ "type": "Feature", "properties": { "element": "way", "id": 101698629, "name": "VIBGYOR High School CBSE", "category": "schools" }, "geometry": { "type": "Polygon", "coordinates": [ [ [ 72.8356136, 19.1596349 ], [ 72.8356731, 19.159336 ], [ 72.8364251, 19.1593106 ], [ 72.8364372, 19.1596292 ], [ 72.8356136, 19.1596349 ] ] ] } },
{ "type": "Feature", "properties": { "element": "way", "id": 102765231, "name": "A.B.Goregaonkar English School", "category": "schools" }, "geometry": { "type": "Polygon", "coordinates": [ [ [ 72.8466506, 19.1669716 ], [ 72.8464998, 19.1675035 ], [ 72.8476231, 19.1677341 ], [ 72.8476958, 19.1671944 ], [ 72.8471617, 19.1670902 ], [ 72.8466506, 19.1669716 ] ] ] } },
{ "type": "Feature", "properties": { "element": "way", "id": 102765242, "name": "Patkar College of Science", "category": "schools" }, "geometry": { "type": "Polygon", "coordinates": [ [ [ 72.8457467, 19.16691 ], [ 72.8457179, 19.1672296 ], [ 72.8460028, 19.1672525 ], [ 72.8460316, 19.166933 ], [ 72.8457467, 19.16691 ] ] ] } },
{ "type": "Feature", "properties": { "element": "way", "id": 112781803, "name": "Guru Nanak Khalsa College of Arts, Science & Commerce", "category": "schools" }, "geometry": { "type": "Polygon", "coordinates": [ [ [ 72.8564087, 19.0260175 ], [ 72.8563492, 19.0260165 ], [ 72.8561783, 19.0258793 ], [ 72.8559986, 19.025777 ], [ 72.8558888, 19.0257258 ], [ 72.8555962, 19.0256407 ], [ 72.8553821, 19.0256127 ], [ 72.8551864, 19.0245395 ], [ 72.8554754, 19.0244921 ], [ 72.8560148, 19.0244419 ], [ 72.8570412, 19.024719 ], [ 72.8569417, 19.0255765 ], [ 72.8564087, 19.0260175 ] ] ] } },
{ "type": "Feature", "properties": { "element": "way", "id": 112781805, "name": "Don Bosco School - Matunga", "category": "schools" }, "geometry": { "type": "Polygon", "coordinates": [ [ [ 72.8570178, 19.0267313 ], [ 72.8590776, 19.0268977 ], [ 72.8594308, 19.0259986 ], [ 72.8595713, 19.0251186 ], [ 72.8595176, 19.0250628 ], [ 72.857286, 19.0247763 ], [ 72.8571787, 19.0248371 ], [ 72.8571298, 19.0251762 ], [ 72.8570654, 19.0256236 ], [ 72.8569963, 19.0266926 ], [ 72.8570178, 19.0267313 ] ] ] } },
{ "type": "Feature", "properties": { "element": "way", "id": 112781811, "name": "Veermata Jijabhai Technological Institute (VJTI)", "category": "schools" }, "geometry": { "type": "Polygon", "coordinates": [ [ [ 72.8560785, 19.0243109 ], [ 72.8570359, 19.0245647 ], [ 72.8569773, 19.0229802 ], [ 72.8566256, 19.0213633 ], [ 72.8561804, 19.01959 ], [ 72.8559372, 19.0191249 ], [ 72.8558591, 19.0190658 ], [ 72.8557599, 19.0190582 ], [ 72.8556099, 19.0191208 ], [ 72.8548499, 19.0196137 ], [ 72.8552594, 19.0205996 ], [ 72.8560785, 19.0243109 ] ] ] } },
{ "type": "Feature", "properties": { "element": "way", "id": 112782814, "name": "Dr.Ambedkar College", "category": "schools" }, "geometry": { "type": "Polygon", "coordinates": [ [ [ 72.8520707, 19.0151014 ], [ 72.8523814, 19.015409 ], [ 72.8527185, 19.0156967 ], [ 72.8531385, 19.0153493 ], [ 72.8535319, 19.0151143 ], [ 72.8534646, 19.0150165 ], [ 72.8540805, 19.0146397 ], [ 72.854122, 19.0147132 ], [ 72.8542927, 19.0146103 ], [ 72.8542358, 19.0144978 ], [ 72.854122, 19.0143167 ], [ 72.8541033, 19.0141301 ], [ 72.8541608, 19.0140588 ], [ 72.8540493, 19.0139092 ], [ 72.8536599, 19.0141532 ], [ 72.8520707, 19.0151014 ] ] ] } },
{ "type": "Feature", "properties": { "element": "way", "id": 113578545, "name": "J.B. Vaccha High School for Girls", "category": "schools" }, "geometry": { "type": "Polygon", "coordinates": [ [ [ 72.8517386, 19.0194636 ], [ 72.8519655, 19.0191155 ], [ 72.852751, 19.0195732 ], [ 72.852524, 19.0199213 ], [ 72.8517386, 19.0194636 ] ] ] } },
{ "type": "Feature", "properties": { "element": "way", "id": 113578550, "name": "Ramnarain Ruia College", "category": "schools" }, "geometry": { "type": "Polygon", "coordinates": [ [ [ 72.8499314, 19.024386 ], [ 72.8505381, 19.0242625 ], [ 72.8503505, 19.0235242 ], [ 72.850546, 19.0233961 ], [ 72.8502569, 19.0230591 ], [ 72.8496689, 19.0234842 ], [ 72.8498654, 19.0241061 ], [ 72.8499314, 19.024386 ] ] ] } },
{ "type": "Feature", "properties": { "element": "way", "id": 113696497, "name": "Chhabildas Boys High School", "category": "schools" }, "geometry": { "type": "Polygon", "coordinates": [ [ [ 72.8426394, 19.0206184 ], [ 72.84254, 19.0206738 ], [ 72.842039, 19.0206236 ], [ 72.8419006, 19.020441 ], [ 72.842323, 19.0201701 ], [ 72.8426394, 19.0206184 ] ] ] } },
{ "type": "Feature", "properties": { "element": "way", "id": 113711207, "name": "Central Cotton Research Institute", "category": "schools" }, "geometry": { "type": "Polygon", "coordinates": [ [ [ 72.854297, 19.0221763 ], [ 72.8537721, 19.0222785 ], [ 72.8536121, 19.0215331 ], [ 72.8541298, 19.0214385 ], [ 72.854297, 19.0221763 ] ] ] } },
{ "type": "Feature", "properties": { "element": "way", "id": 113715163, "name": "Institute of Catering Hotel Management & Applied Nutrition", "category": "schools" }, "geometry": { "type": "Polygon", "coordinates": [ [ [ 72.8352639, 19.0241022 ], [ 72.8358254, 19.0238747 ], [ 72.8355091, 19.0232938 ], [ 72.8355956, 19.0232343 ], [ 72.8353472, 19.0227823 ], [ 72.8347424, 19.0231393 ], [ 72.8352639, 19.0241022 ] ] ] } },
{ "type": "Feature", "properties": { "element": "way", "id": 113715166, "name": "Kirti M. Doongursee College of Arts, Science and Commerce", "category": "schools" }, "geometry": { "type": "Polygon", "coordinates": [ [ [ 72.8303934, 19.0215138 ], [ 72.8307563, 19.0210322 ], [ 72.8311268, 19.0207124 ], [ 72.8317841, 19.0213075 ], [ 72.8309976, 19.0220051 ], [ 72.8303934, 19.0215138 ] ] ] } },
{ "type": "Feature", "properties": { "element": "way", "id": 113715167, "name": "Dr. Antonio Da Silva Technical High School & Jr. College Of Science", "category": "schools" }, "geometry": { "type": "Polygon", "coordinates": [ [ [ 72.8347424, 19.0231393 ], [ 72.8353472, 19.0227823 ], [ 72.8350613, 19.0223382 ], [ 72.8349486, 19.0223319 ], [ 72.8345315, 19.0226159 ], [ 72.8345208, 19.0226881 ], [ 72.8345531, 19.0227699 ], [ 72.8347424, 19.0231393 ] ] ] } },
{ "type": "Feature", "properties": { "element": "way", "id": 113716553, "name": "Bombay Scottish", "category": "schools" }, "geometry": { "type": "Polygon", "coordinates": [ [ [ 72.8395719, 19.0340812 ], [ 72.8394584, 19.0335676 ], [ 72.8388174, 19.0336927 ], [ 72.8389542, 19.0346845 ], [ 72.8396396, 19.0346067 ], [ 72.8396679, 19.0348271 ], [ 72.8400121, 19.0347848 ], [ 72.8399213, 19.0340388 ], [ 72.8395719, 19.0340812 ] ] ] } },
{ "type": "Feature", "properties": { "element": "way", "id": 113775904, "name": "St Joseph High School", "category": "schools" }, "geometry": { "type": "Polygon", "coordinates": [ [ [ 72.8565777, 19.0184835 ], [ 72.856091, 19.0187805 ], [ 72.8560388, 19.018836 ], [ 72.8560254, 19.0188502 ], [ 72.8560142, 19.0189339 ], [ 72.8562705, 19.0194471 ], [ 72.8563848, 19.0194487 ], [ 72.8567993, 19.0192695 ], [ 72.8570471, 19.0191389 ], [ 72.8569375, 19.0189287 ], [ 72.8565777, 19.0184835 ] ] ] } },
{ "type": "Feature", "properties": { "element": "way", "id": 113775906, "name": "South Indian Welfare Society College", "category": "schools" }, "geometry": { "type": "Polygon", "coordinates": [ [ [ 72.8589049, 19.0209503 ], [ 72.8588338, 19.0204278 ], [ 72.8605096, 19.0201928 ], [ 72.8605871, 19.0206104 ], [ 72.8605315, 19.020709 ], [ 72.8604591, 19.0207572 ], [ 72.8589049, 19.0209503 ] ] ] } },
{ "type": "Feature", "properties": { "element": "way", "id": 113777719, "name": "Dadar Athornan Institute", "category": "schools" }, "geometry": { "type": "Polygon", "coordinates": [ [ [ 72.853718, 19.0188778 ], [ 72.8540248, 19.0188268 ], [ 72.8540398, 19.0189607 ], [ 72.8540552, 19.0190548 ], [ 72.8537575, 19.0191014 ], [ 72.853718, 19.0188778 ] ] ] } },
{ "type": "Feature", "properties": { "element": "way", "id": 113792227, "name": "Dadar Parsee Youth Assembly High School", "category": "schools" }, "geometry": { "type": "Polygon", "coordinates": [ [ [ 72.8535283, 19.01812 ], [ 72.8534505, 19.0177777 ], [ 72.8536034, 19.0177422 ], [ 72.8536302, 19.0177802 ], [ 72.8536731, 19.017978 ], [ 72.8536543, 19.0180034 ], [ 72.8536506, 19.0180376 ], [ 72.8536221, 19.0180617 ], [ 72.8536275, 19.0180972 ], [ 72.8535283, 19.01812 ] ] ] } },
{ "type": "Feature", "properties": { "element": "way", "id": 113978749, "name": "Auxilium Convent School", "category": "schools" }, "geometry": { "type": "Polygon", "coordinates": [ [ [ 72.8544979, 19.0169253 ], [ 72.8548776, 19.016708 ], [ 72.854855, 19.0165879 ], [ 72.8549641, 19.0165959 ], [ 72.8550282, 19.0165519 ], [ 72.8550344, 19.0164823 ], [ 72.8551351, 19.0164818 ], [ 72.8550232, 19.0163456 ], [ 72.854832, 19.0160702 ], [ 72.8545893, 19.0162208 ], [ 72.8545445, 19.0162422 ], [ 72.8545079, 19.0162612 ], [ 72.85394, 19.0166125 ], [ 72.8544979, 19.0169253 ] ] ] } },
{ "type": "Feature", "properties": { "element": "way", "id": 115830793, "name": "Seth V.M. Kapole Boarding School", "category": "schools" }, "geometry": { "type": "Polygon", "coordinates": [ [ [ 72.8536851, 19.0228523 ], [ 72.8536646, 19.0227584 ], [ 72.8537423, 19.0227432 ], [ 72.8536859, 19.0224848 ], [ 72.8536101, 19.0224996 ], [ 72.8535935, 19.0224237 ], [ 72.8537889, 19.0223855 ], [ 72.8538825, 19.0228138 ], [ 72.8536851, 19.0228523 ] ] ] } },
{ "type": "Feature", "properties": { "element": "way", "id": 115865053, "name": "Tree House Play Group", "category": "schools" }, "geometry": { "type": "Polygon", "coordinates": [ [ [ 72.8527608, 19.0227553 ], [ 72.852871, 19.0226711 ], [ 72.8530084, 19.0228317 ], [ 72.8528982, 19.022916 ], [ 72.8527608, 19.0227553 ] ] ] } },
{ "type": "Feature", "properties": { "element": "way", "id": 117083034, "name": "Matunga Premier School", "category": "schools" }, "geometry": { "type": "Polygon", "coordinates": [ [ [ 72.8514766, 19.0273845 ], [ 72.8516169, 19.0272512 ], [ 72.8515139, 19.0271543 ], [ 72.8514013, 19.0272614 ], [ 72.8514439, 19.0273014 ], [ 72.8514162, 19.0273277 ], [ 72.8514766, 19.0273845 ] ] ] } },
{ "type": "Feature", "properties": { "element": "way", "id": 117083050, "name": "Shri Dayanand Vidyalay and Junior College", "category": "schools" }, "geometry": { "type": "Polygon", "coordinates": [ [ [ 72.8518974, 19.0270161 ], [ 72.8520012, 19.0269216 ], [ 72.8518946, 19.026817 ], [ 72.8517908, 19.0269114 ], [ 72.8518974, 19.0270161 ] ] ] } },
{ "type": "Feature", "properties": { "element": "way", "id": 118442694, "name": "Model English Night High School & Jr.College", "category": "schools" }, "geometry": { "type": "Polygon", "coordinates": [ [ [ 72.8555477, 19.028636 ], [ 72.8559164, 19.0283777 ], [ 72.8558431, 19.0282842 ], [ 72.8554745, 19.0285425 ], [ 72.8555477, 19.028636 ] ] ] } },
{ "type": "Feature", "properties": { "element": "way", "id": 120022416, "name": "KES College Ground", "category": "schools" }, "geometry": { "type": "Polygon", "coordinates": [ [ [ 72.8462793, 19.2021596 ], [ 72.8470005, 19.2020543 ], [ 72.8469249, 19.2015263 ], [ 72.8461985, 19.2016268 ], [ 72.8462793, 19.2021596 ] ] ] } },
{ "type": "Feature", "properties": { "element": "way", "id": 120134555, "name": null, "category": "schools" }, "geometry": { "type": "Polygon", "coordinates": [ [ [ 72.8410392, 19.1888306 ], [ 72.841509, 19.1887528 ], [ 72.8413797, 19.1884173 ], [ 72.8409485, 19.1884725 ], [ 72.8410392, 19.1888306 ] ] ] } },
{ "type": "Feature", "properties": { "element": "way", "id": 120516304, "name": "St. Judes High School", "category": "schools" }, "geometry": { "type": "Polygon", "coordinates": [ [ [ 72.8198639, 19.1977425 ], [ 72.8198854, 19.1974208 ], [ 72.8198941, 19.197234 ], [ 72.8199772, 19.1972061 ], [ 72.8200758, 19.1973499 ], [ 72.8202186, 19.1974442 ], [ 72.8203735, 19.1975322 ], [ 72.8204654, 19.1975709 ], [ 72.8198639, 19.1977425 ] ] ] } },
{ "type": "Feature", "properties": { "element": "way", "id": 121513368, "name": "Nutan Vidya Mandir", "category": "schools" }, "geometry": { "type": "Polygon", "coordinates": [ [ [ 72.9311942, 19.0423986 ], [ 72.9316158, 19.0423451 ], [ 72.9316448, 19.0410446 ], [ 72.9312103, 19.0410142 ], [ 72.9311942, 19.0423986 ] ] ] } },
{ "type": "Feature", "properties": { "element": "way", "id": 122294390, "name": "Tata Institute of Social Sciences, New Campus", "category": "schools" }, "geometry": { "type": "Polygon", "coordinates": [ [ [ 72.9126672, 19.0398328 ], [ 72.9137089, 19.0408706 ], [ 72.9138663, 19.0416109 ], [ 72.9131543, 19.0419155 ], [ 72.9125998, 19.0411929 ], [ 72.9119215, 19.0405801 ], [ 72.9119426, 19.0401001 ], [ 72.9124196, 19.0397486 ], [ 72.9126672, 19.0398328 ] ] ] } },
{ "type": "Feature", "properties": { "element": "way", "id": 131957113, "name": "Shivaji Shikshan Sanstha High School", "category": "schools" }, "geometry": { "type": "Polygon", "coordinates": [ [ [ 72.9132718, 19.0846823 ], [ 72.9129414, 19.0836173 ], [ 72.9132989, 19.0835149 ], [ 72.9139707, 19.0843034 ], [ 72.9136998, 19.0845184 ], [ 72.9132718, 19.0846823 ] ] ] } },
{ "type": "Feature", "properties": { "element": "way", "id": 133405012, "name": "Vidyalankar Institute of Technology", "category": "schools" }, "geometry": { "type": "Polygon", "coordinates": [ [ [ 72.8703481, 19.0215479 ], [ 72.8703883, 19.0218272 ], [ 72.8714785, 19.021687 ], [ 72.8714294, 19.0213926 ], [ 72.8703481, 19.0215479 ] ] ] } },
{ "type": "Feature", "properties": { "element": "way", "id": 136172048, "name": "Chikalwadi BMC School - 3", "category": "schools" }, "geometry": { "type": "Polygon", "coordinates": [ [ [ 72.9286286, 19.0620216 ], [ 72.9292201, 19.0617478 ], [ 72.9289465, 19.061218 ], [ 72.9283553, 19.0614885 ], [ 72.9286286, 19.0620216 ] ] ] } },
{ "type": "Feature", "properties": { "element": "way", "id": 136333110, "name": "Sanjay Nagar Municipal School", "category": "schools" }, "geometry": { "type": "Polygon", "coordinates": [ [ [ 72.9257843, 19.0647341 ], [ 72.9263824, 19.0644984 ], [ 72.9261491, 19.0639685 ], [ 72.9255724, 19.0641967 ], [ 72.9257843, 19.0647341 ] ] ] } },
{ "type": "Feature", "properties": { "element": "way", "id": 143810899, "name": "Parle Tilak English School", "category": "schools" }, "geometry": { "type": "Polygon", "coordinates": [ [ [ 72.8478313, 19.1036889 ], [ 72.8479278, 19.1037066 ], [ 72.8480325, 19.1037092 ], [ 72.8480566, 19.1035622 ], [ 72.8480861, 19.1033239 ], [ 72.8478935, 19.1032972 ], [ 72.8478635, 19.1035191 ], [ 72.8478313, 19.1036889 ] ] ] } },
{ "type": "Feature", "properties": { "element": "way", "id": 144076353, "name": "Pannalal Lohe Day Care", "category": "schools" }, "geometry": { "type": "Polygon", "coordinates": [ [ [ 72.848381, 19.103362 ], [ 72.8485044, 19.1033822 ], [ 72.8484964, 19.1034583 ], [ 72.8484776, 19.1035039 ], [ 72.8483542, 19.1034836 ], [ 72.848381, 19.103362 ] ] ] } },
{ "type": "Feature", "properties": { "element": "way", "id": 144080039, "name": "Parle Tilak Marathi School", "category": "schools" }, "geometry": { "type": "Polygon", "coordinates": [ [ [ 72.8480002, 19.1038688 ], [ 72.8480325, 19.1037092 ], [ 72.8479278, 19.1037066 ], [ 72.847909, 19.1037522 ], [ 72.8475496, 19.1036965 ], [ 72.8475577, 19.1036356 ], [ 72.8474584, 19.1036204 ], [ 72.8474311, 19.103792 ], [ 72.8477079, 19.1038257 ], [ 72.8480002, 19.1038688 ] ] ] } },
{ "type": "Feature", "properties": { "element": "way", "id": 144524310, "name": null, "category": "schools" }, "geometry": { "type": "Polygon", "coordinates": [ [ [ 72.8488129, 19.1037624 ], [ 72.8489532, 19.1037847 ], [ 72.8489738, 19.1036382 ], [ 72.8488397, 19.103623 ], [ 72.8488129, 19.1037624 ] ] ] } },
{ "type": "Feature", "properties": { "element": "way", "id": 144524632, "name": "G.B.E.S. School", "category": "schools" }, "geometry": { "type": "Polygon", "coordinates": [ [ [ 72.8489601, 19.1041063 ], [ 72.8491639, 19.1041078 ], [ 72.8491647, 19.1040106 ], [ 72.8491454, 19.1040104 ], [ 72.8491464, 19.1038842 ], [ 72.8490461, 19.1038834 ], [ 72.8490453, 19.103974 ], [ 72.8489785, 19.1039735 ], [ 72.848978, 19.1040283 ], [ 72.8489607, 19.1040282 ], [ 72.8489601, 19.1041063 ] ] ] } },
{ "type": "Feature", "properties": { "element": "way", "id": 144526572, "name": "Parle Tilak Vidyalaya (ICSC Board)", "category": "schools" }, "geometry": { "type": "Polygon", "coordinates": [ [ [ 72.8466831, 19.1036559 ], [ 72.8467935, 19.1036636 ], [ 72.8468199, 19.1034683 ], [ 72.8468552, 19.1034431 ], [ 72.8471985, 19.1034913 ], [ 72.8472227, 19.1035268 ], [ 72.8472093, 19.1036484 ], [ 72.8473135, 19.1036584 ], [ 72.8473269, 19.1034861 ], [ 72.8473027, 19.10341 ], [ 72.8469196, 19.1033493 ], [ 72.8469111, 19.103405 ], [ 72.8467935, 19.1033874 ], [ 72.8467479, 19.103395 ], [ 72.8467153, 19.1034582 ], [ 72.8466831, 19.1036559 ] ] ] } },
{ "type": "Feature", "properties": { "element": "way", "id": 151379340, "name": "Manekji Gajdhar School", "category": "schools" }, "geometry": { "type": "Polygon", "coordinates": [ [ [ 72.828019, 19.0759239 ], [ 72.8280066, 19.0759474 ], [ 72.8280923, 19.0760341 ], [ 72.8282926, 19.076133 ], [ 72.8282939, 19.0761459 ], [ 72.8282971, 19.0761514 ], [ 72.8283068, 19.0761538 ], [ 72.8283957, 19.0761352 ], [ 72.8284039, 19.0761287 ], [ 72.8284037, 19.0761171 ], [ 72.8284001, 19.076104 ], [ 72.828019, 19.0759239 ] ] ] } },
{ "type": "Feature", "properties": { "element": "way", "id": 151402667, "name": "St. Elias Ground", "category": "schools" }, "geometry": { "type": "Polygon", "coordinates": [ [ [ 72.8267917, 19.0735965 ], [ 72.8267174, 19.074222 ], [ 72.8274653, 19.0742988 ], [ 72.8274971, 19.0740423 ], [ 72.8275196, 19.0736891 ], [ 72.8267917, 19.0735965 ] ] ] } },
{ "type": "Feature", "properties": { "element": "way", "id": 151402734, "name": "BPM High School", "category": "schools" }, "geometry": { "type": "Polygon", "coordinates": [ [ [ 72.8301835, 19.0752151 ], [ 72.830213, 19.0745549 ], [ 72.8310134, 19.0745866 ], [ 72.8309841, 19.0752469 ], [ 72.8301835, 19.0752151 ] ] ] } },
{ "type": "Feature", "properties": { "element": "way", "id": 151485416, "name": "Mumbai University - Fort Campus", "category": "schools" }, "geometry": { "type": "Polygon", "coordinates": [ [ [ 72.8298139, 18.9300807 ], [ 72.8298312, 18.9285603 ], [ 72.8311853, 18.928574 ], [ 72.831168, 18.9300945 ], [ 72.8298139, 18.9300807 ] ] ] } },
{ "type": "Feature", "properties": { "element": "way", "id": 151585572, "name": "Dhirubhai Ambani Knowledge City", "category": "schools" }, "geometry": { "type": "Polygon", "coordinates": [ [ [ 73.0099179, 19.1113719 ], [ 73.0105626, 19.1091494 ], [ 73.0110872, 19.1073568 ], [ 73.0113155, 19.1067699 ], [ 73.0116448, 19.1059327 ], [ 73.0119088, 19.1051956 ], [ 73.0120678, 19.1046246 ], [ 73.0124359, 19.1036326 ], [ 73.0137475, 19.1041424 ], [ 73.0154461, 19.1048026 ], [ 73.0156216, 19.1049483 ], [ 73.015669, 19.1051533 ], [ 73.0142298, 19.108279 ], [ 73.0138902, 19.1092682 ], [ 73.0138219, 19.1095561 ], [ 73.0138103, 19.1098391 ], [ 73.0138932, 19.1100324 ], [ 73.0146169, 19.110961 ], [ 73.014655, 19.1110982 ], [ 73.0141193, 19.1120554 ], [ 73.0142628, 19.1121144 ], [ 73.014281, 19.1122579 ], [ 73.0138122, 19.1124331 ], [ 73.0127751, 19.1123334 ], [ 73.011754, 19.1117636 ], [ 73.0105415, 19.1115483 ], [ 73.0099179, 19.1113719 ] ] ] } },
{ "type": "Feature", "properties": { "element": "way", "id": 151768147, "name": "St. Lawrence High School", "category": "schools" }, "geometry": { "type": "Polygon", "coordinates": [ [ [ 73.0018787, 19.0760053 ], [ 73.0024932, 19.0759604 ], [ 73.0023643, 19.0743858 ], [ 73.0017497, 19.0744307 ], [ 73.0018787, 19.0760053 ] ] ] } },
{ "type": "Feature", "properties": { "element": "way", "id": 152181753, "name": "Akshara Vidyalaya", "category": "schools" }, "geometry": { "type": "Polygon", "coordinates": [ [ [ 72.8183768, 19.2177334 ], [ 72.8181567, 19.2182938 ], [ 72.8187336, 19.2184959 ], [ 72.8189537, 19.2179355 ], [ 72.8183768, 19.2177334 ] ] ] } },
{ "type": "Feature", "properties": { "element": "way", "id": 152194882, "name": null, "category": "schools" }, "geometry": { "type": "Polygon", "coordinates": [ [ [ 72.8653805, 19.188464 ], [ 72.8653531, 19.1880983 ], [ 72.8656066, 19.1880757 ], [ 72.8656272, 19.1884057 ], [ 72.8653805, 19.188464 ] ] ] } },
{ "type": "Feature", "properties": { "element": "way", "id": 152357351, "name": "St. Dominic Savio High School", "category": "schools" }, "geometry": { "type": "Polygon", "coordinates": [ [ [ 72.8648913, 19.1282761 ], [ 72.8639138, 19.1265624 ], [ 72.8652256, 19.1265311 ], [ 72.86558, 19.1265023 ], [ 72.8661176, 19.127677 ], [ 72.8648913, 19.1282761 ] ] ] } },
{ "type": "Feature", "properties": { "element": "way", "id": 152629597, "name": "Ali Yavar Jung National Institute for the Hearing Handicapped", "category": "schools" }, "geometry": { "type": "Polygon", "coordinates": [ [ [ 72.8343279, 19.0524338 ], [ 72.8343857, 19.0513482 ], [ 72.8345374, 19.0512594 ], [ 72.8351844, 19.0513279 ], [ 72.836258, 19.051392 ], [ 72.8363975, 19.0514028 ], [ 72.8359568, 19.0519627 ], [ 72.8356209, 19.0521983 ], [ 72.834978, 19.0524065 ], [ 72.8343279, 19.0524338 ] ] ] } },
{ "type": "Feature", "properties": { "element": "way", "id": 152632013, "name": "St. Stanislaus High School", "category": "schools" }, "geometry": { "type": "Polygon", "coordinates": [ [ [ 72.8294689, 19.0549173 ], [ 72.8284522, 19.054768 ], [ 72.828391, 19.054528 ], [ 72.8287429, 19.0544124 ], [ 72.8287528, 19.0540945 ], [ 72.8293529, 19.0538661 ], [ 72.8293724, 19.0539917 ], [ 72.8294603, 19.0541898 ], [ 72.8295315, 19.0541793 ], [ 72.8294357, 19.053948 ], [ 72.829427, 19.0538391 ], [ 72.8296216, 19.053801 ], [ 72.8296465, 19.0541383 ], [ 72.8299446, 19.0541171 ], [ 72.829921, 19.0537835 ], [ 72.8300266, 19.0537761 ], [ 72.8300366, 19.0538947 ], [ 72.8301863, 19.0538917 ], [ 72.830189, 19.0539258 ], [ 72.8302321, 19.0539313 ], [ 72.8302371, 19.0539758 ], [ 72.8303882, 19.0539844 ], [ 72.8303979, 19.0540995 ], [ 72.8306395, 19.0541223 ], [ 72.8306491, 19.0542011 ], [ 72.8307252, 19.0548905 ], [ 72.830198, 19.0549476 ], [ 72.8302137, 19.0550201 ], [ 72.8299222, 19.0549968 ], [ 72.8299002, 19.054995 ], [ 72.8297376, 19.054972 ], [ 72.8296628, 19.0549491 ], [ 72.8294689, 19.0549173 ] ] ] } },
{ "type": "Feature", "properties": { "element": "way", "id": 154837241, "name": "R D National College Of Arts & Commerce", "category": "schools" }, "geometry": { "type": "Polygon", "coordinates": [ [ [ 72.8352446, 19.0637516 ], [ 72.8349338, 19.0644443 ], [ 72.8356224, 19.064716 ], [ 72.8357238, 19.0644808 ], [ 72.8355092, 19.0643794 ], [ 72.8355789, 19.0641208 ], [ 72.8355464, 19.0637815 ], [ 72.8352446, 19.0637516 ] ] ] } },
{ "type": "Feature", "properties": { "element": "way", "id": 154837257, "name": "TSEC College", "category": "schools" }, "geometry": { "type": "Polygon", "coordinates": [ [ [ 72.8355771, 19.0640025 ], [ 72.8360067, 19.0640068 ], [ 72.8360087, 19.0638264 ], [ 72.8358606, 19.0638249 ], [ 72.8358598, 19.0638934 ], [ 72.8357495, 19.0638922 ], [ 72.8357504, 19.0638114 ], [ 72.8355793, 19.0638096 ], [ 72.8355771, 19.0640025 ] ] ] } },
{ "type": "Feature", "properties": { "element": "way", "id": 192598440, "name": "Mumbai Educational Trust", "category": "schools" }, "geometry": { "type": "Polygon", "coordinates": [ [ [ 72.8287715, 19.0515204 ], [ 72.8292618, 19.0516964 ], [ 72.8296852, 19.0519153 ], [ 72.8297487, 19.0519431 ], [ 72.8295402, 19.0522979 ], [ 72.829459, 19.0524769 ], [ 72.8286077, 19.0519912 ], [ 72.828709, 19.0517194 ], [ 72.8287715, 19.0515204 ] ] ] } },
{ "type": "Feature", "properties": { "element": "way", "id": 196510709, "name": "Central Institute of Fisheries Education", "category": "schools" }, "geometry": { "type": "Polygon", "coordinates": [ [ [ 72.8147073, 19.1409383 ], [ 72.8157321, 19.1414688 ], [ 72.8166586, 19.1402885 ], [ 72.8178799, 19.1383522 ], [ 72.8178939, 19.1379013 ], [ 72.8177591, 19.1377033 ], [ 72.8175344, 19.1374119 ], [ 72.8172303, 19.1372267 ], [ 72.8171605, 19.1372286 ], [ 72.8167348, 19.1374587 ], [ 72.8161022, 19.1385443 ], [ 72.8158227, 19.1390239 ], [ 72.8150609, 19.1403314 ], [ 72.8147073, 19.1409383 ] ] ] } },
{ "type": "Feature", "properties": { "element": "way", "id": 202295219, "name": "ATI Primary School", "category": "schools" }, "geometry": { "type": "Polygon", "coordinates": [ [ [ 72.8796974, 19.0561668 ], [ 72.8796893, 19.056002 ], [ 72.8800005, 19.0559868 ], [ 72.8800032, 19.056182 ], [ 72.8796974, 19.0562048 ], [ 72.8796974, 19.0561668 ] ] ] } },
{ "type": "Feature", "properties": { "element": "way", "id": 202550320, "name": "Hussain Allana English School", "category": "schools" }, "geometry": { "type": "Polygon", "coordinates": [ [ [ 72.829332, 19.143762 ], [ 72.829957, 19.1437215 ], [ 72.8300079, 19.1442257 ], [ 72.8293776, 19.1442612 ], [ 72.829332, 19.143762 ] ] ] } },
{ "type": "Feature", "properties": { "element": "way", "id": 202554195, "name": "Ryan International School", "category": "schools" }, "geometry": { "type": "Polygon", "coordinates": [ [ [ 72.8268805, 19.1482444 ], [ 72.8272506, 19.1476718 ], [ 72.8275296, 19.1479471 ], [ 72.8273272, 19.1481141 ], [ 72.8272614, 19.1481684 ], [ 72.8272345, 19.1481456 ], [ 72.8271592, 19.1482025 ], [ 72.8271221, 19.1482305 ], [ 72.8270757, 19.1482656 ], [ 72.8269663, 19.1483483 ], [ 72.8268805, 19.1482444 ] ] ] } },
{ "type": "Feature", "properties": { "element": "way", "id": 202555835, "name": "Fairie Land School", "category": "schools" }, "geometry": { "type": "Polygon", "coordinates": [ [ [ 72.8270012, 19.1500914 ], [ 72.8273928, 19.1499234 ], [ 72.82772, 19.1498304 ], [ 72.8277549, 19.149931 ], [ 72.8271916, 19.1502908 ], [ 72.8270012, 19.1500914 ] ] ] } },
{ "type": "Feature", "properties": { "element": "way", "id": 202555853, "name": "Euro Kids", "category": "schools" }, "geometry": { "type": "Polygon", "coordinates": [ [ [ 72.8285944, 19.1497063 ], [ 72.8286105, 19.149463 ], [ 72.8287983, 19.1494597 ], [ 72.8287839, 19.1497208 ], [ 72.8285944, 19.1497063 ] ] ] } },
{ "type": "Feature", "properties": { "element": "way", "id": 202917456, "name": "Maneckji Cooper Educational trust School", "category": "schools" }, "geometry": { "type": "Polygon", "coordinates": [ [ [ 72.8275349, 19.0890972 ], [ 72.8273257, 19.0881669 ], [ 72.8274303, 19.0881619 ], [ 72.8278738, 19.0888609 ], [ 72.8277745, 19.0888635 ], [ 72.8276717, 19.0889527 ], [ 72.8275841, 19.0891169 ], [ 72.8275349, 19.0890972 ] ] ] } },
{ "type": "Feature", "properties": { "element": "way", "id": 202917551, "name": "SNDT Women's University,Juhu", "category": "schools" }, "geometry": { "type": "Polygon", "coordinates": [ [ [ 72.8322663, 19.0874672 ], [ 72.8322636, 19.0875077 ], [ 72.8322636, 19.087599 ], [ 72.8322556, 19.0876471 ], [ 72.8322609, 19.087893 ], [ 72.8321864, 19.0880827 ], [ 72.8319687, 19.0885166 ], [ 72.8319606, 19.0886028 ], [ 72.8321859, 19.0892541 ], [ 72.832218, 19.0894316 ], [ 72.8321891, 19.0896695 ], [ 72.8306007, 19.0899614 ], [ 72.8299999, 19.0887422 ], [ 72.8297785, 19.087631 ], [ 72.8301475, 19.0875853 ], [ 72.8298685, 19.0856676 ], [ 72.8304665, 19.0854755 ], [ 72.8309097, 19.0865517 ], [ 72.8309842, 19.0866687 ], [ 72.8310572, 19.0866861 ], [ 72.8310915, 19.0866865 ], [ 72.8311666, 19.086651 ], [ 72.8320839, 19.0863113 ], [ 72.8322234, 19.0862429 ], [ 72.8322851, 19.0863898 ], [ 72.8324488, 19.0870261 ], [ 72.8324648, 19.0872061 ], [ 72.8323817, 19.0872948 ], [ 72.8322663, 19.0874672 ] ] ] } },
{ "type": "Feature", "properties": { "element": "way", "id": 202918263, "name": "Madrasa", "category": "schools" }, "geometry": { "type": "Polygon", "coordinates": [ [ [ 72.8383837, 19.0514371 ], [ 72.8383871, 19.0515436 ], [ 72.8387837, 19.0515891 ], [ 72.8387716, 19.0518423 ], [ 72.8388967, 19.0517692 ], [ 72.8389182, 19.0514828 ], [ 72.8383837, 19.0514371 ] ] ] } },
{ "type": "Feature", "properties": { "element": "way", "id": 203145786, "name": "Utpal Sanghvi School", "category": "schools" }, "geometry": { "type": "Polygon", "coordinates": [ [ [ 72.8279963, 19.1126455 ], [ 72.8280151, 19.1122933 ], [ 72.8281627, 19.1121749 ], [ 72.8286668, 19.1117705 ], [ 72.8288079, 19.1119041 ], [ 72.8288708, 19.1120709 ], [ 72.8280239, 19.1127198 ], [ 72.8279963, 19.1126455 ] ] ] } },
{ "type": "Feature", "properties": { "element": "way", "id": 204635784, "name": "Holy Family High School", "category": "schools" }, "geometry": { "type": "Polygon", "coordinates": [ [ [ 72.9057486, 19.0713314 ], [ 72.9060109, 19.0709425 ], [ 72.9063705, 19.0711476 ], [ 72.9065797, 19.0712795 ], [ 72.9067646, 19.0713912 ], [ 72.9071009, 19.0715757 ], [ 72.9070793, 19.0716039 ], [ 72.9067433, 19.0715127 ], [ 72.9065073, 19.0714493 ], [ 72.9062418, 19.0713935 ], [ 72.9057486, 19.0713314 ] ] ] } },
{ "type": "Feature", "properties": { "element": "way", "id": 204884862, "name": "Gyan Kendra Higher Secondary School", "category": "schools" }, "geometry": { "type": "Polygon", "coordinates": [ [ [ 72.8247615, 19.1328254 ], [ 72.824164, 19.1329731 ], [ 72.8241428, 19.1320832 ], [ 72.8243518, 19.1320302 ], [ 72.8248022, 19.1319159 ], [ 72.8255468, 19.1317287 ], [ 72.8255742, 19.1326125 ], [ 72.8247615, 19.1328254 ] ] ] } },
{ "type": "Feature", "properties": { "element": "way", "id": 204885504, "name": "National Institute of Oceanography", "category": "schools" }, "geometry": { "type": "Polygon", "coordinates": [ [ [ 72.8255393, 19.1370824 ], [ 72.8255307, 19.1362936 ], [ 72.8255313, 19.1362234 ], [ 72.824791, 19.136231 ], [ 72.8247508, 19.1377058 ], [ 72.8248932, 19.1378531 ], [ 72.825196, 19.1375385 ], [ 72.8250512, 19.1375208 ], [ 72.8255393, 19.1370824 ] ] ] } },
{ "type": "Feature", "properties": { "element": "way", "id": 204887184, "name": "Oberoi International School - OGC Campus", "category": "schools" }, "geometry": { "type": "Polygon", "coordinates": [ [ [ 72.8669713, 19.1688024 ], [ 72.8658573, 19.1689942 ], [ 72.8660719, 19.1705878 ], [ 72.8660871, 19.1708933 ], [ 72.8672622, 19.1707538 ], [ 72.8669713, 19.1688024 ] ] ] } },
{ "type": "Feature", "properties": { "element": "way", "id": 206642300, "name": "Siddharth College", "category": "schools" }, "geometry": { "type": "Polygon", "coordinates": [ [ [ 72.8320593, 18.9364281 ], [ 72.8319627, 18.9362041 ], [ 72.8323347, 18.9360606 ], [ 72.8324313, 18.9362846 ], [ 72.8320593, 18.9364281 ] ] ] } },
{ "type": "Feature", "properties": { "element": "way", "id": 206806601, "name": "J. B. Petit High School for Girls", "category": "schools" }, "geometry": { "type": "Polygon", "coordinates": [ [ [ 72.8317665, 18.9348001 ], [ 72.832074, 18.9346976 ], [ 72.8319407, 18.9345244 ], [ 72.8318998, 18.9345564 ], [ 72.8319353, 18.9346522 ], [ 72.8318785, 18.9346723 ], [ 72.8318388, 18.9345561 ], [ 72.8318132, 18.9344898 ], [ 72.8317669, 18.9345019 ], [ 72.8317061, 18.9345494 ], [ 72.8317665, 18.9348001 ] ] ] } },
{ "type": "Feature", "properties": { "element": "way", "id": 206806617, "name": "The Alexandra Girls English Institution", "category": "schools" }, "geometry": { "type": "Polygon", "coordinates": [ [ [ 72.8311567, 18.935647 ], [ 72.8315032, 18.9355142 ], [ 72.8313415, 18.9351629 ], [ 72.8310963, 18.9352688 ], [ 72.8310732, 18.9353898 ], [ 72.8313042, 18.9352957 ], [ 72.8313629, 18.9354419 ], [ 72.8311212, 18.9355394 ], [ 72.8311567, 18.935647 ] ] ] } },
{ "type": "Feature", "properties": { "element": "way", "id": 206806618, "name": "Cathedral & John Connon Junior School", "category": "schools" }, "geometry": { "type": "Polygon", "coordinates": [ [ [ 72.8312346, 18.9345968 ], [ 72.8312796, 18.9343581 ], [ 72.8314616, 18.9343888 ], [ 72.8314408, 18.9344989 ], [ 72.8314851, 18.9345063 ], [ 72.8315082, 18.9343837 ], [ 72.8316108, 18.934401 ], [ 72.8315634, 18.9346522 ], [ 72.8312346, 18.9345968 ] ] ] } },
{ "type": "Feature", "properties": { "element": "way", "id": 206808210, "name": "एल्फिन्स्टन कॉलेज", "category": "schools" }, "geometry": { "type": "Polygon", "coordinates": [ [ [ 72.8306658, 18.9274576 ], [ 72.8308698, 18.9274561 ], [ 72.8308649, 18.9268832 ], [ 72.8309833, 18.9268823 ], [ 72.8309882, 18.9274552 ], [ 72.8312091, 18.9274535 ], [ 72.8312033, 18.9267721 ], [ 72.83066, 18.9267762 ], [ 72.8306658, 18.9274576 ] ] ] } },
{ "type": "Feature", "properties": { "element": "way", "id": 207353028, "name": "SNDT Women's University", "category": "schools" }, "geometry": { "type": "Polygon", "coordinates": [ [ [ 72.8277503, 18.9379617 ], [ 72.8278166, 18.9373046 ], [ 72.8284954, 18.9373723 ], [ 72.8285431, 18.9374325 ], [ 72.8285007, 18.9380093 ], [ 72.8284424, 18.9380494 ], [ 72.8277503, 18.9379617 ] ] ] } },
{ "type": "Feature", "properties": { "element": "way", "id": 207376653, "name": "St. Xavier's High School", "category": "schools" }, "geometry": { "type": "Polygon", "coordinates": [ [ [ 72.829785, 18.9441358 ], [ 72.8302022, 18.9437756 ], [ 72.8307044, 18.9442276 ], [ 72.8309033, 18.9440142 ], [ 72.8312302, 18.9443333 ], [ 72.8309156, 18.9447231 ], [ 72.8306845, 18.9450094 ], [ 72.829785, 18.9441358 ] ] ] } },
{ "type": "Feature", "properties": { "element": "way", "id": 207376655, "name": "St.Xavier's College", "category": "schools" }, "geometry": { "type": "Polygon", "coordinates": [ [ [ 72.8314214, 18.9422969 ], [ 72.8309156, 18.9426698 ], [ 72.8308648, 18.9427666 ], [ 72.8315266, 18.9436547 ], [ 72.8318886, 18.9438906 ], [ 72.8324301, 18.9435293 ], [ 72.8321128, 18.9431631 ], [ 72.8317038, 18.9426487 ], [ 72.8314214, 18.9422969 ] ] ] } },
{ "type": "Feature", "properties": { "element": "way", "id": 207380909, "name": "Anjuman-I-Islam's Allana English High School", "category": "schools" }, "geometry": { "type": "Polygon", "coordinates": [ [ [ 72.834374, 18.9429791 ], [ 72.8338398, 18.942888 ], [ 72.8338981, 18.9425564 ], [ 72.8339781, 18.9425725 ], [ 72.8340776, 18.9421017 ], [ 72.8344964, 18.9421664 ], [ 72.834374, 18.9429791 ] ] ] } },
{ "type": "Feature", "properties": { "element": "way", "id": 207772590, "name": "Patel High School", "category": "schools" }, "geometry": { "type": "Polygon", "coordinates": [ [ [ 73.0211715, 19.1917794 ], [ 73.0216007, 19.1917287 ], [ 73.0215685, 19.1916274 ], [ 73.0211501, 19.1916882 ], [ 73.0211715, 19.1917794 ] ] ] } },
{ "type": "Feature", "properties": { "element": "way", "id": 207772654, "name": "Municipal Primary School", "category": "schools" }, "geometry": { "type": "Polygon", "coordinates": [ [ [ 73.0216229, 19.1917062 ], [ 73.0218957, 19.1916831 ], [ 73.0218957, 19.1916072 ], [ 73.021606, 19.1916274 ], [ 73.0216229, 19.1917062 ] ] ] } },
{ "type": "Feature", "properties": { "element": "way", "id": 207901853, "name": "Jankidevi Public School", "category": "schools" }, "geometry": { "type": "Polygon", "coordinates": [ [ [ 72.8191102, 19.1395987 ], [ 72.8194293, 19.1398622 ], [ 72.8200033, 19.1391806 ], [ 72.819939, 19.139097 ], [ 72.8200294, 19.138966 ], [ 72.819593, 19.1387498 ], [ 72.8191102, 19.1395987 ] ] ] } },
{ "type": "Feature", "properties": { "element": "way", "id": 207905223, "name": "Roshan Taneja School of Acting", "category": "schools" }, "geometry": { "type": "Polygon", "coordinates": [ [ [ 72.8231817, 19.1372197 ], [ 72.8232487, 19.137265 ], [ 72.823289, 19.1372147 ], [ 72.8232192, 19.137169 ], [ 72.8231817, 19.1372197 ] ] ] } },
{ "type": "Feature", "properties": { "element": "way", "id": 219426802, "name": "Happy Home and School for the Blind", "category": "schools" }, "geometry": { "type": "Polygon", "coordinates": [ [ [ 72.8141433, 18.9906266 ], [ 72.8140772, 18.9897491 ], [ 72.8144302, 18.989731 ], [ 72.8144894, 18.9906005 ], [ 72.8141433, 18.9906266 ] ] ] } },
{ "type": "Feature", "properties": { "element": "way", "id": 220302518, "name": "Xavier Institute of Engineering", "category": "schools" }, "geometry": { "type": "Polygon", "coordinates": [ [ [ 72.8426578, 19.0449441 ], [ 72.8422572, 19.0455568 ], [ 72.8421276, 19.0455784 ], [ 72.8409916, 19.0452838 ], [ 72.8409148, 19.045218 ], [ 72.8408004, 19.0450305 ], [ 72.8407944, 19.0448055 ], [ 72.840994, 19.0443977 ], [ 72.8412771, 19.0442983 ], [ 72.8422775, 19.0447496 ], [ 72.8426578, 19.0449441 ] ] ] } },
{ "type": "Feature", "properties": { "element": "way", "id": 221348030, "name": "Tilak Public School & College", "category": "schools" }, "geometry": { "type": "Polygon", "coordinates": [ [ [ 73.0221374, 19.0214065 ], [ 73.0224793, 19.0217599 ], [ 73.0226584, 19.0216197 ], [ 73.0230139, 19.0220204 ], [ 73.0233113, 19.0217797 ], [ 73.0229867, 19.0206563 ], [ 73.0222919, 19.02127 ], [ 73.0221374, 19.0214065 ] ] ] } },
{ "type": "Feature", "properties": { "element": "way", "id": 222338978, "name": "National Institute of Industrial Engineering", "category": "schools" }, "geometry": { "type": "Polygon", "coordinates": [ [ [ 72.9012099, 19.1363983 ], [ 72.9012528, 19.1363704 ], [ 72.9013118, 19.136359 ], [ 72.9018161, 19.1366745 ], [ 72.9014647, 19.1370951 ], [ 72.901572, 19.1371965 ], [ 72.9021674, 19.1369938 ], [ 72.9025215, 19.1373485 ], [ 72.9027173, 19.1372471 ], [ 72.9027951, 19.1373485 ], [ 72.9030338, 19.1379085 ], [ 72.9037151, 19.138499 ], [ 72.9043636, 19.1391274 ], [ 72.903986, 19.1393858 ], [ 72.9042837, 19.1398242 ], [ 72.9044366, 19.1397051 ], [ 72.9047466, 19.1401781 ], [ 72.9048309, 19.1403234 ], [ 72.9047853, 19.1417323 ], [ 72.9041845, 19.1418944 ], [ 72.9038787, 19.141864 ], [ 72.9030526, 19.1411038 ], [ 72.9025008, 19.140842 ], [ 72.9021884, 19.1405033 ], [ 72.9019067, 19.1403056 ], [ 72.9017458, 19.1403057 ], [ 72.9013866, 19.1406628 ], [ 72.9010834, 19.1404014 ], [ 72.9007802, 19.1397659 ], [ 72.9006113, 19.1396316 ], [ 72.9002362, 19.1397634 ], [ 72.8997422, 19.1393022 ], [ 72.8991226, 19.1398369 ], [ 72.8985084, 19.139923 ], [ 72.898208, 19.1394846 ], [ 72.8982241, 19.1392135 ], [ 72.8984708, 19.1389322 ], [ 72.8985593, 19.138651 ], [ 72.8987444, 19.1381239 ], [ 72.898959, 19.1378021 ], [ 72.8989697, 19.1371002 ], [ 72.8996134, 19.1362412 ], [ 72.9000308, 19.1365328 ], [ 72.9003918, 19.1368671 ], [ 72.9006976, 19.1366846 ], [ 72.9012099, 19.1363983 ] ] ] } },
{ "type": "Feature", "properties": { "element": "way", "id": 222784833, "name": "Dr. Babasaheb Ambedkar High School AND GRAND NALANDA HALL", "category": "schools" }, "geometry": { "type": "Polygon", "coordinates": [ [ [ 72.8998434, 19.063539 ], [ 72.9000861, 19.0640105 ], [ 72.9005407, 19.063828 ], [ 72.9002894, 19.063273 ], [ 72.8998151, 19.0634854 ], [ 72.8998434, 19.063539 ] ] ] } },
{ "type": "Feature", "properties": { "element": "way", "id": 222972580, "name": "St. Gregorios High School", "category": "schools" }, "geometry": { "type": "Polygon", "coordinates": [ [ [ 72.9023893, 19.0507746 ], [ 72.9026521, 19.0507239 ], [ 72.902636, 19.0502168 ], [ 72.9027219, 19.0498314 ], [ 72.9024536, 19.0497807 ], [ 72.9023839, 19.0501864 ], [ 72.9023893, 19.0507746 ] ] ] } },
{ "type": "Feature", "properties": { "element": "way", "id": 222973447, "name": "St. Anthony's Girls High School", "category": "schools" }, "geometry": { "type": "Polygon", "coordinates": [ [ [ 72.9040092, 19.0551194 ], [ 72.9040107, 19.0552831 ], [ 72.9037146, 19.0552856 ], [ 72.9037181, 19.0556646 ], [ 72.9035392, 19.0556661 ], [ 72.9035384, 19.055583 ], [ 72.9032546, 19.0555853 ], [ 72.9032568, 19.0558188 ], [ 72.9027821, 19.0558228 ], [ 72.9027756, 19.0551297 ], [ 72.9040092, 19.0551194 ] ] ] } },
{ "type": "Feature", "properties": { "element": "way", "id": 222978456, "name": "General Education Academy", "category": "schools" }, "geometry": { "type": "Polygon", "coordinates": [ [ [ 72.8995174, 19.0596381 ], [ 72.8995871, 19.0598358 ], [ 72.8992223, 19.0599981 ], [ 72.899292, 19.0602212 ], [ 72.8992277, 19.0602465 ], [ 72.8990828, 19.0598003 ], [ 72.8995174, 19.0596381 ] ] ] } },
{ "type": "Feature", "properties": { "element": "way", "id": 229637665, "name": "Kamaraj School", "category": "schools" }, "geometry": { "type": "Polygon", "coordinates": [ [ [ 72.855438, 19.0416023 ], [ 72.8556687, 19.0413894 ], [ 72.8555619, 19.0411776 ], [ 72.8552449, 19.0412474 ], [ 72.855438, 19.0416023 ] ] ] } },
{ "type": "Feature", "properties": { "element": "way", "id": 230784609, "name": "Saint Joseph's High School", "category": "schools" }, "geometry": { "type": "Polygon", "coordinates": [ [ [ 72.8264768, 19.1077415 ], [ 72.8267008, 19.1077319 ], [ 72.8269942, 19.1053992 ], [ 72.8270524, 19.1050282 ], [ 72.8270483, 19.1049887 ], [ 72.8270134, 19.1049668 ], [ 72.8269649, 19.104959 ], [ 72.8267343, 19.1050194 ], [ 72.8266683, 19.1050824 ], [ 72.8265664, 19.1056287 ], [ 72.8265264, 19.1058558 ], [ 72.8264352, 19.1075209 ], [ 72.8264377, 19.1076093 ], [ 72.8264768, 19.1077415 ] ] ] } },
{ "type": "Feature", "properties": { "element": "way", "id": 231542204, "name": "Mary Immaculate Girls Primary School", "category": "schools" }, "geometry": { "type": "Polygon", "coordinates": [ [ [ 72.8525265, 19.2396044 ], [ 72.8528906, 19.2395636 ], [ 72.8530556, 19.2396226 ], [ 72.8531404, 19.2394892 ], [ 72.853171, 19.2393572 ], [ 72.8530881, 19.2392633 ], [ 72.8529774, 19.2392387 ], [ 72.8524925, 19.2392805 ], [ 72.8525265, 19.2396044 ] ] ] } },
{ "type": "Feature", "properties": { "element": "way", "id": 231592040, "name": "St Francis D'Assissi High School", "category": "schools" }, "geometry": { "type": "Polygon", "coordinates": [ [ [ 72.8522694, 19.2445938 ], [ 72.8534329, 19.2443366 ], [ 72.8535098, 19.244233 ], [ 72.8537475, 19.2434699 ], [ 72.8536807, 19.2434155 ], [ 72.8533374, 19.2434279 ], [ 72.85325, 19.2434026 ], [ 72.8530921, 19.243701 ], [ 72.8528739, 19.2437438 ], [ 72.8523023, 19.2438175 ], [ 72.8522694, 19.2445938 ] ] ] } },
{ "type": "Feature", "properties": { "element": "way", "id": 234978129, "name": "Vidya Prasarak Mandal Polytechnic", "category": "schools" }, "geometry": { "type": "Polygon", "coordinates": [ [ [ 72.9810658, 19.1913235 ], [ 72.98085, 19.1911184 ], [ 72.9808474, 19.1909183 ], [ 72.9806623, 19.1905712 ], [ 72.9803002, 19.1898949 ], [ 72.9798683, 19.1890462 ], [ 72.9797758, 19.1887465 ], [ 72.9797316, 19.1886283 ], [ 72.9797409, 19.1884902 ], [ 72.9798174, 19.1883496 ], [ 72.9806744, 19.1880874 ], [ 72.9807213, 19.1880165 ], [ 72.9807575, 19.1880114 ], [ 72.9808366, 19.188014 ], [ 72.9810043, 19.18819 ], [ 72.9811325, 19.1883403 ], [ 72.9815085, 19.1887435 ], [ 72.9816654, 19.1890057 ], [ 72.9817499, 19.1892996 ], [ 72.9818318, 19.1898809 ], [ 72.9818342, 19.1904351 ], [ 72.9818646, 19.1910617 ], [ 72.9810658, 19.1913235 ] ] ] } },
{ "type": "Feature", "properties": { "element": "way", "id": 235772566, "name": "Vidyanidhi School", "category": "schools" }, "geometry": { "type": "Polygon", "coordinates": [ [ [ 72.8327397, 19.1122581 ], [ 72.8329698, 19.1120776 ], [ 72.8331043, 19.1118147 ], [ 72.8331132, 19.1115312 ], [ 72.8330147, 19.1112773 ], [ 72.8325939, 19.1114561 ], [ 72.8326299, 19.1115445 ], [ 72.8326461, 19.1116401 ], [ 72.8326235, 19.1117538 ], [ 72.8325711, 19.1118045 ], [ 72.8325191, 19.1118471 ], [ 72.8327397, 19.1122581 ] ] ] } },
{ "type": "Feature", "properties": { "element": "way", "id": 235868448, "name": "K. J. Somaiya Institute of Technology", "category": "schools" }, "geometry": { "type": "Polygon", "coordinates": [ [ [ 72.870107, 19.0465591 ], [ 72.8706273, 19.0466909 ], [ 72.8714106, 19.0469014 ], [ 72.8714105, 19.0466605 ], [ 72.8714535, 19.0466199 ], [ 72.8721106, 19.046483 ], [ 72.8720136, 19.0456898 ], [ 72.8710914, 19.0453649 ], [ 72.8707641, 19.0451849 ], [ 72.8705844, 19.0450505 ], [ 72.8702465, 19.044726 ], [ 72.8702116, 19.0447285 ], [ 72.8700647, 19.0446223 ], [ 72.8696269, 19.0448806 ], [ 72.8697395, 19.0450226 ], [ 72.8697047, 19.0450683 ], [ 72.8700614, 19.0457528 ], [ 72.8700426, 19.0463359 ], [ 72.870107, 19.0465591 ] ] ] } },
{ "type": "Feature", "properties": { "element": "way", "id": 236185640, "name": "Wilson College", "category": "schools" }, "geometry": { "type": "Polygon", "coordinates": [ [ [ 72.810253, 18.9562697 ], [ 72.8103299, 18.9562281 ], [ 72.8111912, 18.9561842 ], [ 72.811754, 18.9560967 ], [ 72.8118891, 18.9563399 ], [ 72.810377, 18.9569931 ], [ 72.8102509, 18.9564811 ], [ 72.8102324, 18.9563526 ], [ 72.810253, 18.9562697 ] ] ] } },
{ "type": "Feature", "properties": { "element": "way", "id": 236596238, "name": "Lion's Pioneer High School", "category": "schools" }, "geometry": { "type": "Polygon", "coordinates": [ [ [ 72.8545632, 19.0302822 ], [ 72.8544427, 19.0302656 ], [ 72.8542155, 19.0303409 ], [ 72.8543884, 19.0307246 ], [ 72.8544408, 19.0307467 ], [ 72.8544913, 19.0307338 ], [ 72.8545632, 19.0302822 ] ] ] } },
{ "type": "Feature", "properties": { "element": "way", "id": 236596241, "name": null, "category": "schools" }, "geometry": { "type": "Polygon", "coordinates": [ [ [ 72.8547069, 19.0296689 ], [ 72.854769, 19.0293256 ], [ 72.8547438, 19.0292889 ], [ 72.8536523, 19.0291328 ], [ 72.8536193, 19.0291603 ], [ 72.853829, 19.0295698 ], [ 72.8547069, 19.0296689 ] ] ] } },
{ "type": "Feature", "properties": { "element": "way", "id": 236607905, "name": "Siddarth College of Law", "category": "schools" }, "geometry": { "type": "Polygon", "coordinates": [ [ [ 72.8317545, 18.9341206 ], [ 72.8321327, 18.9338555 ], [ 72.8319683, 18.9336277 ], [ 72.8319355, 18.9336174 ], [ 72.8318684, 18.9336661 ], [ 72.831831, 18.9337192 ], [ 72.8317545, 18.9341206 ] ] ] } },
{ "type": "Feature", "properties": { "element": "way", "id": 236631072, "name": "Our Lady Of Salvation School", "category": "schools" }, "geometry": { "type": "Polygon", "coordinates": [ [ [ 72.8353954, 19.0178753 ], [ 72.8352369, 19.0179297 ], [ 72.8352757, 19.0180612 ], [ 72.8351927, 19.0180858 ], [ 72.8352864, 19.0184923 ], [ 72.8351427, 19.0185135 ], [ 72.835044, 19.0181596 ], [ 72.8346053, 19.0182392 ], [ 72.8343923, 19.0174739 ], [ 72.8351233, 19.0171948 ], [ 72.8353954, 19.0178753 ] ] ] } },
{ "type": "Feature", "properties": { "element": "way", "id": 236631074, "name": "Maharashtra High School Number 2", "category": "schools" }, "geometry": { "type": "Polygon", "coordinates": [ [ [ 72.8347758, 19.0172602 ], [ 72.8342406, 19.0175165 ], [ 72.8340946, 19.017408 ], [ 72.8341552, 19.0172962 ], [ 72.8342662, 19.0171841 ], [ 72.8346545, 19.0170319 ], [ 72.8347758, 19.0172602 ] ] ] } },
{ "type": "Feature", "properties": { "element": "way", "id": 237025763, "name": "St Joseph's Convent (Girls School)", "category": "schools" }, "geometry": { "type": "Polygon", "coordinates": [ [ [ 72.8301867, 19.0552555 ], [ 72.8300683, 19.0553626 ], [ 72.8299043, 19.0565889 ], [ 72.8298217, 19.057207 ], [ 72.8300201, 19.0572305 ], [ 72.8300153, 19.0573401 ], [ 72.8307376, 19.0574063 ], [ 72.8308045, 19.0560633 ], [ 72.8306192, 19.0560195 ], [ 72.8307582, 19.0554015 ], [ 72.8301867, 19.0552555 ] ] ] } },
{ "type": "Feature", "properties": { "element": "way", "id": 237027561, "name": "IES College Of Architecture", "category": "schools" }, "geometry": { "type": "Polygon", "coordinates": [ [ [ 72.8302755, 19.050013 ], [ 72.8297382, 19.0497237 ], [ 72.8293311, 19.0504083 ], [ 72.8298651, 19.0507131 ], [ 72.8302755, 19.050013 ] ] ] } },
{ "type": "Feature", "properties": { "element": "way", "id": 246288037, "name": "Rajiv Gandhi Institute Of Technology", "category": "schools" }, "geometry": { "type": "Polygon", "coordinates": [ [ [ 72.8235168, 19.1212414 ], [ 72.8236654, 19.1211045 ], [ 72.8237355, 19.1211558 ], [ 72.8237578, 19.1211245 ], [ 72.8240972, 19.1213727 ], [ 72.8239493, 19.1215799 ], [ 72.8239056, 19.1215448 ], [ 72.8237364, 19.1216905 ], [ 72.8236043, 19.1215913 ], [ 72.8238262, 19.1214433 ], [ 72.823771, 19.1214551 ], [ 72.8237334, 19.1214376 ], [ 72.8237152, 19.1214073 ], [ 72.8237266, 19.1213738 ], [ 72.8237026, 19.1213511 ], [ 72.8236775, 19.1213618 ], [ 72.8236506, 19.1213641 ], [ 72.82362, 19.1213333 ], [ 72.8234445, 19.1214771 ], [ 72.8233208, 19.12138 ], [ 72.8235168, 19.1212414 ] ] ] } },
{ "type": "Feature", "properties": { "element": "way", "id": 250329736, "name": "Homi Bhabha Centre for Science Education", "category": "schools" }, "geometry": { "type": "Polygon", "coordinates": [ [ [ 72.9286283, 19.0418886 ], [ 72.9286735, 19.0423659 ], [ 72.9287012, 19.0426588 ], [ 72.9282461, 19.0426761 ], [ 72.9282115, 19.0426775 ], [ 72.9281585, 19.04268 ], [ 72.9281339, 19.0426814 ], [ 72.9275842, 19.0427214 ], [ 72.9275666, 19.0427227 ], [ 72.927547, 19.0427241 ], [ 72.9269504, 19.0427772 ], [ 72.9269218, 19.0423826 ], [ 72.9263782, 19.0424179 ], [ 72.9263685, 19.0422996 ], [ 72.9263513, 19.0420278 ], [ 72.9275519, 19.041948 ], [ 72.9275803, 19.0423392 ], [ 72.9276781, 19.042538 ], [ 72.9278125, 19.0425305 ], [ 72.927787, 19.0421674 ], [ 72.9277357, 19.042168 ], [ 72.9277242, 19.0419512 ], [ 72.9286283, 19.0418886 ] ] ] } },
{ "type": "Feature", "properties": { "element": "way", "id": 250492234, "name": "Oriental College", "category": "schools" }, "geometry": { "type": "Polygon", "coordinates": [ [ [ 72.8322182, 19.1429406 ], [ 72.8327458, 19.1429765 ], [ 72.8324993, 19.1434279 ], [ 72.8324006, 19.1437972 ], [ 72.8321432, 19.1437504 ], [ 72.8321615, 19.1436202 ], [ 72.8322182, 19.1429406 ] ] ] } },
{ "type": "Feature", "properties": { "element": "way", "id": 254297002, "name": "Rushikul Vidyalaya", "category": "schools" }, "geometry": { "type": "Polygon", "coordinates": [ [ [ 72.9163623, 19.0888208 ], [ 72.9166513, 19.0892005 ], [ 72.9168193, 19.0890863 ], [ 72.9165303, 19.0887066 ], [ 72.9163623, 19.0888208 ] ] ] } },
{ "type": "Feature", "properties": { "element": "way", "id": 255363714, "name": "St. Aloysius High School", "category": "schools" }, "geometry": { "type": "Polygon", "coordinates": [ [ [ 72.8278779, 19.0509986 ], [ 72.8278508, 19.0508541 ], [ 72.8279493, 19.0507737 ], [ 72.8281299, 19.0507933 ], [ 72.8281353, 19.050749 ], [ 72.8283338, 19.0507705 ], [ 72.8283426, 19.050698 ], [ 72.8279556, 19.050656 ], [ 72.8278801, 19.0505977 ], [ 72.8277654, 19.0506814 ], [ 72.8277413, 19.0507394 ], [ 72.8277614, 19.0507661 ], [ 72.827733, 19.0509399 ], [ 72.8277893, 19.0509881 ], [ 72.8278779, 19.0509986 ] ] ] } },
{ "type": "Feature", "properties": { "element": "way", "id": 255369903, "name": "St. Anne's High School", "category": "schools" }, "geometry": { "type": "Polygon", "coordinates": [ [ [ 72.8260814, 19.0643161 ], [ 72.8259604, 19.0640618 ], [ 72.8259952, 19.0640475 ], [ 72.8259559, 19.0639678 ], [ 72.8260734, 19.0639161 ], [ 72.8261094, 19.0639893 ], [ 72.8262233, 19.0639392 ], [ 72.8263319, 19.0641596 ], [ 72.8262539, 19.0641939 ], [ 72.8262759, 19.0642385 ], [ 72.8260814, 19.0643161 ] ] ] } },
{ "type": "Feature", "properties": { "element": "way", "id": 257073104, "name": "Mahim Police Colony Municipal School", "category": "schools" }, "geometry": { "type": "Polygon", "coordinates": [ [ [ 72.8415265, 19.0478691 ], [ 72.841607, 19.0475891 ], [ 72.8414314, 19.047544 ], [ 72.8413509, 19.047824 ], [ 72.8415265, 19.0478691 ] ] ] } },
{ "type": "Feature", "properties": { "element": "way", "id": 257073184, "name": "Podar World College", "category": "schools" }, "geometry": { "type": "Polygon", "coordinates": [ [ [ 72.8276027, 19.1001332 ], [ 72.8277583, 19.1001559 ], [ 72.8277649, 19.1001154 ], [ 72.8277946, 19.1001197 ], [ 72.8278029, 19.1000691 ], [ 72.8277779, 19.1000655 ], [ 72.8277856, 19.1000186 ], [ 72.8276252, 19.0999952 ], [ 72.8276027, 19.1001332 ] ] ] } },
{ "type": "Feature", "properties": { "element": "way", "id": 257439668, "name": "Don Bosco School", "category": "schools" }, "geometry": { "type": "Polygon", "coordinates": [ [ [ 72.8411813, 19.2302042 ], [ 72.8433833, 19.230376 ], [ 72.84313, 19.2311873 ], [ 72.8420722, 19.2313958 ], [ 72.8413538, 19.2316822 ], [ 72.841404, 19.2307107 ], [ 72.8410922, 19.2306977 ], [ 72.841115, 19.2302876 ], [ 72.8411813, 19.2302042 ] ] ] } },
{ "type": "Feature", "properties": { "element": "way", "id": 257439672, "name": "Gyanvardini School Ground", "category": "schools" }, "geometry": { "type": "Polygon", "coordinates": [ [ [ 72.8299211, 19.2216497 ], [ 72.8299623, 19.2225633 ], [ 72.8304916, 19.221621 ], [ 72.8299211, 19.2216497 ] ] ] } },
{ "type": "Feature", "properties": { "element": "way", "id": 260786330, "name": "Kohinoor Educational Complex", "category": "schools" }, "geometry": { "type": "Polygon", "coordinates": [ [ [ 72.8866555, 19.0760692 ], [ 72.8867377, 19.0759609 ], [ 72.8866955, 19.0758981 ], [ 72.8872029, 19.0752384 ], [ 72.8867097, 19.0747945 ], [ 72.8862164, 19.0752141 ], [ 72.8858486, 19.075527 ], [ 72.8866396, 19.0760601 ], [ 72.8866555, 19.0760692 ] ] ] } },
{ "type": "Feature", "properties": { "element": "way", "id": 266289391, "name": "Dilkhush Special School", "category": "schools" }, "geometry": { "type": "Polygon", "coordinates": [ [ [ 72.8284093, 19.0999164 ], [ 72.8280641, 19.0998841 ], [ 72.8281146, 19.0995364 ], [ 72.8284696, 19.0995625 ], [ 72.8284093, 19.0999164 ] ] ] } },
{ "type": "Feature", "properties": { "element": "way", "id": 275399290, "name": "Children's Academy", "category": "schools" }, "geometry": { "type": "Polygon", "coordinates": [ [ [ 72.8541664, 19.1853711 ], [ 72.8543917, 19.185363 ], [ 72.8544507, 19.1853609 ], [ 72.8544534, 19.18548 ], [ 72.8543461, 19.1854825 ], [ 72.8543488, 19.1855306 ], [ 72.8541664, 19.1855357 ], [ 72.8541664, 19.1853711 ] ] ] } },
{ "type": "Feature", "properties": { "element": "way", "id": 279196737, "name": "Atomic Energy Central School V", "category": "schools" }, "geometry": { "type": "Polygon", "coordinates": [ [ [ 72.9329644, 19.0385569 ], [ 72.9337817, 19.0384358 ], [ 72.9336625, 19.0376506 ], [ 72.9328849, 19.0376673 ], [ 72.932633, 19.0378678 ], [ 72.9329644, 19.0385569 ] ] ] } },
{ "type": "Feature", "properties": { "element": "way", "id": 286014465, "name": "Byculla School", "category": "schools" }, "geometry": { "type": "Polygon", "coordinates": [ [ [ 72.8321455, 18.9811401 ], [ 72.832627, 18.9811472 ], [ 72.8326244, 18.9806822 ], [ 72.8321563, 18.9806811 ], [ 72.8321455, 18.9811401 ] ] ] } },
{ "type": "Feature", "properties": { "element": "way", "id": 287817832, "name": "Christ Academy School KK", "category": "schools" }, "geometry": { "type": "Polygon", "coordinates": [ [ [ 72.9977095, 19.0997797 ], [ 72.9982472, 19.0999338 ], [ 72.9986026, 19.0988362 ], [ 72.9978646, 19.0987672 ], [ 72.9979176, 19.0990978 ], [ 72.9977095, 19.0997797 ] ] ] } },
{ "type": "Feature", "properties": { "element": "way", "id": 288426456, "name": "Chikitsak Samuh High School", "category": "schools" }, "geometry": { "type": "Polygon", "coordinates": [ [ [ 72.8212706, 18.9550121 ], [ 72.8215377, 18.9550029 ], [ 72.8215523, 18.9552662 ], [ 72.8212918, 18.9552739 ], [ 72.8212706, 18.9550121 ] ] ] } },
{ "type": "Feature", "properties": { "element": "way", "id": 288600315, "name": "Suvidya High school", "category": "schools" }, "geometry": { "type": "Polygon", "coordinates": [ [ [ 72.8276902, 19.2290248 ], [ 72.8278053, 19.2297208 ], [ 72.8285181, 19.2296158 ], [ 72.8284031, 19.2289197 ], [ 72.8276902, 19.2290248 ] ] ] } },
{ "type": "Feature", "properties": { "element": "way", "id": 291310460, "name": null, "category": "schools" }, "geometry": { "type": "Polygon", "coordinates": [ [ [ 72.8446877, 19.0593254 ], [ 72.843935, 19.059276 ], [ 72.8440118, 19.058864 ], [ 72.8447145, 19.0589274 ], [ 72.8446877, 19.0593254 ] ] ] } },
{ "type": "Feature", "properties": { "element": "way", "id": 291324679, "name": null, "category": "schools" }, "geometry": { "type": "Polygon", "coordinates": [ [ [ 72.8453152, 19.0614335 ], [ 72.8461761, 19.0613263 ], [ 72.8461961, 19.0623441 ], [ 72.8455298, 19.0623969 ], [ 72.8454708, 19.0622726 ], [ 72.8454413, 19.0621332 ], [ 72.8453152, 19.0614335 ] ] ] } },
{ "type": "Feature", "properties": { "element": "way", "id": 291327674, "name": "Yuva Parivartan ( Youth Recreation center ) ", "category": "schools" }, "geometry": { "type": "Polygon", "coordinates": [ [ [ 72.8442545, 19.0634957 ], [ 72.8441386, 19.0633549 ], [ 72.8441996, 19.06331 ], [ 72.8443155, 19.0634509 ], [ 72.8442545, 19.0634957 ] ] ] } },
{ "type": "Feature", "properties": { "element": "way", "id": 291330549, "name": "Chetana College", "category": "schools" }, "geometry": { "type": "Polygon", "coordinates": [ [ [ 72.8480806, 19.0614967 ], [ 72.8480753, 19.0611747 ], [ 72.8477488, 19.0611684 ], [ 72.8477488, 19.0607096 ], [ 72.8484856, 19.0606779 ], [ 72.8488343, 19.060721 ], [ 72.8493842, 19.0611646 ], [ 72.849403, 19.061479 ], [ 72.8480806, 19.0614967 ] ] ] } },
{ "type": "Feature", "properties": { "element": "way", "id": 292305703, "name": "St. Joseph's School, Orlem", "category": "schools" }, "geometry": { "type": "Polygon", "coordinates": [ [ [ 72.8365333, 19.194712 ], [ 72.8367881, 19.1947328 ], [ 72.8367793, 19.1947929 ], [ 72.8368715, 19.1948012 ], [ 72.8368627, 19.1948904 ], [ 72.8368078, 19.1948821 ], [ 72.8368062, 19.1948951 ], [ 72.8367167, 19.1948883 ], [ 72.8367135, 19.1949189 ], [ 72.8366529, 19.1949145 ], [ 72.8366591, 19.1948133 ], [ 72.8365271, 19.194806 ], [ 72.8365333, 19.194712 ] ] ] } },
{ "type": "Feature", "properties": { "element": "way", "id": 292306935, "name": "Our Lady of Lourdes Church & St.Annes School Compound", "category": "schools" }, "geometry": { "type": "Polygon", "coordinates": [ [ [ 72.8369448, 19.1953136 ], [ 72.8369759, 19.1950174 ], [ 72.836892, 19.1946625 ], [ 72.837069, 19.1941023 ], [ 72.8378672, 19.194202 ], [ 72.8378206, 19.1947241 ], [ 72.8378361, 19.194771 ], [ 72.8378237, 19.1950966 ], [ 72.8374293, 19.195299 ], [ 72.8369448, 19.1953136 ] ] ] } },
{ "type": "Feature", "properties": { "element": "way", "id": 292306937, "name": "St. Joseph's School Compound", "category": "schools" }, "geometry": { "type": "Polygon", "coordinates": [ [ [ 72.8364355, 19.1947094 ], [ 72.836864, 19.1947035 ], [ 72.8369262, 19.1949616 ], [ 72.8367181, 19.1949646 ], [ 72.8367212, 19.1952227 ], [ 72.8364075, 19.1952286 ], [ 72.8364355, 19.1947094 ] ] ] } },
{ "type": "Feature", "properties": { "element": "way", "id": 294276634, "name": "JBCN International School", "category": "schools" }, "geometry": { "type": "Polygon", "coordinates": [ [ [ 72.8299552, 19.1469372 ], [ 72.8304609, 19.1469026 ], [ 72.8304069, 19.1463077 ], [ 72.8298975, 19.1463287 ], [ 72.8299552, 19.1469372 ] ] ] } },
{ "type": "Feature", "properties": { "element": "way", "id": 301042038, "name": "Atomic Energy Junior College", "category": "schools" }, "geometry": { "type": "Polygon", "coordinates": [ [ [ 72.9184406, 19.0376196 ], [ 72.9183447, 19.0363675 ], [ 72.9189141, 19.0363051 ], [ 72.9196693, 19.0365488 ], [ 72.9196447, 19.0368001 ], [ 72.9186683, 19.0375006 ], [ 72.9184406, 19.0376196 ] ] ] } },
{ "type": "Feature", "properties": { "element": "way", "id": 302858264, "name": "Tata Institute of Social Sciences (TISS)", "category": "schools" }, "geometry": { "type": "Polygon", "coordinates": [ [ [ 72.9133804, 19.0454683 ], [ 72.9134015, 19.0451772 ], [ 72.913819, 19.0450657 ], [ 72.9138136, 19.0446322 ], [ 72.9133066, 19.0441157 ], [ 72.9132441, 19.044022 ], [ 72.9130772, 19.0437718 ], [ 72.9126976, 19.0435325 ], [ 72.9123259, 19.0432335 ], [ 72.9121159, 19.043039 ], [ 72.9117905, 19.043115 ], [ 72.9117626, 19.0435778 ], [ 72.911709, 19.0441157 ], [ 72.9115956, 19.0444468 ], [ 72.9115113, 19.0446929 ], [ 72.9114401, 19.0449006 ], [ 72.911644, 19.0449445 ], [ 72.9120649, 19.0450352 ], [ 72.9120123, 19.0455107 ], [ 72.9133283, 19.0454699 ], [ 72.9133804, 19.0454683 ] ] ] } },
{ "type": "Feature", "properties": { "element": "way", "id": 307395924, "name": "Sana Classes", "category": "schools" }, "geometry": { "type": "Polygon", "coordinates": [ [ [ 72.9470264, 19.0405291 ], [ 72.9471786, 19.0405842 ], [ 72.9471731, 19.0404924 ], [ 72.9471015, 19.0404539 ], [ 72.9470264, 19.0405291 ] ] ] } },
{ "type": "Feature", "properties": { "element": "way", "id": 307396170, "name": "Azad High School and jr.college", "category": "schools" }, "geometry": { "type": "Polygon", "coordinates": [ [ [ 72.9486202, 19.0409351 ], [ 72.9488234, 19.0409476 ], [ 72.9489073, 19.0406845 ], [ 72.9486511, 19.0406219 ], [ 72.948545, 19.0408683 ], [ 72.9486202, 19.0409351 ] ] ] } },
{ "type": "Feature", "properties": { "element": "way", "id": 310973404, "name": "SIES College of Commerce & Economics", "category": "schools" }, "geometry": { "type": "Polygon", "coordinates": [ [ [ 72.8665143, 19.0433586 ], [ 72.866791, 19.0433204 ], [ 72.866816, 19.0434825 ], [ 72.8665393, 19.0435206 ], [ 72.8665143, 19.0433586 ] ] ] } },
{ "type": "Feature", "properties": { "element": "way", "id": 311083990, "name": "Institute of Chemical Technology", "category": "schools" }, "geometry": { "type": "Polygon", "coordinates": [ [ [ 72.8572351, 19.0230875 ], [ 72.8571734, 19.0231686 ], [ 72.8572029, 19.0245506 ], [ 72.8572699, 19.0246191 ], [ 72.8601828, 19.0249538 ], [ 72.8602606, 19.0249031 ], [ 72.8603974, 19.0232751 ], [ 72.8603223, 19.0231965 ], [ 72.8572351, 19.0230875 ] ] ] } },
{ "type": "Feature", "properties": { "element": "way", "id": 314399835, "name": "saraswati vidyalaya school....", "category": "schools" }, "geometry": { "type": "Polygon", "coordinates": [ [ [ 72.8991502, 19.0568084 ], [ 72.8987937, 19.0568298 ], [ 72.898771, 19.0564916 ], [ 72.8991427, 19.0564693 ], [ 72.8991502, 19.0568084 ] ] ] } },
{ "type": "Feature", "properties": { "element": "way", "id": 314529387, "name": "BMC School no 1", "category": "schools" }, "geometry": { "type": "Polygon", "coordinates": [ [ [ 72.9187087, 19.0628029 ], [ 72.9183985, 19.0621281 ], [ 72.9190019, 19.0618813 ], [ 72.9193185, 19.06257 ], [ 72.9190735, 19.0626742 ], [ 72.9190606, 19.0626455 ], [ 72.9187087, 19.0628029 ] ] ] } },
{ "type": "Feature", "properties": { "element": "way", "id": 315440477, "name": "Gyan Sampada High School", "category": "schools" }, "geometry": { "type": "Polygon", "coordinates": [ [ [ 72.9213452, 19.0607717 ], [ 72.9200175, 19.0614638 ], [ 72.9204896, 19.0615247 ], [ 72.9214847, 19.0610709 ], [ 72.9213452, 19.0607717 ] ] ] } },
{ "type": "Feature", "properties": { "element": "way", "id": 315441156, "name": "Municipal School", "category": "schools" }, "geometry": { "type": "Polygon", "coordinates": [ [ [ 72.9226944, 19.0610481 ], [ 72.9229223, 19.0615982 ], [ 72.9235178, 19.0613345 ], [ 72.9232791, 19.0607844 ], [ 72.9226944, 19.0610481 ] ] ] } },
{ "type": "Feature", "properties": { "element": "way", "id": 315477932, "name": "Lecture Hall", "category": "schools" }, "geometry": { "type": "Polygon", "coordinates": [ [ [ 72.9165221, 19.1304606 ], [ 72.9165061, 19.1307212 ], [ 72.9166694, 19.1307285 ], [ 72.9166823, 19.1305109 ], [ 72.9168256, 19.1305184 ], [ 72.9169691, 19.1304984 ], [ 72.9170714, 19.1305335 ], [ 72.9171497, 19.1305817 ], [ 72.9171448, 19.1306377 ], [ 72.9171686, 19.1306392 ], [ 72.9171584, 19.1307724 ], [ 72.9171486, 19.1308995 ], [ 72.9171286, 19.1308989 ], [ 72.9171245, 19.1309579 ], [ 72.9170521, 19.1310016 ], [ 72.9169275, 19.1310269 ], [ 72.9168069, 19.1309956 ], [ 72.9168053, 19.1310191 ], [ 72.9165348, 19.1310129 ], [ 72.9163503, 19.1310012 ], [ 72.9162885, 19.1309365 ], [ 72.9162624, 19.1307869 ], [ 72.9162634, 19.1307521 ], [ 72.9162658, 19.1306648 ], [ 72.9162736, 19.1305736 ], [ 72.9163378, 19.1304942 ], [ 72.9164112, 19.1304472 ], [ 72.9165221, 19.1304606 ] ] ] } },
{ "type": "Feature", "properties": { "element": "way", "id": 315588846, "name": "Department of Physics", "category": "schools" }, "geometry": { "type": "Polygon", "coordinates": [ [ [ 72.9163021, 19.1301491 ], [ 72.9162904, 19.1303505 ], [ 72.9170145, 19.1303963 ], [ 72.9170322, 19.1301848 ], [ 72.9163021, 19.1301491 ] ] ] } },
{ "type": "Feature", "properties": { "element": "way", "id": 315588847, "name": "Department of Metalurgical and Material Science Engineering", "category": "schools" }, "geometry": { "type": "Polygon", "coordinates": [ [ [ 72.9162335, 19.1310903 ], [ 72.9162286, 19.1311975 ], [ 72.916224, 19.1313 ], [ 72.9169688, 19.1313425 ], [ 72.9169729, 19.1312364 ], [ 72.9169769, 19.1311318 ], [ 72.9162335, 19.1310903 ] ] ] } },
{ "type": "Feature", "properties": { "element": "way", "id": 318034226, "name": "ST Lawrence High School", "category": "schools" }, "geometry": { "type": "Polygon", "coordinates": [ [ [ 72.8469264, 19.2404092 ], [ 72.8466308, 19.2399733 ], [ 72.8471362, 19.2396648 ], [ 72.8475853, 19.2402871 ], [ 72.8473362, 19.2405325 ], [ 72.8471576, 19.2402694 ], [ 72.8469264, 19.2404092 ] ] ] } },
{ "type": "Feature", "properties": { "element": "way", "id": 319831534, "name": "Municipal School", "category": "schools" }, "geometry": { "type": "Polygon", "coordinates": [ [ [ 72.9515053, 19.20723 ], [ 72.9521203, 19.2070431 ], [ 72.9522548, 19.207561 ], [ 72.9516769, 19.2075897 ], [ 72.9515053, 19.20723 ] ] ] } },
{ "type": "Feature", "properties": { "element": "way", "id": 325704860, "name": "Lokmanya Tilak International School", "category": "schools" }, "geometry": { "type": "Polygon", "coordinates": [ [ [ 73.007996, 19.1079402 ], [ 73.0082832, 19.1080205 ], [ 73.0087736, 19.1064556 ], [ 73.0084865, 19.1063752 ], [ 73.007996, 19.1079402 ] ] ] } },
{ "type": "Feature", "properties": { "element": "way", "id": 332516150, "name": "Gopi Birla Memorial School", "category": "schools" }, "geometry": { "type": "Polygon", "coordinates": [ [ [ 72.8031952, 18.9521697 ], [ 72.8033912, 18.9522946 ], [ 72.8035576, 18.952061 ], [ 72.8033639, 18.9519375 ], [ 72.8033221, 18.9519961 ], [ 72.8031952, 18.9521697 ] ] ] } },
{ "type": "Feature", "properties": { "element": "way", "id": 345151607, "name": "Guru Nanak English Academy", "category": "schools" }, "geometry": { "type": "Polygon", "coordinates": [ [ [ 72.9298913, 19.1467194 ], [ 72.9297894, 19.1464255 ], [ 72.9291832, 19.1466282 ], [ 72.9293143, 19.1469076 ], [ 72.9298913, 19.1467194 ] ] ] } },
{ "type": "Feature", "properties": { "element": "way", "id": 345152616, "name": "Navjeevan Vidya Mandir", "category": "schools" }, "geometry": { "type": "Polygon", "coordinates": [ [ [ 72.9300692, 19.1520505 ], [ 72.929978, 19.1517988 ], [ 72.9303453, 19.151665 ], [ 72.9304413, 19.1519213 ], [ 72.9300692, 19.1520505 ] ] ] } },
{ "type": "Feature", "properties": { "element": "way", "id": 345152623, "name": "Y.s.k Vidyalaya", "category": "schools" }, "geometry": { "type": "Polygon", "coordinates": [ [ [ 72.886665, 19.0953392 ], [ 72.8868214, 19.0953423 ], [ 72.8867725, 19.0950376 ], [ 72.8867041, 19.0950284 ], [ 72.886665, 19.0953392 ] ] ] } },
{ "type": "Feature", "properties": { "element": "way", "id": 345154806, "name": "St. Judes High school", "category": "schools" }, "geometry": { "type": "Polygon", "coordinates": [ [ [ 72.8854752, 19.0933926 ], [ 72.8854604, 19.0930833 ], [ 72.8866312, 19.0930618 ], [ 72.8865655, 19.0933913 ], [ 72.8865151, 19.0933914 ], [ 72.8854752, 19.0933926 ] ] ] } },
{ "type": "Feature", "properties": { "element": "way", "id": 346412074, "name": "Karnatak School", "category": "schools" }, "geometry": { "type": "Polygon", "coordinates": [ [ [ 72.9064914, 19.0565562 ], [ 72.9069669, 19.0568699 ], [ 72.9072229, 19.0562447 ], [ 72.9065227, 19.0561756 ], [ 72.9064914, 19.0565562 ] ] ] } },
{ "type": "Feature", "properties": { "element": "way", "id": 346412155, "name": "BMC school", "category": "schools" }, "geometry": { "type": "Polygon", "coordinates": [ [ [ 72.9072059, 19.0557336 ], [ 72.9072252, 19.0556516 ], [ 72.9069321, 19.0555404 ], [ 72.9068955, 19.0556206 ], [ 72.9072059, 19.0557336 ] ] ] } },
{ "type": "Feature", "properties": { "element": "way", "id": 347008744, "name": "muncipal school", "category": "schools" }, "geometry": { "type": "Polygon", "coordinates": [ [ [ 72.9085549, 19.0527203 ], [ 72.9087357, 19.0527983 ], [ 72.9087608, 19.0525576 ], [ 72.9085908, 19.0525346 ], [ 72.9085549, 19.0527203 ] ] ] } },
{ "type": "Feature", "properties": { "element": "way", "id": 347010736, "name": "Aryan E.S. High School", "category": "schools" }, "geometry": { "type": "Polygon", "coordinates": [ [ [ 72.8173629, 18.9558896 ], [ 72.8172168, 18.9559616 ], [ 72.8173989, 18.9563374 ], [ 72.8175498, 18.9562738 ], [ 72.8173629, 18.9558896 ] ] ] } },
{ "type": "Feature", "properties": { "element": "way", "id": 347012133, "name": "Marwari Vidyalaya High School", "category": "schools" }, "geometry": { "type": "Polygon", "coordinates": [ [ [ 72.8177542, 18.957366 ], [ 72.8178134, 18.9572088 ], [ 72.817904, 18.9571366 ], [ 72.8180511, 18.9571799 ], [ 72.8180631, 18.9571481 ], [ 72.8181937, 18.9571822 ], [ 72.8181636, 18.9572686 ], [ 72.8182845, 18.9573106 ], [ 72.8182089, 18.95751 ], [ 72.8177542, 18.957366 ] ] ] } },
{ "type": "Feature", "properties": { "element": "way", "id": 347016272, "name": "Geeta Vikas High School", "category": "schools" }, "geometry": { "type": "Polygon", "coordinates": [ [ [ 72.9218813, 19.0628466 ], [ 72.9224052, 19.0626024 ], [ 72.9222965, 19.0623808 ], [ 72.9221354, 19.0624466 ], [ 72.9220133, 19.0621859 ], [ 72.921604, 19.0623578 ], [ 72.9218813, 19.0628466 ] ] ] } },
{ "type": "Feature", "properties": { "element": "way", "id": 352336913, "name": "Sion Municipality school", "category": "schools" }, "geometry": { "type": "Polygon", "coordinates": [ [ [ 72.8604775, 19.0337084 ], [ 72.8606889, 19.0341261 ], [ 72.8606725, 19.0341335 ], [ 72.860696, 19.0341798 ], [ 72.8607212, 19.0341684 ], [ 72.8607623, 19.0342498 ], [ 72.8607796, 19.034242 ], [ 72.8607939, 19.0342702 ], [ 72.8608027, 19.0342662 ], [ 72.8608413, 19.0343424 ], [ 72.8609652, 19.0342864 ], [ 72.8606363, 19.0336366 ], [ 72.8604775, 19.0337084 ] ] ] } },
{ "type": "Feature", "properties": { "element": "way", "id": 352795541, "name": "JBCN International School Borivali", "category": "schools" }, "geometry": { "type": "Polygon", "coordinates": [ [ [ 72.8542615, 19.248107 ], [ 72.85431, 19.2483224 ], [ 72.8545519, 19.2482541 ], [ 72.8545499, 19.2482418 ], [ 72.8545939, 19.2482354 ], [ 72.8545955, 19.2482452 ], [ 72.8546671, 19.2482349 ], [ 72.8546651, 19.2482228 ], [ 72.8548451, 19.2482145 ], [ 72.8548488, 19.2481196 ], [ 72.8548717, 19.2480102 ], [ 72.8542615, 19.248107 ] ] ] } },
{ "type": "Feature", "properties": { "element": "way", "id": 352802672, "name": "Gundecha ground", "category": "schools" }, "geometry": { "type": "Polygon", "coordinates": [ [ [ 72.8771116, 19.2120991 ], [ 72.8774165, 19.2120881 ], [ 72.8773941, 19.2115364 ], [ 72.8770893, 19.2115475 ], [ 72.8771116, 19.2120991 ] ] ] } },
{ "type": "Feature", "properties": { "element": "way", "id": 352928245, "name": null, "category": "schools" }, "geometry": { "type": "Polygon", "coordinates": [ [ [ 72.8280968, 19.2127636 ], [ 72.8283283, 19.2127528 ], [ 72.8283278, 19.2125504 ], [ 72.8280792, 19.2125598 ], [ 72.8280968, 19.2127636 ] ] ] } },
{ "type": "Feature", "properties": { "element": "way", "id": 352941151, "name": "Sahakar Vidya Prasarak Mandal School", "category": "schools" }, "geometry": { "type": "Polygon", "coordinates": [ [ [ 72.9954354, 19.1984845 ], [ 72.9959692, 19.1984995 ], [ 72.9959747, 19.1983248 ], [ 72.9954409, 19.1983099 ], [ 72.9954354, 19.1984845 ] ] ] } },
{ "type": "Feature", "properties": { "element": "way", "id": 353140788, "name": "Mayuresh Residency", "category": "schools" }, "geometry": { "type": "Polygon", "coordinates": [ [ [ 72.9362255, 19.1590564 ], [ 72.936286, 19.1588881 ], [ 72.9357677, 19.1587219 ], [ 72.9357072, 19.1588903 ], [ 72.9362255, 19.1590564 ] ] ] } },
{ "type": "Feature", "properties": { "element": "way", "id": 353151167, "name": null, "category": "schools" }, "geometry": { "type": "Polygon", "coordinates": [ [ [ 72.9616621, 19.2137436 ], [ 72.9618505, 19.2138581 ], [ 72.961903, 19.2137815 ], [ 72.9618102, 19.2137182 ], [ 72.9619398, 19.213632 ], [ 72.9619567, 19.2136456 ], [ 72.9619766, 19.2136289 ], [ 72.9620283, 19.213689 ], [ 72.9621011, 19.2136343 ], [ 72.961981, 19.2134829 ], [ 72.9616868, 19.2136734 ], [ 72.9616621, 19.2137436 ] ] ] } },
{ "type": "Feature", "properties": { "element": "way", "id": 353151209, "name": null, "category": "schools" }, "geometry": { "type": "Polygon", "coordinates": [ [ [ 72.9613113, 19.2121981 ], [ 72.9615982, 19.2124543 ], [ 72.9616114, 19.2124411 ], [ 72.9616391, 19.2124658 ], [ 72.9616783, 19.2124266 ], [ 72.9616598, 19.2124101 ], [ 72.961675, 19.212395 ], [ 72.9617004, 19.2124177 ], [ 72.9617511, 19.2123671 ], [ 72.9617287, 19.2123471 ], [ 72.9617397, 19.212336 ], [ 72.9615348, 19.212153 ], [ 72.9616441, 19.212044 ], [ 72.9615069, 19.2119214 ], [ 72.9613163, 19.2121116 ], [ 72.9613594, 19.2121501 ], [ 72.9613113, 19.2121981 ] ] ] } },
{ "type": "Feature", "properties": { "element": "way", "id": 353151356, "name": null, "category": "schools" }, "geometry": { "type": "Polygon", "coordinates": [ [ [ 72.9613016, 19.2133073 ], [ 72.9614445, 19.2134686 ], [ 72.9615506, 19.2133847 ], [ 72.9614077, 19.2132235 ], [ 72.9613016, 19.2133073 ] ] ] } },
{ "type": "Feature", "properties": { "element": "way", "id": 353157103, "name": "Mo. Kru. Nakhawa High School", "category": "schools" }, "geometry": { "type": "Polygon", "coordinates": [ [ [ 72.9770619, 19.1819208 ], [ 72.977471, 19.1819155 ], [ 72.9774698, 19.1818299 ], [ 72.9770606, 19.1818352 ], [ 72.9770619, 19.1819208 ] ] ] } },
{ "type": "Feature", "properties": { "element": "way", "id": 353161075, "name": "Smt. Sunitidevi Singhania School", "category": "schools" }, "geometry": { "type": "Polygon", "coordinates": [ [ [ 72.9671938, 19.2153944 ], [ 72.9676561, 19.2152717 ], [ 72.9677406, 19.215585 ], [ 72.9680307, 19.2155249 ], [ 72.9679259, 19.2151201 ], [ 72.9680106, 19.2151021 ], [ 72.9679851, 19.2150189 ], [ 72.9676639, 19.215084 ], [ 72.9675835, 19.2148261 ], [ 72.9674072, 19.2148726 ], [ 72.9674737, 19.2151225 ], [ 72.9671466, 19.2152005 ], [ 72.9671938, 19.2153944 ] ] ] } },
{ "type": "Feature", "properties": { "element": "way", "id": 353175766, "name": "Sane Guruji Vidyalaya", "category": "schools" }, "geometry": { "type": "Polygon", "coordinates": [ [ [ 72.8357772, 19.0226959 ], [ 72.8359019, 19.02295 ], [ 72.8360195, 19.0228984 ], [ 72.8360413, 19.0229429 ], [ 72.8361283, 19.0229047 ], [ 72.8361066, 19.0228603 ], [ 72.8362274, 19.0228073 ], [ 72.8361279, 19.0226044 ], [ 72.835978, 19.0226701 ], [ 72.8360032, 19.0227215 ], [ 72.8359595, 19.0227406 ], [ 72.8359092, 19.022638 ], [ 72.8357772, 19.0226959 ] ] ] } },
{ "type": "Feature", "properties": { "element": "way", "id": 353181024, "name": "VES Institute of Management", "category": "schools" }, "geometry": { "type": "Polygon", "coordinates": [ [ [ 72.8895936, 19.045724 ], [ 72.889724, 19.045698 ], [ 72.8896144, 19.0452074 ], [ 72.889484, 19.0452334 ], [ 72.8895936, 19.045724 ] ] ] } },
{ "type": "Feature", "properties": { "element": "way", "id": 353197071, "name": "Vidyalankar School of Information Technology", "category": "schools" }, "geometry": { "type": "Polygon", "coordinates": [ [ [ 72.8702114, 19.0210942 ], [ 72.8702651, 19.0213836 ], [ 72.870815, 19.0212925 ], [ 72.8707613, 19.0210031 ], [ 72.8702114, 19.0210942 ] ] ] } },
{ "type": "Feature", "properties": { "element": "way", "id": 353203398, "name": "KK Marg Municipal School", "category": "schools" }, "geometry": { "type": "Polygon", "coordinates": [ [ [ 72.8222444, 18.9662089 ], [ 72.8223887, 18.965863 ], [ 72.8222249, 18.9658019 ], [ 72.8222003, 18.9658609 ], [ 72.8222297, 18.9658719 ], [ 72.8221608, 18.966037 ], [ 72.8221768, 18.966043 ], [ 72.8221598, 18.9660836 ], [ 72.8222033, 18.9660998 ], [ 72.8221837, 18.9661468 ], [ 72.8222048, 18.9661547 ], [ 72.8221906, 18.9661888 ], [ 72.8222444, 18.9662089 ] ] ] } },
{ "type": "Feature", "properties": { "element": "way", "id": 353206688, "name": "TMC School No 16 and No 3", "category": "schools" }, "geometry": { "type": "Polygon", "coordinates": [ [ [ 72.9695119, 19.1771786 ], [ 72.9696101, 19.1771477 ], [ 72.9695813, 19.1770662 ], [ 72.9696425, 19.1770469 ], [ 72.9696712, 19.1771284 ], [ 72.9698022, 19.1770872 ], [ 72.9697632, 19.1769766 ], [ 72.9697021, 19.1769958 ], [ 72.9696743, 19.176917 ], [ 72.9697354, 19.1768978 ], [ 72.9696941, 19.1767809 ], [ 72.9695843, 19.1768155 ], [ 72.9695992, 19.1768577 ], [ 72.9695499, 19.1768732 ], [ 72.9695364, 19.1768351 ], [ 72.9694116, 19.1768744 ], [ 72.9694496, 19.1769823 ], [ 72.9695177, 19.1769608 ], [ 72.9695419, 19.1770293 ], [ 72.9694675, 19.1770527 ], [ 72.9695119, 19.1771786 ] ] ] } },
{ "type": "Feature", "properties": { "element": "way", "id": 353206772, "name": "Sri Ma Bal Niketan", "category": "schools" }, "geometry": { "type": "Polygon", "coordinates": [ [ [ 72.9685342, 19.1769954 ], [ 72.9687053, 19.1769947 ], [ 72.9687048, 19.1768861 ], [ 72.9685515, 19.1768867 ], [ 72.9685516, 19.1769235 ], [ 72.9685339, 19.1769235 ], [ 72.9685342, 19.1769954 ] ] ] } },
{ "type": "Feature", "properties": { "element": "way", "id": 353351784, "name": "Saint Xavier's Boys Academy", "category": "schools" }, "geometry": { "type": "Polygon", "coordinates": [ [ [ 72.8279151, 18.9359845 ], [ 72.8281631, 18.9360023 ], [ 72.8281842, 18.9357388 ], [ 72.8279362, 18.935721 ], [ 72.8279151, 18.9359845 ] ] ] } },
{ "type": "Feature", "properties": { "element": "way", "id": 353351799, "name": "K C College", "category": "schools" }, "geometry": { "type": "Polygon", "coordinates": [ [ [ 72.8270578, 18.9297978 ], [ 72.8272864, 18.9296998 ], [ 72.827122, 18.9293567 ], [ 72.8268934, 18.9294547 ], [ 72.8270578, 18.9297978 ] ] ] } },
{ "type": "Feature", "properties": { "element": "way", "id": 353351803, "name": "Bombay International School (Junior)", "category": "schools" }, "geometry": { "type": "Polygon", "coordinates": [ [ [ 72.8283109, 18.9355247 ], [ 72.8285133, 18.9355346 ], [ 72.8285268, 18.9352874 ], [ 72.8283243, 18.9352776 ], [ 72.8283109, 18.9355247 ] ] ] } },
{ "type": "Feature", "properties": { "element": "way", "id": 353351853, "name": "H R College", "category": "schools" }, "geometry": { "type": "Polygon", "coordinates": [ [ [ 72.8267304, 18.9299327 ], [ 72.826962, 18.9298396 ], [ 72.8268235, 18.9295312 ], [ 72.8265919, 18.9296243 ], [ 72.8267304, 18.9299327 ] ] ] } },
{ "type": "Feature", "properties": { "element": "way", "id": 353354801, "name": "Podar International School", "category": "schools" }, "geometry": { "type": "Polygon", "coordinates": [ [ [ 72.814023, 18.9973513 ], [ 72.8142227, 18.9974901 ], [ 72.8143035, 18.9973862 ], [ 72.8141037, 18.9972474 ], [ 72.814023, 18.9973513 ] ] ] } },
{ "type": "Feature", "properties": { "element": "way", "id": 353355120, "name": "Manav Mandir Primary School", "category": "schools" }, "geometry": { "type": "Polygon", "coordinates": [ [ [ 72.796707, 18.949176 ], [ 72.7968182, 18.9491198 ], [ 72.7967533, 18.9490047 ], [ 72.7969347, 18.9489132 ], [ 72.796947, 18.9489351 ], [ 72.7970454, 18.9488855 ], [ 72.7969745, 18.9487597 ], [ 72.7966928, 18.9489018 ], [ 72.7967208, 18.9489516 ], [ 72.7966116, 18.9490067 ], [ 72.796707, 18.949176 ] ] ] } },
{ "type": "Feature", "properties": { "element": "way", "id": 353355481, "name": "PTV Marathi medium", "category": "schools" }, "geometry": { "type": "Polygon", "coordinates": [ [ [ 72.8474175, 19.1040596 ], [ 72.8473913, 19.104206 ], [ 72.8479558, 19.1042959 ], [ 72.8479819, 19.1041495 ], [ 72.8474175, 19.1040596 ] ] ] } },
{ "type": "Feature", "properties": { "element": "way", "id": 353364342, "name": "Dahanukar College of Commerce", "category": "schools" }, "geometry": { "type": "Polygon", "coordinates": [ [ [ 72.8511476, 19.0989329 ], [ 72.8517243, 19.0989043 ], [ 72.8517278, 19.0989675 ], [ 72.8518712, 19.0989604 ], [ 72.8518592, 19.0987442 ], [ 72.8517799, 19.0987481 ], [ 72.8517646, 19.0984725 ], [ 72.8516608, 19.0984777 ], [ 72.8516595, 19.0984543 ], [ 72.851519, 19.0984612 ], [ 72.8515266, 19.0985978 ], [ 72.8514901, 19.0985996 ], [ 72.8514936, 19.0986612 ], [ 72.8514175, 19.098665 ], [ 72.8514223, 19.0987516 ], [ 72.8511384, 19.0987657 ], [ 72.8511476, 19.0989329 ] ] ] } },
{ "type": "Feature", "properties": { "element": "way", "id": 353364856, "name": "Sir Jacob Sasoon High School", "category": "schools" }, "geometry": { "type": "Polygon", "coordinates": [ [ [ 72.8323194, 18.9671012 ], [ 72.8324938, 18.9670944 ], [ 72.8324879, 18.9669588 ], [ 72.8323135, 18.9669656 ], [ 72.8323194, 18.9671012 ] ] ] } },
{ "type": "Feature", "properties": { "element": "way", "id": 353364903, "name": "Jawahar Vidya Bhawan", "category": "schools" }, "geometry": { "type": "Polygon", "coordinates": [ [ [ 72.8972924, 19.0393762 ], [ 72.8973896, 19.0393865 ], [ 72.8973985, 19.0393107 ], [ 72.8977541, 19.039348 ], [ 72.8977947, 19.0390026 ], [ 72.8974442, 19.0389658 ], [ 72.8974504, 19.0389127 ], [ 72.8972884, 19.0388957 ], [ 72.8972642, 19.0391019 ], [ 72.8973239, 19.0391082 ], [ 72.8972924, 19.0393762 ] ] ] } },
{ "type": "Feature", "properties": { "element": "way", "id": 353364906, "name": "St. Sebastian's High School", "category": "schools" }, "geometry": { "type": "Polygon", "coordinates": [ [ [ 72.8977302, 19.0395651 ], [ 72.8977296, 19.0396641 ], [ 72.8977821, 19.0396644 ], [ 72.8977819, 19.039705 ], [ 72.8978407, 19.0397053 ], [ 72.89784, 19.0398189 ], [ 72.8981722, 19.0398208 ], [ 72.8981732, 19.0396691 ], [ 72.8982668, 19.0396697 ], [ 72.8982664, 19.0397443 ], [ 72.8983596, 19.0397448 ], [ 72.8983607, 19.0395687 ], [ 72.8977302, 19.0395651 ] ] ] } },
{ "type": "Feature", "properties": { "element": "way", "id": 353367058, "name": "L S Raheja School", "category": "schools" }, "geometry": { "type": "Polygon", "coordinates": [ [ [ 72.8331026, 19.0862785 ], [ 72.8330948, 19.0861151 ], [ 72.8327972, 19.0860679 ], [ 72.8327291, 19.085723 ], [ 72.832567, 19.0857798 ], [ 72.832655, 19.0862483 ], [ 72.8331026, 19.0862785 ] ] ] } },
{ "type": "Feature", "properties": { "element": "way", "id": 353377165, "name": "B.K.M. High School", "category": "schools" }, "geometry": { "type": "Polygon", "coordinates": [ [ [ 72.8074751, 18.9561586 ], [ 72.8073857, 18.955909 ], [ 72.8072337, 18.9559577 ], [ 72.8072992, 18.9561403 ], [ 72.8072696, 18.9561498 ], [ 72.8072936, 18.9562168 ], [ 72.8074751, 18.9561586 ] ] ] } },
{ "type": "Feature", "properties": { "element": "way", "id": 353394683, "name": "St. Agnes' High School", "category": "schools" }, "geometry": { "type": "Polygon", "coordinates": [ [ [ 72.8303646, 18.9714001 ], [ 72.8305749, 18.971398 ], [ 72.8305682, 18.9708096 ], [ 72.8306403, 18.9708089 ], [ 72.8306378, 18.9705797 ], [ 72.8306661, 18.9705419 ], [ 72.8306852, 18.9703812 ], [ 72.8303468, 18.9703629 ], [ 72.8302875, 18.9703273 ], [ 72.8302856, 18.9703554 ], [ 72.8302314, 18.9703432 ], [ 72.8302028, 18.9706088 ], [ 72.830337, 18.970613 ], [ 72.8303364, 18.9705621 ], [ 72.8305338, 18.9705601 ], [ 72.8305355, 18.9707106 ], [ 72.8303638, 18.970711 ], [ 72.8303643, 18.9711607 ], [ 72.8303646, 18.9714001 ] ] ] } },
{ "type": "Feature", "properties": { "element": "way", "id": 353394704, "name": "E.E.E. Sassoon High School", "category": "schools" }, "geometry": { "type": "Polygon", "coordinates": [ [ [ 72.8306493, 18.9671117 ], [ 72.8308925, 18.967109 ], [ 72.8308912, 18.9670002 ], [ 72.830648, 18.9670029 ], [ 72.8306493, 18.9671117 ] ] ] } },
{ "type": "Feature", "properties": { "element": "way", "id": 353395699, "name": "D Y Patil International School", "category": "schools" }, "geometry": { "type": "Polygon", "coordinates": [ [ [ 72.8207991, 19.0160962 ], [ 72.8209204, 19.0161476 ], [ 72.8209461, 19.0160934 ], [ 72.8211211, 19.0161676 ], [ 72.8212032, 19.0159945 ], [ 72.8211325, 19.0159645 ], [ 72.8211262, 19.0159776 ], [ 72.8210217, 19.0159333 ], [ 72.8210958, 19.0157771 ], [ 72.8212832, 19.0158566 ], [ 72.8213415, 19.0157338 ], [ 72.8211474, 19.0156515 ], [ 72.8211362, 19.0156752 ], [ 72.8211054, 19.0156621 ], [ 72.8211015, 19.0156703 ], [ 72.821018, 19.0156349 ], [ 72.8207991, 19.0160962 ] ] ] } },
{ "type": "Feature", "properties": { "element": "way", "id": 353396873, "name": "St. Lawrence School", "category": "schools" }, "geometry": { "type": "Polygon", "coordinates": [ [ [ 72.8341309, 19.082187 ], [ 72.8341975, 19.0821884 ], [ 72.8341951, 19.0822878 ], [ 72.8343054, 19.0822901 ], [ 72.8343045, 19.0823279 ], [ 72.834372, 19.0823293 ], [ 72.8343756, 19.0821792 ], [ 72.834364, 19.082179 ], [ 72.8343656, 19.0821129 ], [ 72.8341327, 19.082108 ], [ 72.8341309, 19.082187 ] ] ] } },
{ "type": "Feature", "properties": { "element": "way", "id": 353402349, "name": "Colaba Municipal Secondary School", "category": "schools" }, "geometry": { "type": "Polygon", "coordinates": [ [ [ 72.826388, 18.9150189 ], [ 72.8265015, 18.9151151 ], [ 72.8266331, 18.9149764 ], [ 72.826696, 18.9150297 ], [ 72.8267732, 18.9149483 ], [ 72.8265968, 18.9147987 ], [ 72.826388, 18.9150189 ] ] ] } },
{ "type": "Feature", "properties": { "element": "way", "id": 353407984, "name": "Fellowship International School", "category": "schools" }, "geometry": { "type": "Polygon", "coordinates": [ [ [ 72.8109847, 18.961473 ], [ 72.8106186, 18.9615823 ], [ 72.8106776, 18.9617032 ], [ 72.8106879, 18.9616987 ], [ 72.8107614, 18.9618423 ], [ 72.8108615, 18.9618133 ], [ 72.8107759, 18.9616271 ], [ 72.8109067, 18.9615835 ], [ 72.8109194, 18.9616082 ], [ 72.8109112, 18.9616349 ], [ 72.8109828, 18.9618029 ], [ 72.8110419, 18.9617858 ], [ 72.8110353, 18.9617633 ], [ 72.8110763, 18.961751 ], [ 72.8109847, 18.961473 ] ] ] } },
{ "type": "Feature", "properties": { "element": "way", "id": 353407985, "name": "Fellowship School", "category": "schools" }, "geometry": { "type": "Polygon", "coordinates": [ [ [ 72.8108913, 18.9621477 ], [ 72.8109798, 18.9621112 ], [ 72.8109835, 18.9620684 ], [ 72.8110654, 18.962082 ], [ 72.81107, 18.9620374 ], [ 72.8111339, 18.9620483 ], [ 72.8111363, 18.9620254 ], [ 72.8111795, 18.962033 ], [ 72.8111795, 18.9619836 ], [ 72.8111382, 18.9618817 ], [ 72.8111086, 18.9618605 ], [ 72.8110779, 18.9618953 ], [ 72.8110601, 18.9618665 ], [ 72.8110149, 18.9619239 ], [ 72.8109768, 18.9618936 ], [ 72.8109305, 18.9619585 ], [ 72.8109038, 18.9619362 ], [ 72.8108118, 18.9619748 ], [ 72.8108913, 18.9621477 ] ] ] } },
{ "type": "Feature", "properties": { "element": "way", "id": 353407996, "name": "DSB International School", "category": "schools" }, "geometry": { "type": "Polygon", "coordinates": [ [ [ 72.8080829, 18.9573086 ], [ 72.8082176, 18.9572627 ], [ 72.8081196, 18.9570054 ], [ 72.8079848, 18.9570513 ], [ 72.8080829, 18.9573086 ] ] ] } },
{ "type": "Feature", "properties": { "element": "way", "id": 353408060, "name": "St. Columba Marathi Primary School", "category": "schools" }, "geometry": { "type": "Polygon", "coordinates": [ [ [ 72.8123359, 18.9616663 ], [ 72.8124594, 18.9616174 ], [ 72.8123741, 18.9614249 ], [ 72.8122506, 18.9614738 ], [ 72.8123359, 18.9616663 ] ] ] } },
{ "type": "Feature", "properties": { "element": "way", "id": 353408072, "name": "New Activity School", "category": "schools" }, "geometry": { "type": "Polygon", "coordinates": [ [ [ 72.8083284, 18.9622357 ], [ 72.8085185, 18.962303 ], [ 72.8085993, 18.9620985 ], [ 72.8084092, 18.9620313 ], [ 72.8083284, 18.9622357 ] ] ] } },
{ "type": "Feature", "properties": { "element": "way", "id": 353410801, "name": "Ridwan Harris Ideal High School & Junior College", "category": "schools" }, "geometry": { "type": "Polygon", "coordinates": [ [ [ 72.982718, 19.2051946 ], [ 72.982769, 19.2051886 ], [ 72.9828059, 19.2051732 ], [ 72.9829258, 19.2051246 ], [ 72.9829042, 19.2050773 ], [ 72.9829567, 19.205056 ], [ 72.9829182, 19.2049716 ], [ 72.9827402, 19.2050439 ], [ 72.982746, 19.2050565 ], [ 72.9827187, 19.2050676 ], [ 72.9827299, 19.2050922 ], [ 72.9826528, 19.2051235 ], [ 72.9826805, 19.2051843 ], [ 72.982718, 19.2051946 ] ] ] } },
{ "type": "Feature", "properties": { "element": "way", "id": 353411203, "name": "Christ Church School", "category": "schools" }, "geometry": { "type": "Polygon", "coordinates": [ [ [ 72.8313916, 18.9698392 ], [ 72.8316185, 18.9698419 ], [ 72.8316183, 18.9698593 ], [ 72.831796, 18.9698614 ], [ 72.8317962, 18.9698427 ], [ 72.8318139, 18.9698429 ], [ 72.8318133, 18.9698867 ], [ 72.831887, 18.9698875 ], [ 72.8318876, 18.9698433 ], [ 72.8319429, 18.9698439 ], [ 72.8319397, 18.9696431 ], [ 72.8317513, 18.9696409 ], [ 72.8317512, 18.9696526 ], [ 72.8314791, 18.9696494 ], [ 72.8314795, 18.9696183 ], [ 72.8313946, 18.9696173 ], [ 72.8313916, 18.9698392 ] ] ] } },
{ "type": "Feature", "properties": { "element": "way", "id": 353424037, "name": "Queen Mary's Girls School", "category": "schools" }, "geometry": { "type": "Polygon", "coordinates": [ [ [ 72.8152439, 18.9592962 ], [ 72.8150592, 18.9589755 ], [ 72.8148624, 18.9590769 ], [ 72.8148781, 18.9591041 ], [ 72.814758, 18.959166 ], [ 72.814786, 18.9592147 ], [ 72.8148118, 18.9592594 ], [ 72.815035, 18.9591444 ], [ 72.8151025, 18.9592617 ], [ 72.815049, 18.9592893 ], [ 72.8150967, 18.9593721 ], [ 72.8152439, 18.9592962 ] ] ] } },
{ "type": "Feature", "properties": { "element": "way", "id": 353750257, "name": "Greenlawns School Worli", "category": "schools" }, "geometry": { "type": "Polygon", "coordinates": [ [ [ 72.8172061, 19.0130177 ], [ 72.8175382, 19.0129788 ], [ 72.8175194, 19.0128362 ], [ 72.8171874, 19.0128751 ], [ 72.8172061, 19.0130177 ] ] ] } },
{ "type": "Feature", "properties": { "element": "way", "id": 353757972, "name": "Sacred Heart High School", "category": "schools" }, "geometry": { "type": "Polygon", "coordinates": [ [ [ 72.8191721, 19.015012 ], [ 72.8193145, 19.0150482 ], [ 72.8193187, 19.0150334 ], [ 72.8194437, 19.0150653 ], [ 72.8194862, 19.0149163 ], [ 72.8193055, 19.0148703 ], [ 72.8192959, 19.0149038 ], [ 72.8192092, 19.0148817 ], [ 72.8191721, 19.015012 ] ] ] } },
{ "type": "Feature", "properties": { "element": "way", "id": 353758564, "name": "Dunne's Institute", "category": "schools" }, "geometry": { "type": "Polygon", "coordinates": [ [ [ 72.8223636, 18.9130771 ], [ 72.8222266, 18.9131949 ], [ 72.8222746, 18.9132449 ], [ 72.8224116, 18.913127 ], [ 72.8223636, 18.9130771 ] ] ] } },
{ "type": "Feature", "properties": { "element": "way", "id": 353761087, "name": "The New Era School", "category": "schools" }, "geometry": { "type": "Polygon", "coordinates": [ [ [ 72.8091362, 18.9620642 ], [ 72.8092011, 18.9619181 ], [ 72.8089871, 18.9618331 ], [ 72.8090025, 18.9617984 ], [ 72.8088628, 18.9617429 ], [ 72.8088424, 18.9617888 ], [ 72.8087499, 18.9617521 ], [ 72.8087801, 18.9616839 ], [ 72.8086633, 18.9616375 ], [ 72.8085731, 18.9618405 ], [ 72.8087584, 18.9619142 ], [ 72.8087703, 18.9618874 ], [ 72.8090045, 18.9619804 ], [ 72.8089926, 18.9620072 ], [ 72.8091362, 18.9620642 ] ] ] } },
{ "type": "Feature", "properties": { "element": "way", "id": 353761471, "name": "Mahila Sang", "category": "schools" }, "geometry": { "type": "Polygon", "coordinates": [ [ [ 72.8525299, 19.1021902 ], [ 72.8524771, 19.1020136 ], [ 72.8523791, 19.1020397 ], [ 72.8524318, 19.1022163 ], [ 72.8525299, 19.1021902 ] ] ] } },
{ "type": "Feature", "properties": { "element": "way", "id": 353785634, "name": "National Centre for Aerospace Innovation and Research", "category": "schools" }, "geometry": { "type": "Polygon", "coordinates": [ [ [ 72.9177742, 19.1345619 ], [ 72.9177786, 19.1351577 ], [ 72.9179598, 19.1351572 ], [ 72.9179455, 19.1345645 ], [ 72.9177742, 19.1345619 ] ] ] } },
{ "type": "Feature", "properties": { "element": "way", "id": 353790686, "name": "Sitaram School", "category": "schools" }, "geometry": { "type": "Polygon", "coordinates": [ [ [ 72.8284074, 18.9906883 ], [ 72.8284573, 18.9908068 ], [ 72.8285868, 18.990758 ], [ 72.828632, 18.9908652 ], [ 72.8285324, 18.9909028 ], [ 72.828561, 18.9909705 ], [ 72.8286558, 18.9909347 ], [ 72.8286984, 18.9910359 ], [ 72.8285796, 18.9910806 ], [ 72.8286394, 18.9912225 ], [ 72.8288526, 18.9911422 ], [ 72.8286264, 18.9906058 ], [ 72.8284074, 18.9906883 ] ] ] } },
{ "type": "Feature", "properties": { "element": "way", "id": 353799688, "name": "N.M. Joshi Marg Municipal Secondary School", "category": "schools" }, "geometry": { "type": "Polygon", "coordinates": [ [ [ 72.83195, 18.9908557 ], [ 72.8319482, 18.9915861 ], [ 72.8323962, 18.9915871 ], [ 72.8323976, 18.9909924 ], [ 72.832341, 18.9909923 ], [ 72.8323414, 18.9908566 ], [ 72.8321946, 18.9908563 ], [ 72.8321944, 18.9909667 ], [ 72.8321157, 18.9909665 ], [ 72.832116, 18.9908561 ], [ 72.83195, 18.9908557 ] ] ] } },
{ "type": "Feature", "properties": { "element": "way", "id": 353825818, "name": "Maratha High School", "category": "schools" }, "geometry": { "type": "Polygon", "coordinates": [ [ [ 72.8223564, 19.0013023 ], [ 72.8225626, 19.0012755 ], [ 72.8225431, 19.0011416 ], [ 72.8225063, 19.0011464 ], [ 72.8224903, 19.0010363 ], [ 72.8225505, 19.0010285 ], [ 72.8225384, 19.0009458 ], [ 72.8224095, 19.0009626 ], [ 72.8224112, 19.0009736 ], [ 72.8223105, 19.0009867 ], [ 72.8223564, 19.0013023 ] ] ] } },
{ "type": "Feature", "properties": { "element": "way", "id": 353825842, "name": "Ganpatrao Kadam Marg BMC School", "category": "schools" }, "geometry": { "type": "Polygon", "coordinates": [ [ [ 72.8241877, 18.9980239 ], [ 72.8241744, 18.9978679 ], [ 72.8243722, 18.9978528 ], [ 72.8243876, 18.9980329 ], [ 72.8244798, 18.9980259 ], [ 72.8244566, 18.9977545 ], [ 72.8241005, 18.9977818 ], [ 72.8241025, 18.9978046 ], [ 72.8240366, 18.9978096 ], [ 72.824042, 18.9978735 ], [ 72.8240333, 18.9978742 ], [ 72.8240389, 18.9979392 ], [ 72.8240913, 18.9979352 ], [ 72.8240946, 18.9979743 ], [ 72.8239544, 18.997985 ], [ 72.8239588, 18.9980372 ], [ 72.8239422, 18.9980385 ], [ 72.8239476, 18.9981011 ], [ 72.8239606, 18.9981001 ], [ 72.8239631, 18.9981292 ], [ 72.8240575, 18.998122 ], [ 72.8240523, 18.9980607 ], [ 72.8241376, 18.9980542 ], [ 72.8241354, 18.9980279 ], [ 72.8241877, 18.9980239 ] ] ] } },
{ "type": "Feature", "properties": { "element": "way", "id": 353995767, "name": "PES Maharashtra High School", "category": "schools" }, "geometry": { "type": "Polygon", "coordinates": [ [ [ 72.8315837, 18.993873 ], [ 72.8315736, 18.9940966 ], [ 72.8317154, 18.9941024 ], [ 72.8317257, 18.9938787 ], [ 72.8315837, 18.993873 ] ] ] } },
{ "type": "Feature", "properties": { "element": "way", "id": 353996862, "name": "The NAB Workshop For The Blind", "category": "schools" }, "geometry": { "type": "Polygon", "coordinates": [ [ [ 72.8205209, 19.011344 ], [ 72.8209705, 19.0118299 ], [ 72.8211308, 19.0116975 ], [ 72.8210252, 19.0115878 ], [ 72.8209632, 19.0116411 ], [ 72.8207312, 19.0114056 ], [ 72.8207396, 19.0113919 ], [ 72.8207299, 19.011382 ], [ 72.8207678, 19.0113204 ], [ 72.8206718, 19.0112206 ], [ 72.8205209, 19.011344 ] ] ] } },
{ "type": "Feature", "properties": { "element": "way", "id": 354015397, "name": "Stephen High School For The Hearing Handicapped", "category": "schools" }, "geometry": { "type": "Polygon", "coordinates": [ [ [ 72.8315765, 19.0167777 ], [ 72.8316158, 19.0169518 ], [ 72.8317253, 19.0169297 ], [ 72.8317163, 19.0168901 ], [ 72.831762, 19.0168809 ], [ 72.8317541, 19.0168459 ], [ 72.8319223, 19.0168119 ], [ 72.8319302, 19.0168469 ], [ 72.831979, 19.016837 ], [ 72.8319686, 19.016791 ], [ 72.8319907, 19.0167865 ], [ 72.8319708, 19.0166981 ], [ 72.8315765, 19.0167777 ] ] ] } },
{ "type": "Feature", "properties": { "element": "way", "id": 354041997, "name": "Talchekar Wadi Municipal School And Hall", "category": "schools" }, "geometry": { "type": "Polygon", "coordinates": [ [ [ 72.8308686, 18.9996058 ], [ 72.830971, 18.999605 ], [ 72.8309673, 18.9992106 ], [ 72.830865, 18.9992114 ], [ 72.8308686, 18.9996058 ] ] ] } },
{ "type": "Feature", "properties": { "element": "way", "id": 354237376, "name": "L S Raheja College Of Arts and Commerce", "category": "schools" }, "geometry": { "type": "Polygon", "coordinates": [ [ [ 72.832778, 19.0856359 ], [ 72.8331906, 19.0860864 ], [ 72.83327, 19.0860214 ], [ 72.8332752, 19.0860271 ], [ 72.8332966, 19.0860095 ], [ 72.8332555, 19.0859647 ], [ 72.8332322, 19.0859838 ], [ 72.8328007, 19.0855127 ], [ 72.8327896, 19.0854606 ], [ 72.8327168, 19.0854745 ], [ 72.8326877, 19.0853382 ], [ 72.8324925, 19.0853754 ], [ 72.8325155, 19.0854832 ], [ 72.8326251, 19.0854623 ], [ 72.8326449, 19.0855548 ], [ 72.8325353, 19.0855758 ], [ 72.8325572, 19.0856781 ], [ 72.832778, 19.0856359 ] ] ] } },
{ "type": "Feature", "properties": { "element": "way", "id": 354262712, "name": "IES Modern English School", "category": "schools" }, "geometry": { "type": "Polygon", "coordinates": [ [ [ 72.8360194, 19.0222179 ], [ 72.8361128, 19.0224998 ], [ 72.8364533, 19.0223573 ], [ 72.8364005, 19.0222397 ], [ 72.8362605, 19.0222812 ], [ 72.8362655, 19.0222964 ], [ 72.8362193, 19.0223101 ], [ 72.8361676, 19.022154 ], [ 72.8360652, 19.0221843 ], [ 72.8360713, 19.0222026 ], [ 72.8360194, 19.0222179 ] ] ] } },
{ "type": "Feature", "properties": { "element": "way", "id": 354262742, "name": "Nabar Guruji School", "category": "schools" }, "geometry": { "type": "Polygon", "coordinates": [ [ [ 72.8369139, 19.0197946 ], [ 72.8370199, 19.0197375 ], [ 72.8369828, 19.0196759 ], [ 72.8370117, 19.0196603 ], [ 72.8369825, 19.0196118 ], [ 72.8369937, 19.0196057 ], [ 72.8369436, 19.0195225 ], [ 72.8369211, 19.0195346 ], [ 72.8368949, 19.019491 ], [ 72.8368771, 19.0195005 ], [ 72.8368514, 19.0194578 ], [ 72.8367454, 19.0195148 ], [ 72.8369139, 19.0197946 ] ] ] } },
{ "type": "Feature", "properties": { "element": "way", "id": 354262887, "name": "Gokhale Road Municipal School", "category": "schools" }, "geometry": { "type": "Polygon", "coordinates": [ [ [ 72.8349503, 19.0168738 ], [ 72.834802, 19.0165014 ], [ 72.8348025, 19.0165007 ], [ 72.8348054, 19.0164865 ], [ 72.8348024, 19.0164723 ], [ 72.8347939, 19.0164603 ], [ 72.8347812, 19.0164523 ], [ 72.8347662, 19.0164495 ], [ 72.8347512, 19.0164524 ], [ 72.8347385, 19.0164604 ], [ 72.83473, 19.0164724 ], [ 72.8347271, 19.0164866 ], [ 72.8347291, 19.0164963 ], [ 72.8347066, 19.0165044 ], [ 72.8347209, 19.0165402 ], [ 72.8346889, 19.0165515 ], [ 72.8346949, 19.0165666 ], [ 72.8346698, 19.0165755 ], [ 72.8346771, 19.0165937 ], [ 72.8345945, 19.0166231 ], [ 72.8346315, 19.0167161 ], [ 72.8347712, 19.0166664 ], [ 72.8348657, 19.0169039 ], [ 72.8347387, 19.0169491 ], [ 72.834774, 19.0170376 ], [ 72.8349914, 19.0169602 ], [ 72.8349738, 19.0169161 ], [ 72.8349879, 19.0169111 ], [ 72.8349702, 19.0168667 ], [ 72.8349503, 19.0168738 ] ] ] } },
{ "type": "Feature", "properties": { "element": "way", "id": 354602301, "name": "Vikas College", "category": "schools" }, "geometry": { "type": "Polygon", "coordinates": [ [ [ 72.9385892, 19.1182792 ], [ 72.9385248, 19.1187455 ], [ 72.9394984, 19.1188647 ], [ 72.9395708, 19.1183984 ], [ 72.9385892, 19.1182792 ] ] ] } },
{ "type": "Feature", "properties": { "element": "way", "id": 354603255, "name": "Vidya Mandir School & College", "category": "schools" }, "geometry": { "type": "Polygon", "coordinates": [ [ [ 72.9344828, 19.1175044 ], [ 72.934401, 19.1168457 ], [ 72.9348811, 19.116795 ], [ 72.9351332, 19.1174108 ], [ 72.9344828, 19.1175044 ] ] ] } },
{ "type": "Feature", "properties": { "element": "way", "id": 354604975, "name": "Rajiv Gandhi Maidan", "category": "schools" }, "geometry": { "type": "Polygon", "coordinates": [ [ [ 72.931278, 19.1219089 ], [ 72.9318797, 19.1218475 ], [ 72.9317089, 19.1207028 ], [ 72.9311642, 19.1207642 ], [ 72.9312536, 19.1216324 ], [ 72.931278, 19.1219089 ] ] ] } },
{ "type": "Feature", "properties": { "element": "way", "id": 354797873, "name": "Nalanda Public School", "category": "schools" }, "geometry": { "type": "Polygon", "coordinates": [ [ [ 72.9710749, 19.1743455 ], [ 72.9715062, 19.1743182 ], [ 72.9715213, 19.1737842 ], [ 72.9709951, 19.173796 ], [ 72.9710749, 19.1743455 ] ] ] } },
{ "type": "Feature", "properties": { "element": "way", "id": 355017965, "name": "Thermal Hydraulic Test Facility", "category": "schools" }, "geometry": { "type": "Polygon", "coordinates": [ [ [ 72.9175431, 19.1346438 ], [ 72.9176682, 19.1346438 ], [ 72.9176682, 19.134493 ], [ 72.9175431, 19.134493 ], [ 72.9175431, 19.1346438 ] ] ] } },
{ "type": "Feature", "properties": { "element": "way", "id": 356187624, "name": "M.S.P.T. High School", "category": "schools" }, "geometry": { "type": "Polygon", "coordinates": [ [ [ 72.8136948, 18.9605982 ], [ 72.8137681, 18.9601716 ], [ 72.8136002, 18.9601458 ], [ 72.8135268, 18.9605724 ], [ 72.8136948, 18.9605982 ] ] ] } },
{ "type": "Feature", "properties": { "element": "way", "id": 356187783, "name": "Our Own High School", "category": "schools" }, "geometry": { "type": "Polygon", "coordinates": [ [ [ 72.8162009, 18.9626212 ], [ 72.8162874, 18.9628211 ], [ 72.8165039, 18.9627379 ], [ 72.8164152, 18.9625367 ], [ 72.8162009, 18.9626212 ] ] ] } },
{ "type": "Feature", "properties": { "element": "way", "id": 356207224, "name": "Ahmed Sailor High School", "category": "schools" }, "geometry": { "type": "Polygon", "coordinates": [ [ [ 72.8301411, 18.9652487 ], [ 72.8302169, 18.9651625 ], [ 72.8300805, 18.9650108 ], [ 72.8300287, 18.9650588 ], [ 72.8301411, 18.9652487 ] ] ] } },
{ "type": "Feature", "properties": { "element": "way", "id": 356294784, "name": "Navbharat School", "category": "schools" }, "geometry": { "type": "Polygon", "coordinates": [ [ [ 72.8442076, 19.0060185 ], [ 72.8443978, 19.0060655 ], [ 72.8444702, 19.0058039 ], [ 72.8442799, 19.0057569 ], [ 72.8442076, 19.0060185 ] ] ] } },
{ "type": "Feature", "properties": { "element": "way", "id": 356294928, "name": "Dr. D.B.Kulkarni Vidhyalay", "category": "schools" }, "geometry": { "type": "Polygon", "coordinates": [ [ [ 72.8447763, 19.0101664 ], [ 72.8449421, 19.0104314 ], [ 72.8450559, 19.0103677 ], [ 72.8448901, 19.0101027 ], [ 72.8447763, 19.0101664 ] ] ] } },
{ "type": "Feature", "properties": { "element": "way", "id": 356454578, "name": "Mahim Mori Road Municipal Marathi School", "category": "schools" }, "geometry": { "type": "Polygon", "coordinates": [ [ [ 72.8423048, 19.041972 ], [ 72.8423596, 19.0420162 ], [ 72.8424027, 19.0419686 ], [ 72.8424644, 19.0420185 ], [ 72.8424213, 19.0420662 ], [ 72.8424794, 19.0421131 ], [ 72.8425694, 19.0420136 ], [ 72.8423948, 19.0418724 ], [ 72.8423048, 19.041972 ] ] ] } },
{ "type": "Feature", "properties": { "element": "way", "id": 356530618, "name": "Wadala High Primary Mahapalika Urdu School,", "category": "schools" }, "geometry": { "type": "Polygon", "coordinates": [ [ [ 72.8555563, 19.0156375 ], [ 72.8556752, 19.0157934 ], [ 72.8557824, 19.0157219 ], [ 72.8557495, 19.0156788 ], [ 72.8557676, 19.015664 ], [ 72.8557617, 19.0156211 ], [ 72.8557346, 19.0156247 ], [ 72.8557305, 19.0155864 ], [ 72.855706, 19.0155882 ], [ 72.8556922, 19.0155954 ], [ 72.8556779, 19.0155746 ], [ 72.8556476, 19.0155965 ], [ 72.8556307, 19.015577 ], [ 72.8555563, 19.0156375 ] ] ] } },
{ "type": "Feature", "properties": { "element": "way", "id": 357031569, "name": "Sitaram Prakash High Scool", "category": "schools" }, "geometry": { "type": "Polygon", "coordinates": [ [ [ 72.8592006, 19.018327 ], [ 72.8595342, 19.0181422 ], [ 72.8594522, 19.0180099 ], [ 72.8591186, 19.0181947 ], [ 72.8592006, 19.018327 ] ] ] } },
{ "type": "Feature", "properties": { "element": "way", "id": 357082821, "name": "Trinity High School", "category": "schools" }, "geometry": { "type": "Polygon", "coordinates": [ [ [ 72.8605971, 19.0347503 ], [ 72.8608984, 19.035117 ], [ 72.8611483, 19.034934 ], [ 72.8608286, 19.0345585 ], [ 72.8605971, 19.0347503 ] ] ] } },
{ "type": "Feature", "properties": { "element": "way", "id": 357112846, "name": "Guru Nanak National High School", "category": "schools" }, "geometry": { "type": "Polygon", "coordinates": [ [ [ 72.8594951, 19.0406618 ], [ 72.8596061, 19.0408281 ], [ 72.8598566, 19.0406785 ], [ 72.8597456, 19.0405123 ], [ 72.8594951, 19.0406618 ] ] ] } },
{ "type": "Feature", "properties": { "element": "way", "id": 357112933, "name": "Little Angels School", "category": "schools" }, "geometry": { "type": "Polygon", "coordinates": [ [ [ 72.8579797, 19.0325847 ], [ 72.8580774, 19.0325449 ], [ 72.858051, 19.032487 ], [ 72.8581123, 19.032462 ], [ 72.8581398, 19.0325223 ], [ 72.8581968, 19.0324991 ], [ 72.8580945, 19.0322747 ], [ 72.8578785, 19.0323626 ], [ 72.8579797, 19.0325847 ] ] ] } },
{ "type": "Feature", "properties": { "element": "way", "id": 357187182, "name": "Bombay Girls' High School", "category": "schools" }, "geometry": { "type": "Polygon", "coordinates": [ [ [ 72.8485249, 19.0338273 ], [ 72.8486052, 19.0338264 ], [ 72.8486011, 19.0335103 ], [ 72.8485208, 19.0335112 ], [ 72.8485249, 19.0338273 ] ] ] } },
{ "type": "Feature", "properties": { "element": "way", "id": 357187290, "name": "Shahu Nagar Municipal School", "category": "schools" }, "geometry": { "type": "Polygon", "coordinates": [ [ [ 72.8505981, 19.0381502 ], [ 72.8507759, 19.0383558 ], [ 72.8508372, 19.038313 ], [ 72.8506544, 19.0381019 ], [ 72.8505981, 19.0381502 ] ] ] } },
{ "type": "Feature", "properties": { "element": "way", "id": 357360555, "name": "Lokmanya Vidya Mandir Jr College", "category": "schools" }, "geometry": { "type": "Polygon", "coordinates": [ [ [ 72.843885, 19.0331199 ], [ 72.844034, 19.033091 ], [ 72.8439647, 19.032773 ], [ 72.8438158, 19.0328019 ], [ 72.843885, 19.0331199 ] ] ] } },
{ "type": "Feature", "properties": { "element": "way", "id": 358298941, "name": "Sardar Vallabhbhai Patel Vividhlakshi Vidyalaya", "category": "schools" }, "geometry": { "type": "Polygon", "coordinates": [ [ [ 72.8455584, 19.2032008 ], [ 72.8458169, 19.20317 ], [ 72.8458001, 19.2030441 ], [ 72.8455415, 19.203075 ], [ 72.8455584, 19.2032008 ] ] ] } },
{ "type": "Feature", "properties": { "element": "way", "id": 358315691, "name": null, "category": "schools" }, "geometry": { "type": "Polygon", "coordinates": [ [ [ 72.8448388, 19.2150006 ], [ 72.8449726, 19.2150129 ], [ 72.8451063, 19.2150251 ], [ 72.8451183, 19.2149081 ], [ 72.8448508, 19.2148836 ], [ 72.8448388, 19.2150006 ] ] ] } },
{ "type": "Feature", "properties": { "element": "way", "id": 358489295, "name": "Convent of Jesus and Mary School", "category": "schools" }, "geometry": { "type": "Polygon", "coordinates": [ [ [ 72.8310882, 18.9234796 ], [ 72.8309461, 18.9233815 ], [ 72.8307156, 18.9236593 ], [ 72.8307935, 18.9237237 ], [ 72.8307829, 18.9237449 ], [ 72.8308305, 18.9237802 ], [ 72.8310882, 18.9234796 ] ] ] } },
{ "type": "Feature", "properties": { "element": "way", "id": 358887809, "name": "Supari Tank Municipal School", "category": "schools" }, "geometry": { "type": "Polygon", "coordinates": [ [ [ 72.8262815, 19.0510133 ], [ 72.8264878, 19.0508544 ], [ 72.8264311, 19.0507886 ], [ 72.8264084, 19.0508061 ], [ 72.8263581, 19.0507477 ], [ 72.8261745, 19.0508891 ], [ 72.8262815, 19.0510133 ] ] ] } },
{ "type": "Feature", "properties": { "element": "way", "id": 359528686, "name": "Maulana Azad High School", "category": "schools" }, "geometry": { "type": "Polygon", "coordinates": [ [ [ 72.8277404, 18.9762271 ], [ 72.8277769, 18.976214 ], [ 72.8277932, 18.9762509 ], [ 72.8278711, 18.9762279 ], [ 72.8278373, 18.9761569 ], [ 72.8278628, 18.9761388 ], [ 72.8278447, 18.9760988 ], [ 72.8277064, 18.9761438 ], [ 72.8277404, 18.9762271 ] ] ] } },
{ "type": "Feature", "properties": { "element": "way", "id": 359690892, "name": "St. Isabel High School", "category": "schools" }, "geometry": { "type": "Polygon", "coordinates": [ [ [ 72.8405308, 18.9722056 ], [ 72.8406974, 18.9721922 ], [ 72.8406812, 18.9720135 ], [ 72.84054, 18.972021 ], [ 72.8405308, 18.9722056 ] ] ] } },
{ "type": "Feature", "properties": { "element": "way", "id": 360291634, "name": "St. Joseph's Convent International School", "category": "schools" }, "geometry": { "type": "Polygon", "coordinates": [ [ [ 72.8290584, 19.056062 ], [ 72.8294123, 19.0560821 ], [ 72.8297001, 19.0561057 ], [ 72.8297106, 19.0559036 ], [ 72.8294076, 19.0558838 ], [ 72.8294033, 19.0559188 ], [ 72.8290641, 19.0558945 ], [ 72.8290584, 19.056062 ] ] ] } },
{ "type": "Feature", "properties": { "element": "way", "id": 363690239, "name": "Seventh Day Adventist High School", "category": "schools" }, "geometry": { "type": "Polygon", "coordinates": [ [ [ 73.0097078, 19.0621471 ], [ 73.010876, 19.0621616 ], [ 73.010885, 19.0617053 ], [ 73.0097633, 19.0616961 ], [ 73.0097047, 19.0617953 ], [ 73.0097078, 19.0621471 ] ] ] } },
{ "type": "Feature", "properties": { "element": "way", "id": 363871451, "name": "St. Wilfred's School", "category": "schools" }, "geometry": { "type": "Polygon", "coordinates": [ [ [ 72.8748543, 19.278644 ], [ 72.8751502, 19.2789415 ], [ 72.8756122, 19.279406 ], [ 72.8760251, 19.2791966 ], [ 72.8761483, 19.2789756 ], [ 72.876083, 19.2789188 ], [ 72.8758772, 19.2787894 ], [ 72.8758459, 19.2785959 ], [ 72.8757905, 19.2785191 ], [ 72.875609, 19.2782981 ], [ 72.8755348, 19.278204 ], [ 72.8754795, 19.2781628 ], [ 72.8748543, 19.278644 ] ] ] } },
{ "type": "Feature", "properties": { "element": "way", "id": 363893671, "name": null, "category": "schools" }, "geometry": { "type": "Polygon", "coordinates": [ [ [ 72.8763035, 19.2612718 ], [ 72.8766926, 19.261767 ], [ 72.8772973, 19.2613436 ], [ 72.8769081, 19.2608484 ], [ 72.8763035, 19.2612718 ] ] ] } },
{ "type": "Feature", "properties": { "element": "way", "id": 395230146, "name": "Municipal High School", "category": "schools" }, "geometry": { "type": "Polygon", "coordinates": [ [ [ 72.9199256, 19.0623117 ], [ 72.9201742, 19.0628337 ], [ 72.9193221, 19.0631962 ], [ 72.9190735, 19.0626742 ], [ 72.9193185, 19.06257 ], [ 72.9199256, 19.0623117 ] ] ] } },
{ "type": "Feature", "properties": { "element": "way", "id": 415694395, "name": "Mazidun High School", "category": "schools" }, "geometry": { "type": "Polygon", "coordinates": [ [ [ 72.994104, 19.1428935 ], [ 72.9940888, 19.1432709 ], [ 72.9943445, 19.1432876 ], [ 72.9943469, 19.1433297 ], [ 72.9945059, 19.1433222 ], [ 72.9944989, 19.1434033 ], [ 72.9947494, 19.1434008 ], [ 72.9947571, 19.1430226 ], [ 72.994104, 19.1428935 ] ] ] } },
{ "type": "Feature", "properties": { "element": "way", "id": 427200308, "name": "Adarsha Vidyalaya", "category": "schools" }, "geometry": { "type": "Polygon", "coordinates": [ [ [ 72.8902402, 19.0631122 ], [ 72.8899443, 19.0626243 ], [ 72.8893741, 19.0629346 ], [ 72.8896765, 19.0634061 ], [ 72.8902402, 19.0631122 ] ] ] } },
{ "type": "Feature", "properties": { "element": "way", "id": 427200309, "name": "Municipal School", "category": "schools" }, "geometry": { "type": "Polygon", "coordinates": [ [ [ 72.8906527, 19.0637715 ], [ 72.890346, 19.0632612 ], [ 72.8898298, 19.063549 ], [ 72.8901473, 19.0640553 ], [ 72.8906527, 19.0637715 ] ] ] } },
{ "type": "Feature", "properties": { "element": "way", "id": 427240536, "name": "Fatima High School", "category": "schools" }, "geometry": { "type": "Polygon", "coordinates": [ [ [ 72.8979468, 19.0818866 ], [ 72.8996488, 19.082096 ], [ 72.8997056, 19.0821305 ], [ 72.8996301, 19.0829097 ], [ 72.8996581, 19.0838504 ], [ 72.8982092, 19.0833624 ], [ 72.8973894, 19.0830463 ], [ 72.8979468, 19.0818866 ] ] ] } },
{ "type": "Feature", "properties": { "element": "way", "id": 427245951, "name": "South Indian Education Society (SIES) High School", "category": "schools" }, "geometry": { "type": "Polygon", "coordinates": [ [ [ 72.8567277, 19.0323377 ], [ 72.8563282, 19.03261 ], [ 72.8559129, 19.0328459 ], [ 72.8557549, 19.032487 ], [ 72.8561205, 19.0322748 ], [ 72.8563369, 19.0320997 ], [ 72.8567277, 19.0323377 ] ] ] } },
{ "type": "Feature", "properties": { "element": "way", "id": 427247587, "name": "School Of Nursing", "category": "schools" }, "geometry": { "type": "Polygon", "coordinates": [ [ [ 72.8582135, 19.0361654 ], [ 72.8584964, 19.0360608 ], [ 72.8584812, 19.0360242 ], [ 72.8589152, 19.0358637 ], [ 72.8589303, 19.0359003 ], [ 72.8592187, 19.0357937 ], [ 72.8591714, 19.0356793 ], [ 72.8581661, 19.036051 ], [ 72.8582135, 19.0361654 ] ] ] } },
{ "type": "Feature", "properties": { "element": "way", "id": 428199723, "name": "St Peter's School", "category": "schools" }, "geometry": { "type": "Polygon", "coordinates": [ [ [ 72.8403672, 18.9680607 ], [ 72.8414427, 18.9677804 ], [ 72.8409988, 18.9669966 ], [ 72.8406488, 18.9671146 ], [ 72.8405334, 18.9668444 ], [ 72.8398562, 18.9670283 ], [ 72.8402035, 18.9676625 ], [ 72.8403672, 18.9680607 ] ] ] } },
{ "type": "Feature", "properties": { "element": "way", "id": 430024307, "name": "V.E.S College of Arts, Science and Commerce", "category": "schools" }, "geometry": { "type": "Polygon", "coordinates": [ [ [ 72.8901934, 19.0483532 ], [ 72.8905207, 19.0481335 ], [ 72.8905436, 19.0478024 ], [ 72.8889325, 19.0471001 ], [ 72.8882418, 19.0474949 ], [ 72.8901934, 19.0483532 ] ] ] } },
{ "type": "Feature", "properties": { "element": "way", "id": 430223746, "name": "Dr Anandrao Nair Hospital and Topiwala Medical College", "category": "schools" }, "geometry": { "type": "Polygon", "coordinates": [ [ [ 72.8224754, 18.9735481 ], [ 72.8216277, 18.9738826 ], [ 72.8215456, 18.9739145 ], [ 72.8209979, 18.9741172 ], [ 72.821442, 18.9751141 ], [ 72.8221673, 18.9748086 ], [ 72.8224141, 18.9747047 ], [ 72.822961, 18.9744744 ], [ 72.8224754, 18.9735481 ] ] ] } },
{ "type": "Feature", "properties": { "element": "way", "id": 430412673, "name": "American School of Bombay", "category": "schools" }, "geometry": { "type": "Polygon", "coordinates": [ [ [ 72.8703886, 19.0670996 ], [ 72.870323, 19.0676716 ], [ 72.8703418, 19.0677758 ], [ 72.8704052, 19.0678623 ], [ 72.87102, 19.0682438 ], [ 72.8713134, 19.0678401 ], [ 72.871085, 19.0676627 ], [ 72.8712816, 19.0676112 ], [ 72.8712121, 19.0673955 ], [ 72.8711195, 19.0674213 ], [ 72.8703886, 19.0670996 ] ] ] } },
{ "type": "Feature", "properties": { "element": "way", "id": 430420073, "name": "Dhirubhai Ambani International School", "category": "schools" }, "geometry": { "type": "Polygon", "coordinates": [ [ [ 72.871196, 19.0673455 ], [ 72.8715345, 19.0672556 ], [ 72.871333, 19.0667391 ], [ 72.8710784, 19.0659501 ], [ 72.8710096, 19.0658267 ], [ 72.8709238, 19.0657907 ], [ 72.8708205, 19.0657907 ], [ 72.8705647, 19.0659305 ], [ 72.8705225, 19.0660103 ], [ 72.8704948, 19.0661734 ], [ 72.8703886, 19.0670996 ], [ 72.8711195, 19.0674213 ], [ 72.8712121, 19.0673955 ], [ 72.871196, 19.0673455 ] ] ] } },
{ "type": "Feature", "properties": { "element": "way", "id": 431494596, "name": "Kendriya Vidyalaya No.2, Colaba", "category": "schools" }, "geometry": { "type": "Polygon", "coordinates": [ [ [ 72.8081977, 18.9101225 ], [ 72.8085841, 18.9099129 ], [ 72.8087153, 18.9098383 ], [ 72.8093349, 18.9107848 ], [ 72.8084344, 18.9112488 ], [ 72.8080474, 18.9114546 ], [ 72.807448, 18.9105015 ], [ 72.8075786, 18.9104289 ], [ 72.8080378, 18.9102016 ], [ 72.8081977, 18.9101225 ] ] ] } },
{ "type": "Feature", "properties": { "element": "way", "id": 434904718, "name": "Purshottam High School", "category": "schools" }, "geometry": { "type": "Polygon", "coordinates": [ [ [ 72.8440118, 19.058864 ], [ 72.8440789, 19.0585243 ], [ 72.8447601, 19.0585826 ], [ 72.8447145, 19.0589274 ], [ 72.8440118, 19.058864 ] ] ] } },
{ "type": "Feature", "properties": { "element": "way", "id": 434906148, "name": "Lower Municiplal Governmet School", "category": "schools" }, "geometry": { "type": "Polygon", "coordinates": [ [ [ 72.8444055, 19.0630539 ], [ 72.8445271, 19.063362 ], [ 72.8449593, 19.0633607 ], [ 72.844954, 19.0631554 ], [ 72.8449459, 19.063097 ], [ 72.8448775, 19.0629335 ], [ 72.8447367, 19.0627916 ], [ 72.8444309, 19.0630197 ], [ 72.8444055, 19.0630539 ] ] ] } },
{ "type": "Feature", "properties": { "element": "way", "id": 435597334, "name": "St Theresa's School", "category": "schools" }, "geometry": { "type": "Polygon", "coordinates": [ [ [ 72.8337036, 19.0631123 ], [ 72.8336169, 19.0623001 ], [ 72.8329328, 19.0623719 ], [ 72.8330165, 19.0631869 ], [ 72.8337036, 19.0631123 ] ] ] } },
{ "type": "Feature", "properties": { "element": "way", "id": 436220560, "name": null, "category": "schools" }, "geometry": { "type": "Polygon", "coordinates": [ [ [ 72.9285141, 19.1015627 ], [ 72.9282485, 19.1009163 ], [ 72.9268297, 19.1014664 ], [ 72.9268672, 19.1020848 ], [ 72.9271804, 19.1020629 ], [ 72.9285141, 19.1015627 ] ] ] } },
{ "type": "Feature", "properties": { "element": "way", "id": 436455880, "name": "St. Mary's School (ICSE)", "category": "schools" }, "geometry": { "type": "Polygon", "coordinates": [ [ [ 72.8363286, 18.969381 ], [ 72.8357037, 18.9697564 ], [ 72.834376, 18.9698122 ], [ 72.834217, 18.9697513 ], [ 72.8344323, 18.9694567 ], [ 72.8352443, 18.9687237 ], [ 72.8353556, 18.9686131 ], [ 72.8354515, 18.9688991 ], [ 72.8361704, 18.9687291 ], [ 72.8363286, 18.969381 ] ] ] } },
{ "type": "Feature", "properties": { "element": "way", "id": 436606762, "name": null, "category": "schools" }, "geometry": { "type": "Polygon", "coordinates": [ [ [ 72.9289601, 19.1020308 ], [ 72.9285295, 19.1008463 ], [ 72.9284759, 19.100821 ], [ 72.9268263, 19.1014419 ], [ 72.926762, 19.1015458 ], [ 72.9267056, 19.1022403 ], [ 72.9269739, 19.1021237 ], [ 72.9271695, 19.1026279 ], [ 72.9274352, 19.102509 ], [ 72.9274835, 19.1025926 ], [ 72.9289601, 19.1020308 ] ] ] } },
{ "type": "Feature", "properties": { "element": "way", "id": 469898982, "name": "NMMC School", "category": "schools" }, "geometry": { "type": "Polygon", "coordinates": [ [ [ 73.0061298, 19.100446 ], [ 73.0068671, 19.100659 ], [ 73.0070794, 19.1000026 ], [ 73.0063421, 19.0997897 ], [ 73.0061298, 19.100446 ] ] ] } },
{ "type": "Feature", "properties": { "element": "way", "id": 470170434, "name": null, "category": "schools" }, "geometry": { "type": "Polygon", "coordinates": [ [ [ 72.8432074, 19.2313805 ], [ 72.843289, 19.2316603 ], [ 72.8433722, 19.2316336 ], [ 72.8435032, 19.2313013 ], [ 72.8432074, 19.2313805 ] ] ] } },
{ "type": "Feature", "properties": { "element": "way", "id": 483179358, "name": "Hiranandani School New", "category": "schools" }, "geometry": { "type": "Polygon", "coordinates": [ [ [ 72.9056733, 19.1129488 ], [ 72.9057059, 19.113656 ], [ 72.9048806, 19.11369 ], [ 72.904848, 19.1129827 ], [ 72.9056733, 19.1129488 ] ] ] } },
{ "type": "Feature", "properties": { "element": "way", "id": 483187904, "name": "Hiranandani Foundation School", "category": "schools" }, "geometry": { "type": "Polygon", "coordinates": [ [ [ 72.9077284, 19.1170241 ], [ 72.9072564, 19.1181163 ], [ 72.9077553, 19.1183596 ], [ 72.907979, 19.1178827 ], [ 72.9080329, 19.1177679 ], [ 72.9081348, 19.1178084 ], [ 72.9083413, 19.117261 ], [ 72.9081566, 19.1171896 ], [ 72.9077284, 19.1170241 ] ] ] } },
{ "type": "Feature", "properties": { "element": "way", "id": 486536488, "name": "Saint John's High School", "category": "schools" }, "geometry": { "type": "Polygon", "coordinates": [ [ [ 72.9757786, 19.1947334 ], [ 72.9755828, 19.1947512 ], [ 72.9748667, 19.1949538 ], [ 72.9748613, 19.1955719 ], [ 72.9753924, 19.195696 ], [ 72.9761139, 19.1956555 ], [ 72.9762185, 19.195506 ], [ 72.9760844, 19.1952265 ], [ 72.9765967, 19.1950019 ], [ 72.9765028, 19.1949032 ], [ 72.9757786, 19.1947334 ] ] ] } },
{ "type": "Feature", "properties": { "element": "way", "id": 486564717, "name": "Padhmabhushan Vasantdada Patil Pratishthan's College Of Engineering", "category": "schools" }, "geometry": { "type": "Polygon", "coordinates": [ [ [ 72.8781009, 19.0486994 ], [ 72.8781767, 19.0487357 ], [ 72.8784524, 19.0490383 ], [ 72.8783066, 19.0491761 ], [ 72.8783985, 19.049278 ], [ 72.8786584, 19.0493409 ], [ 72.8791275, 19.0499521 ], [ 72.879099, 19.050009 ], [ 72.8786394, 19.0508239 ], [ 72.8784049, 19.050713 ], [ 72.8786243, 19.0515844 ], [ 72.8785828, 19.0515848 ], [ 72.8785157, 19.0515853 ], [ 72.8783809, 19.0513486 ], [ 72.878215, 19.0509075 ], [ 72.8778022, 19.0505674 ], [ 72.8776842, 19.0501086 ], [ 72.8776812, 19.0497695 ], [ 72.8779274, 19.0492649 ], [ 72.8781009, 19.0486994 ] ] ] } },
{ "type": "Feature", "properties": { "element": "way", "id": 496837192, "name": null, "category": "schools" }, "geometry": { "type": "Polygon", "coordinates": [ [ [ 72.9159406, 19.1105419 ], [ 72.9156804, 19.1106306 ], [ 72.9158655, 19.1111603 ], [ 72.9160023, 19.1115101 ], [ 72.9161257, 19.1114543 ], [ 72.9161015, 19.1113656 ], [ 72.9161873, 19.1113023 ], [ 72.9162303, 19.1112566 ], [ 72.9161042, 19.1110488 ], [ 72.9159406, 19.1105419 ] ] ] } },
{ "type": "Feature", "properties": { "element": "way", "id": 496837203, "name": "BMC School (Abandoned)", "category": "schools" }, "geometry": { "type": "Polygon", "coordinates": [ [ [ 72.9165494, 19.1068797 ], [ 72.9167721, 19.1067859 ], [ 72.9169384, 19.1068011 ], [ 72.9171127, 19.1069279 ], [ 72.9172759, 19.1079525 ], [ 72.9167502, 19.1080332 ], [ 72.9165494, 19.1068797 ] ] ] } },
{ "type": "Feature", "properties": { "element": "way", "id": 510983346, "name": "Holy cross centenary Grounds", "category": "schools" }, "geometry": { "type": "Polygon", "coordinates": [ [ [ 72.885652, 19.0826278 ], [ 72.8862588, 19.082317 ], [ 72.886429, 19.082514 ], [ 72.886359, 19.0829232 ], [ 72.8863236, 19.0829269 ], [ 72.8861816, 19.0828935 ], [ 72.8858756, 19.0827812 ], [ 72.8856663, 19.0827101 ], [ 72.885652, 19.0826278 ] ] ] } },
{ "type": "Feature", "properties": { "element": "way", "id": 512468398, "name": "Don Bosco Grounds", "category": "schools" }, "geometry": { "type": "Polygon", "coordinates": [ [ [ 72.8887172, 19.0820306 ], [ 72.8887448, 19.0820172 ], [ 72.8889128, 19.0819356 ], [ 72.889265, 19.0817645 ], [ 72.8893399, 19.0817281 ], [ 72.8890673, 19.0811712 ], [ 72.8884446, 19.0815153 ], [ 72.8887313, 19.082009 ], [ 72.8887172, 19.0820306 ] ] ] } },
{ "type": "Feature", "properties": { "element": "way", "id": 518957680, "name": "Chembur Vidya Niketan High School", "category": "schools" }, "geometry": { "type": "Polygon", "coordinates": [ [ [ 72.8956624, 19.0615714 ], [ 72.8962927, 19.0613762 ], [ 72.8959896, 19.0609148 ], [ 72.8954559, 19.0612063 ], [ 72.8956624, 19.0615714 ] ] ] } },
{ "type": "Feature", "properties": { "element": "way", "id": 527242919, "name": "D.A.V Public School - Nerul", "category": "schools" }, "geometry": { "type": "Polygon", "coordinates": [ [ [ 73.0147917, 19.0128584 ], [ 73.0151279, 19.0125626 ], [ 73.0157805, 19.0119868 ], [ 73.0162735, 19.0124862 ], [ 73.0156235, 19.0130597 ], [ 73.0152665, 19.0133747 ], [ 73.0148411, 19.0129437 ], [ 73.0147923, 19.0128887 ], [ 73.0147877, 19.0128739 ], [ 73.0147917, 19.0128584 ] ] ] } },
{ "type": "Feature", "properties": { "element": "way", "id": 528846345, "name": "Bhairav Vidyalay", "category": "schools" }, "geometry": { "type": "Polygon", "coordinates": [ [ [ 72.9158396, 19.0717205 ], [ 72.9156983, 19.0712537 ], [ 72.9158466, 19.0712141 ], [ 72.9159828, 19.0716809 ], [ 72.9158396, 19.0717205 ] ] ] } },
{ "type": "Feature", "properties": { "element": "way", "id": 545621122, "name": "Arya Vidya Mandir", "category": "schools" }, "geometry": { "type": "Polygon", "coordinates": [ [ [ 72.8283468, 19.0576129 ], [ 72.828658, 19.0576201 ], [ 72.8286675, 19.057382 ], [ 72.8285589, 19.0573781 ], [ 72.828555, 19.057378 ], [ 72.8285149, 19.0573766 ], [ 72.8284207, 19.0573732 ], [ 72.8283564, 19.0573709 ], [ 72.8283468, 19.0576129 ] ] ] } },
{ "type": "Feature", "properties": { "element": "way", "id": 555686686, "name": "SIES College of Arts & Science", "category": "schools" }, "geometry": { "type": "Polygon", "coordinates": [ [ [ 72.8611653, 19.0416017 ], [ 72.8617074, 19.0412567 ], [ 72.8613791, 19.0407959 ], [ 72.860837, 19.0411409 ], [ 72.8611653, 19.0416017 ] ] ] } },
{ "type": "Feature", "properties": { "element": "way", "id": 557971284, "name": "Euroschool Thane", "category": "schools" }, "geometry": { "type": "Polygon", "coordinates": [ [ [ 72.9560158, 19.2595954 ], [ 72.9556812, 19.2589564 ], [ 72.9554872, 19.258586 ], [ 72.9554466, 19.2585936 ], [ 72.9550963, 19.258965 ], [ 72.9551376, 19.2590235 ], [ 72.9551295, 19.2591175 ], [ 72.9551457, 19.2592096 ], [ 72.9551376, 19.2592231 ], [ 72.9551437, 19.2595646 ], [ 72.9550827, 19.2597527 ], [ 72.9552006, 19.2599791 ], [ 72.9554405, 19.2598755 ], [ 72.9556587, 19.2597693 ], [ 72.9559883, 19.2596088 ], [ 72.9560158, 19.2595954 ] ] ] } },
{ "type": "Feature", "properties": { "element": "way", "id": 558473752, "name": "Orchid's International School", "category": "schools" }, "geometry": { "type": "Polygon", "coordinates": [ [ [ 73.0135484, 19.0216078 ], [ 73.0141221, 19.0219271 ], [ 73.0144108, 19.0216709 ], [ 73.0139567, 19.0211973 ], [ 73.0135484, 19.0216078 ] ] ] } },
{ "type": "Feature", "properties": { "element": "way", "id": 558697450, "name": "Don Bosco School - Nerul", "category": "schools" }, "geometry": { "type": "Polygon", "coordinates": [ [ [ 73.0151196, 19.0181869 ], [ 73.0141326, 19.0171776 ], [ 73.0150417, 19.016361 ], [ 73.01604, 19.0173562 ], [ 73.0151196, 19.0181869 ] ] ] } },
{ "type": "Feature", "properties": { "element": "way", "id": 558697451, "name": "S.S High School & RV Patel Degree College", "category": "schools" }, "geometry": { "type": "Polygon", "coordinates": [ [ [ 73.0134831, 19.0149606 ], [ 73.0137683, 19.0152513 ], [ 73.0141731, 19.014898 ], [ 73.0146237, 19.0153614 ], [ 73.0149596, 19.0150609 ], [ 73.014219, 19.0143164 ], [ 73.0134831, 19.0149606 ] ] ] } },
{ "type": "Feature", "properties": { "element": "way", "id": 558704153, "name": "Delhi Public School - Nerul", "category": "schools" }, "geometry": { "type": "Polygon", "coordinates": [ [ [ 73.0175727, 19.0070225 ], [ 73.0176183, 19.0061958 ], [ 73.0176425, 19.0060588 ], [ 73.0176957, 19.0059162 ], [ 73.0178876, 19.0054014 ], [ 73.0179536, 19.0052245 ], [ 73.018077, 19.0050343 ], [ 73.0191043, 19.0051459 ], [ 73.0188547, 19.0072453 ], [ 73.0183566, 19.0071587 ], [ 73.0175727, 19.0070225 ] ] ] } },
{ "type": "Feature", "properties": { "element": "way", "id": 558707643, "name": "Podar International School", "category": "schools" }, "geometry": { "type": "Polygon", "coordinates": [ [ [ 73.0097454, 19.0135308 ], [ 73.0103292, 19.0140452 ], [ 73.0107238, 19.0135551 ], [ 73.010105, 19.0129502 ], [ 73.0100256, 19.0129745 ], [ 73.0097454, 19.0135308 ] ] ] } },
{ "type": "Feature", "properties": { "element": "way", "id": 560452308, "name": "T.S. Chanakya Maritime University", "category": "schools" }, "geometry": { "type": "Polygon", "coordinates": [ [ [ 73.0057587, 19.0222265 ], [ 73.0058826, 19.02227 ], [ 73.005964, 19.0223202 ], [ 73.0063144, 19.0222432 ], [ 73.0073195, 19.0226581 ], [ 73.0075212, 19.0212896 ], [ 73.0074894, 19.0207208 ], [ 73.0077548, 19.0174417 ], [ 73.007861, 19.0163509 ], [ 73.0079454, 19.0157603 ], [ 73.0073513, 19.0160364 ], [ 73.0068594, 19.0164613 ], [ 73.0063073, 19.0165082 ], [ 73.0062825, 19.0167993 ], [ 73.0063639, 19.0171807 ], [ 73.006148, 19.0173547 ], [ 73.0060171, 19.0175689 ], [ 73.0060064, 19.0178198 ], [ 73.0058932, 19.0182013 ], [ 73.005826, 19.018914 ], [ 73.005557, 19.0192017 ], [ 73.0056171, 19.0201018 ], [ 73.0055817, 19.0204063 ], [ 73.0055074, 19.0208011 ], [ 73.0054826, 19.0212127 ], [ 73.0059888, 19.0218049 ], [ 73.0057587, 19.0222265 ] ] ] } },
{ "type": "Feature", "properties": { "element": "way", "id": 560471198, "name": "Presentation Convent School", "category": "schools" }, "geometry": { "type": "Polygon", "coordinates": [ [ [ 73.0233528, 19.0196705 ], [ 73.0239985, 19.0190985 ], [ 73.0245659, 19.0197277 ], [ 73.0237348, 19.0203733 ], [ 73.0236551, 19.0200539 ], [ 73.0236087, 19.0199625 ], [ 73.0233528, 19.0196705 ] ] ] } },
{ "type": "Feature", "properties": { "element": "way", "id": 561501152, "name": "Medical University", "category": "schools" }, "geometry": { "type": "Polygon", "coordinates": [ [ [ 73.0225634, 19.0415805 ], [ 73.0233369, 19.040935 ], [ 73.0235666, 19.0411684 ], [ 73.0238815, 19.0414803 ], [ 73.0240347, 19.0416305 ], [ 73.0243458, 19.0419405 ], [ 73.0244912, 19.0419461 ], [ 73.0247885, 19.0419568 ], [ 73.0239439, 19.0428007 ], [ 73.0225634, 19.0415805 ] ] ] } },
{ "type": "Feature", "properties": { "element": "way", "id": 561971715, "name": "Sterling School & College of Arts, Science & Commerce", "category": "schools" }, "geometry": { "type": "Polygon", "coordinates": [ [ [ 73.0233254, 19.0321504 ], [ 73.0240831, 19.0321184 ], [ 73.0239956, 19.0307959 ], [ 73.0237872, 19.0307773 ], [ 73.0236733, 19.0307484 ], [ 73.0233667, 19.0305961 ], [ 73.022977, 19.0313034 ], [ 73.0233797, 19.0315277 ], [ 73.0233254, 19.0321504 ] ] ] } },
{ "type": "Feature", "properties": { "element": "way", "id": 562407508, "name": "Amity Internaltional School", "category": "schools" }, "geometry": { "type": "Polygon", "coordinates": [ [ [ 73.0361002, 19.0097524 ], [ 73.0368031, 19.009976 ], [ 73.0371111, 19.0091109 ], [ 73.0364081, 19.0088873 ], [ 73.0361002, 19.0097524 ] ] ] } },
{ "type": "Feature", "properties": { "element": "way", "id": 562707480, "name": "Sterling Institute of Management Studies", "category": "schools" }, "geometry": { "type": "Polygon", "coordinates": [ [ [ 73.02304, 19.0242853 ], [ 73.0231611, 19.024708 ], [ 73.023319, 19.0253464 ], [ 73.0238889, 19.0252221 ], [ 73.0240224, 19.0244409 ], [ 73.0237484, 19.0245088 ], [ 73.0236375, 19.0241309 ], [ 73.02304, 19.0242853 ] ] ] } },
{ "type": "Feature", "properties": { "element": "way", "id": 563427596, "name": "swami vivekanand college park", "category": "schools" }, "geometry": { "type": "Polygon", "coordinates": [ [ [ 72.8898306, 19.0462962 ], [ 72.8896858, 19.0463419 ], [ 72.8895009, 19.0463533 ], [ 72.8891061, 19.0461104 ], [ 72.8892192, 19.0460388 ], [ 72.8893593, 19.0459435 ], [ 72.8892112, 19.0457611 ], [ 72.8890245, 19.0455385 ], [ 72.8890094, 19.045514 ], [ 72.8889814, 19.0453192 ], [ 72.8891886, 19.0449802 ], [ 72.8893023, 19.0449271 ], [ 72.8893452, 19.0449829 ], [ 72.8894444, 19.0452694 ], [ 72.8895442, 19.0457446 ], [ 72.8895705, 19.0458576 ], [ 72.8897421, 19.0459387 ], [ 72.8898306, 19.0462962 ] ] ] } },
{ "type": "Feature", "properties": { "element": "way", "id": 563546836, "name": "Terna Medical College, Nerul", "category": "schools" }, "geometry": { "type": "Polygon", "coordinates": [ [ [ 73.0126914, 19.0391201 ], [ 73.0126633, 19.0384554 ], [ 73.0138326, 19.0384113 ], [ 73.0138374, 19.0385621 ], [ 73.0144244, 19.0385434 ], [ 73.0144793, 19.0394821 ], [ 73.0137516, 19.039512 ], [ 73.0137313, 19.0390808 ], [ 73.0126914, 19.0391201 ] ] ] } },
{ "type": "Feature", "properties": { "element": "way", "id": 563546838, "name": "Terna High School, nerul", "category": "schools" }, "geometry": { "type": "Polygon", "coordinates": [ [ [ 73.0138326, 19.0384113 ], [ 73.0138194, 19.0379931 ], [ 73.0144247, 19.037978 ], [ 73.0144244, 19.0385434 ], [ 73.0138374, 19.0385621 ], [ 73.0138326, 19.0384113 ] ] ] } },
{ "type": "Feature", "properties": { "element": "way", "id": 563561686, "name": "S.I.E.S College", "category": "schools" }, "geometry": { "type": "Polygon", "coordinates": [ [ [ 73.0225634, 19.0415805 ], [ 73.0225258, 19.0416145 ], [ 73.0224536, 19.041672 ], [ 73.0224391, 19.0416921 ], [ 73.0224319, 19.0417145 ], [ 73.0224794, 19.042402 ], [ 73.0224821, 19.0424412 ], [ 73.0224937, 19.0426097 ], [ 73.0225158, 19.0429313 ], [ 73.0225242, 19.0429828 ], [ 73.022532, 19.0430304 ], [ 73.0225555, 19.0431243 ], [ 73.0225846, 19.043195 ], [ 73.0226143, 19.043246 ], [ 73.0226519, 19.0432903 ], [ 73.0226893, 19.0433405 ], [ 73.0227214, 19.0433974 ], [ 73.0227384, 19.0434578 ], [ 73.0227389, 19.0435064 ], [ 73.0227295, 19.0435608 ], [ 73.0227303, 19.0436177 ], [ 73.0227383, 19.0436455 ], [ 73.0227532, 19.0436681 ], [ 73.0229133, 19.0438218 ], [ 73.0229948, 19.0438943 ], [ 73.0230148, 19.0439121 ], [ 73.0233852, 19.0435367 ], [ 73.0238147, 19.0438996 ], [ 73.0244553, 19.0432528 ], [ 73.0239439, 19.0428007 ], [ 73.0225634, 19.0415805 ] ] ] } },
{ "type": "Feature", "properties": { "element": "way", "id": 563563486, "name": "College of Engineering", "category": "schools" }, "geometry": { "type": "Polygon", "coordinates": [ [ [ 73.0246816, 19.0438869 ], [ 73.0247388, 19.045233 ], [ 73.024784, 19.0452303 ], [ 73.0253813, 19.0451941 ], [ 73.0256621, 19.0448762 ], [ 73.025727, 19.0447572 ], [ 73.0258284, 19.0446996 ], [ 73.0262353, 19.0443549 ], [ 73.0263392, 19.044273 ], [ 73.0255856, 19.0438548 ], [ 73.0246816, 19.0438869 ] ] ] } },
{ "type": "Feature", "properties": { "element": "way", "id": 563568595, "name": "Apeejay School - Nerul", "category": "schools" }, "geometry": { "type": "Polygon", "coordinates": [ [ [ 73.0201323, 19.0350091 ], [ 73.0212871, 19.0349418 ], [ 73.0213328, 19.0356434 ], [ 73.020178, 19.0357106 ], [ 73.0201323, 19.0350091 ] ] ] } },
{ "type": "Feature", "properties": { "element": "way", "id": 563580227, "name": "St. Xavier's High School & Jr. College", "category": "schools" }, "geometry": { "type": "Polygon", "coordinates": [ [ [ 73.0200253, 19.0423395 ], [ 73.0205651, 19.0428867 ], [ 73.0209139, 19.0425792 ], [ 73.0212286, 19.0423019 ], [ 73.0206888, 19.0417547 ], [ 73.0203639, 19.0420411 ], [ 73.0200253, 19.0423395 ] ] ] } },
{ "type": "Feature", "properties": { "element": "way", "id": 563580231, "name": "M.G.M College", "category": "schools" }, "geometry": { "type": "Polygon", "coordinates": [ [ [ 73.0164471, 19.0416802 ], [ 73.0157685, 19.0423699 ], [ 73.0157351, 19.0424207 ], [ 73.0157193, 19.0424749 ], [ 73.0157202, 19.0425414 ], [ 73.0157423, 19.0425978 ], [ 73.0161299, 19.0429358 ], [ 73.0169298, 19.0421588 ], [ 73.0169655, 19.0421241 ], [ 73.0164471, 19.0416802 ] ] ] } },
{ "type": "Feature", "properties": { "element": "way", "id": 563580234, "name": "St. Augustines High School", "category": "schools" }, "geometry": { "type": "Polygon", "coordinates": [ [ [ 73.0204507, 19.0391217 ], [ 73.0203894, 19.0377382 ], [ 73.020762, 19.0377174 ], [ 73.0208248, 19.0377276 ], [ 73.0208916, 19.0377608 ], [ 73.0210266, 19.0378654 ], [ 73.0214975, 19.0383435 ], [ 73.0204507, 19.0391217 ] ] ] } },
{ "type": "Feature", "properties": { "element": "way", "id": 563838048, "name": "Rajiv Gandhi College", "category": "schools" }, "geometry": { "type": "Polygon", "coordinates": [ [ [ 72.9939701, 19.0789649 ], [ 72.9950311, 19.0788722 ], [ 72.994957, 19.0781147 ], [ 72.993896, 19.0782074 ], [ 72.9939449, 19.0787076 ], [ 72.9939701, 19.0789649 ] ] ] } },
{ "type": "Feature", "properties": { "element": "way", "id": 566076853, "name": "Modern School", "category": "schools" }, "geometry": { "type": "Polygon", "coordinates": [ [ [ 72.985018, 19.0730475 ], [ 72.9860286, 19.0729544 ], [ 72.9860502, 19.0731727 ], [ 72.986446, 19.0731356 ], [ 72.9863737, 19.0723953 ], [ 72.9862802, 19.0724034 ], [ 72.9849687, 19.0725176 ], [ 72.985018, 19.0730475 ] ] ] } },
{ "type": "Feature", "properties": { "element": "way", "id": 566083263, "name": "Goldcrest High School", "category": "schools" }, "geometry": { "type": "Polygon", "coordinates": [ [ [ 73.0056969, 19.0876483 ], [ 73.006397, 19.0887381 ], [ 73.0070356, 19.0883717 ], [ 73.0063346, 19.0872812 ], [ 73.0056969, 19.0876483 ] ] ] } },
{ "type": "Feature", "properties": { "element": "way", "id": 566083268, "name": "Anchorwala Education Academy", "category": "schools" }, "geometry": { "type": "Polygon", "coordinates": [ [ [ 73.0051616, 19.0828371 ], [ 73.0046439, 19.0831433 ], [ 73.0056331, 19.0846097 ], [ 73.0061479, 19.0842996 ], [ 73.0051616, 19.0828371 ] ] ] } },
{ "type": "Feature", "properties": { "element": "way", "id": 566085301, "name": "NMMC School", "category": "schools" }, "geometry": { "type": "Polygon", "coordinates": [ [ [ 73.002166, 19.0795823 ], [ 73.0019192, 19.0792325 ], [ 73.0017985, 19.0790272 ], [ 73.002756, 19.0787255 ], [ 73.0028928, 19.0791438 ], [ 73.0025415, 19.0794682 ], [ 73.002166, 19.0795823 ] ] ] } },
{ "type": "Feature", "properties": { "element": "way", "id": 566085302, "name": "Karmveer Bhaurao Patil College", "category": "schools" }, "geometry": { "type": "Polygon", "coordinates": [ [ [ 73.0026273, 19.0781577 ], [ 73.0025495, 19.0775265 ], [ 73.0024771, 19.0765125 ], [ 73.0014552, 19.0765886 ], [ 73.0015303, 19.0775747 ], [ 73.0016, 19.0782768 ], [ 73.0026273, 19.0781577 ] ] ] } },
{ "type": "Feature", "properties": { "element": "way", "id": 566085303, "name": "ICL School", "category": "schools" }, "geometry": { "type": "Polygon", "coordinates": [ [ [ 73.0007431, 19.0781971 ], [ 73.0007918, 19.0786928 ], [ 73.0016497, 19.0786121 ], [ 73.0016822, 19.0788311 ], [ 73.0017985, 19.0790272 ], [ 73.002756, 19.0787255 ], [ 73.0026273, 19.0781577 ], [ 73.0016, 19.0782768 ], [ 73.0015027, 19.078285 ], [ 73.001487, 19.0781357 ], [ 73.0007431, 19.0781971 ] ] ] } },
{ "type": "Feature", "properties": { "element": "way", "id": 566095593, "name": "Sacred Heart High School & Jr. College", "category": "schools" }, "geometry": { "type": "Polygon", "coordinates": [ [ [ 72.9908404, 19.0725246 ], [ 72.9908974, 19.0732162 ], [ 72.9917105, 19.0731509 ], [ 72.9916535, 19.0724593 ], [ 72.9908404, 19.0725246 ] ] ] } },
{ "type": "Feature", "properties": { "element": "way", "id": 566099456, "name": "Fr. Agnel's Multipurpose School & Jr. College", "category": "schools" }, "geometry": { "type": "Polygon", "coordinates": [ [ [ 72.9933558, 19.0770847 ], [ 72.9933084, 19.076556 ], [ 72.9933018, 19.0764826 ], [ 72.993904, 19.0764344 ], [ 72.993958, 19.0770365 ], [ 72.9933558, 19.0770847 ] ] ] } },
{ "type": "Feature", "properties": { "element": "way", "id": 566099457, "name": "Motilal Jhunjhunwala Colllege", "category": "schools" }, "geometry": { "type": "Polygon", "coordinates": [ [ [ 72.9917075, 19.0772266 ], [ 72.9924625, 19.077157 ], [ 72.9923899, 19.0761853 ], [ 72.9916223, 19.0762448 ], [ 72.9917075, 19.0772266 ] ] ] } },
{ "type": "Feature", "properties": { "element": "way", "id": 566099461, "name": "Anjuman E-Islam English School", "category": "schools" }, "geometry": { "type": "Polygon", "coordinates": [ [ [ 72.993896, 19.0782074 ], [ 72.9938424, 19.0777445 ], [ 72.9938337, 19.0776646 ], [ 72.9948947, 19.0775647 ], [ 72.994957, 19.0781147 ], [ 72.993896, 19.0782074 ] ] ] } },
{ "type": "Feature", "properties": { "element": "way", "id": 569828892, "name": "Ryan International School - Nerul", "category": "schools" }, "geometry": { "type": "Polygon", "coordinates": [ [ [ 73.0274742, 19.0298864 ], [ 73.02816, 19.0308703 ], [ 73.028565, 19.0309623 ], [ 73.0286473, 19.0306871 ], [ 73.0286729, 19.0303986 ], [ 73.0286661, 19.0302986 ], [ 73.0283205, 19.0303097 ], [ 73.0283049, 19.0298778 ], [ 73.0274742, 19.0298864 ] ] ] } },
{ "type": "Feature", "properties": { "element": "way", "id": 572043480, "name": "Bharati Vidyapeeth", "category": "schools" }, "geometry": { "type": "Polygon", "coordinates": [ [ [ 73.041719, 19.0296107 ], [ 73.0431244, 19.0284167 ], [ 73.0439831, 19.0293199 ], [ 73.0433523, 19.0298538 ], [ 73.0419624, 19.0298667 ], [ 73.041719, 19.0296107 ] ] ] } },
{ "type": "Feature", "properties": { "element": "way", "id": 572638500, "name": "Dnyandip Seva Mandal High School", "category": "schools" }, "geometry": { "type": "Polygon", "coordinates": [ [ [ 73.0096622, 19.0206931 ], [ 73.0096006, 19.0204521 ], [ 73.0095899, 19.0202915 ], [ 73.0096041, 19.0202329 ], [ 73.0096236, 19.0201928 ], [ 73.0096961, 19.0200639 ], [ 73.0098394, 19.0200338 ], [ 73.0102797, 19.0201001 ], [ 73.0101839, 19.0207284 ], [ 73.0096622, 19.0206931 ] ] ] } },
{ "type": "Feature", "properties": { "element": "way", "id": 572818160, "name": "Vidyabhavan High School", "category": "schools" }, "geometry": { "type": "Polygon", "coordinates": [ [ [ 73.0094078, 19.0342158 ], [ 73.0099586, 19.0341836 ], [ 73.0098938, 19.0331926 ], [ 73.0097753, 19.0331995 ], [ 73.0093428, 19.0332248 ], [ 73.0094078, 19.0342158 ] ] ] } },
{ "type": "Feature", "properties": { "element": "way", "id": 572818162, "name": "Delhi Public World School and NR Bhagat school", "category": "schools" }, "geometry": { "type": "Polygon", "coordinates": [ [ [ 73.0130769, 19.0378339 ], [ 73.0130414, 19.0371728 ], [ 73.0136176, 19.0371452 ], [ 73.0136531, 19.0378062 ], [ 73.0130769, 19.0378339 ] ] ] } },
{ "type": "Feature", "properties": { "element": "way", "id": 572820086, "name": "NMMC School - Sarsole", "category": "schools" }, "geometry": { "type": "Polygon", "coordinates": [ [ [ 73.0138818, 19.0433182 ], [ 73.0146375, 19.0433043 ], [ 73.0145682, 19.0427141 ], [ 73.0138216, 19.0427461 ], [ 73.0138818, 19.0433182 ] ] ] } },
{ "type": "Feature", "properties": { "element": "way", "id": 572820087, "name": "Shiravne School & Jr. College", "category": "schools" }, "geometry": { "type": "Polygon", "coordinates": [ [ [ 73.0148321, 19.044901 ], [ 73.0148423, 19.0455777 ], [ 73.0152387, 19.0454728 ], [ 73.0160315, 19.0448238 ], [ 73.0155202, 19.0442869 ], [ 73.0148321, 19.044901 ] ] ] } },
{ "type": "Feature", "properties": { "element": "way", "id": 573399711, "name": "Navi Mumbai Jr. College", "category": "schools" }, "geometry": { "type": "Polygon", "coordinates": [ [ [ 73.0131429, 19.0885153 ], [ 73.0138901, 19.0880701 ], [ 73.0142195, 19.0881201 ], [ 73.0145122, 19.0879471 ], [ 73.0141381, 19.0873631 ], [ 73.012886, 19.0881008 ], [ 73.0131429, 19.0885153 ] ] ] } },
{ "type": "Feature", "properties": { "element": "way", "id": 573403994, "name": "I.E.S High School - Navi Mumbai", "category": "schools" }, "geometry": { "type": "Polygon", "coordinates": [ [ [ 72.9950159, 19.0707881 ], [ 72.9950859, 19.0717677 ], [ 72.9958428, 19.0717194 ], [ 72.9958252, 19.0714722 ], [ 72.9959272, 19.0714656 ], [ 72.9958748, 19.0707333 ], [ 72.9950159, 19.0707881 ] ] ] } },
{ "type": "Feature", "properties": { "element": "way", "id": 573411518, "name": "Anjuman-I-Islam High School", "category": "schools" }, "geometry": { "type": "Polygon", "coordinates": [ [ [ 73.0130796, 19.0729981 ], [ 73.013023, 19.0723697 ], [ 73.0135864, 19.0723243 ], [ 73.013643, 19.0729527 ], [ 73.0130796, 19.0729981 ] ] ] } },
{ "type": "Feature", "properties": { "element": "way", "id": 573411521, "name": "ICL Monami High School", "category": "schools" }, "geometry": { "type": "Polygon", "coordinates": [ [ [ 73.0123703, 19.072427 ], [ 73.0124336, 19.0730717 ], [ 73.0118888, 19.0731195 ], [ 73.0118254, 19.0724748 ], [ 73.0123703, 19.072427 ] ] ] } },
{ "type": "Feature", "properties": { "element": "way", "id": 573585813, "name": null, "category": "schools" }, "geometry": { "type": "Polygon", "coordinates": [ [ [ 73.0049092, 19.0663487 ], [ 73.0055359, 19.0663174 ], [ 73.0057563, 19.0663064 ], [ 73.0057223, 19.065698 ], [ 73.0048606, 19.065479 ], [ 73.0049092, 19.0663487 ] ] ] } },
{ "type": "Feature", "properties": { "element": "way", "id": 573585815, "name": "Sanpada College", "category": "schools" }, "geometry": { "type": "Polygon", "coordinates": [ [ [ 73.0069043, 19.0643608 ], [ 73.0075604, 19.0644023 ], [ 73.0076437, 19.0646289 ], [ 73.0079646, 19.064701 ], [ 73.0079972, 19.0639995 ], [ 73.0075536, 19.063991 ], [ 73.0075657, 19.0633582 ], [ 73.0072081, 19.0633564 ], [ 73.0072059, 19.0634414 ], [ 73.0069325, 19.0639605 ], [ 73.0069043, 19.0643608 ] ] ] } },
{ "type": "Feature", "properties": { "element": "way", "id": 573947502, "name": "Oriental College of Management Studies", "category": "schools" }, "geometry": { "type": "Polygon", "coordinates": [ [ [ 73.0038007, 19.0919676 ], [ 73.004321, 19.0923857 ], [ 73.0053721, 19.0923087 ], [ 73.0053403, 19.0918438 ], [ 73.0038007, 19.0919676 ] ] ] } },
{ "type": "Feature", "properties": { "element": "way", "id": 575018131, "name": "Amrita Vidyalayam School & Jr. College", "category": "schools" }, "geometry": { "type": "Polygon", "coordinates": [ [ [ 73.0163788, 19.0493208 ], [ 73.0165035, 19.0485633 ], [ 73.0165942, 19.0485744 ], [ 73.0166745, 19.0480863 ], [ 73.0173158, 19.0481803 ], [ 73.017236, 19.0486731 ], [ 73.0169223, 19.0486277 ], [ 73.0167994, 19.049386 ], [ 73.0163788, 19.0493208 ] ] ] } },
{ "type": "Feature", "properties": { "element": "way", "id": 575018140, "name": "NMMC School", "category": "schools" }, "geometry": { "type": "Polygon", "coordinates": [ [ [ 73.0162045, 19.0517218 ], [ 73.0162965, 19.0510561 ], [ 73.016838, 19.0510929 ], [ 73.0167353, 19.0517754 ], [ 73.0162045, 19.0517218 ] ] ] } },
{ "type": "Feature", "properties": { "element": "way", "id": 575831941, "name": "D.Y. Patil School & Jr. College", "category": "schools" }, "geometry": { "type": "Polygon", "coordinates": [ [ [ 73.0449946, 19.0265223 ], [ 73.0452735, 19.0262801 ], [ 73.044442, 19.0254243 ], [ 73.0441631, 19.0256665 ], [ 73.0449946, 19.0265223 ] ] ] } },
{ "type": "Feature", "properties": { "element": "way", "id": 575831945, "name": "Bharati Vidyapeeth Prashala School & Jr. College", "category": "schools" }, "geometry": { "type": "Polygon", "coordinates": [ [ [ 73.0418437, 19.0282522 ], [ 73.0421661, 19.0279717 ], [ 73.0424207, 19.0282334 ], [ 73.0427141, 19.0285348 ], [ 73.0423917, 19.0288152 ], [ 73.0418437, 19.0282522 ] ] ] } },
{ "type": "Feature", "properties": { "element": "way", "id": 575838155, "name": "People's Education Society High School", "category": "schools" }, "geometry": { "type": "Polygon", "coordinates": [ [ [ 73.0360533, 19.0287239 ], [ 73.0364445, 19.0291338 ], [ 73.0367742, 19.0288526 ], [ 73.036383, 19.0284427 ], [ 73.0360533, 19.0287239 ] ] ] } },
{ "type": "Feature", "properties": { "element": "way", "id": 576152959, "name": "Our Lady Of Health High School", "category": "schools" }, "geometry": { "type": "Polygon", "coordinates": [ [ [ 72.8656523, 19.0989296 ], [ 72.866036, 19.0988858 ], [ 72.8663546, 19.0989112 ], [ 72.8665911, 19.0989767 ], [ 72.8668414, 19.0991224 ], [ 72.8669031, 19.0993915 ], [ 72.8665638, 19.0996006 ], [ 72.8659772, 19.0996433 ], [ 72.8659065, 19.0994343 ], [ 72.8657674, 19.0994257 ], [ 72.8656523, 19.0989296 ] ] ] } },
{ "type": "Feature", "properties": { "element": "way", "id": 578325204, "name": "Marathi School", "category": "schools" }, "geometry": { "type": "Polygon", "coordinates": [ [ [ 73.0110486, 19.0355935 ], [ 73.0110799, 19.0361625 ], [ 73.0113784, 19.0361479 ], [ 73.0113472, 19.0355789 ], [ 73.0110486, 19.0355935 ] ] ] } },
{ "type": "Feature", "properties": { "element": "way", "id": 578325208, "name": "Saraswati College of Management", "category": "schools" }, "geometry": { "type": "Polygon", "coordinates": [ [ [ 73.0208524, 19.0393705 ], [ 73.0211186, 19.039653 ], [ 73.0214546, 19.0393586 ], [ 73.0212134, 19.0390971 ], [ 73.0208524, 19.0393705 ] ] ] } },
{ "type": "Feature", "properties": { "element": "way", "id": 578746045, "name": "Dr. SV Samant High School & Jr. College", "category": "schools" }, "geometry": { "type": "Polygon", "coordinates": [ [ [ 73.0138375, 19.0682113 ], [ 73.0138856, 19.0687826 ], [ 73.014592, 19.0687282 ], [ 73.0145416, 19.0681564 ], [ 73.0138375, 19.0682113 ] ] ] } },
{ "type": "Feature", "properties": { "element": "way", "id": 578746046, "name": "NMMC School", "category": "schools" }, "geometry": { "type": "Polygon", "coordinates": [ [ [ 73.0138856, 19.0687826 ], [ 73.0132798, 19.0688328 ], [ 73.0132269, 19.0682618 ], [ 73.0138375, 19.0682113 ], [ 73.0138856, 19.0687826 ] ] ] } },
{ "type": "Feature", "properties": { "element": "way", "id": 578746055, "name": "Swami Vivekanand Sankul School", "category": "schools" }, "geometry": { "type": "Polygon", "coordinates": [ [ [ 73.0118991, 19.0641465 ], [ 73.0119052, 19.0635699 ], [ 73.0126354, 19.0635758 ], [ 73.0126389, 19.0631199 ], [ 73.013304, 19.0631273 ], [ 73.0132886, 19.0636952 ], [ 73.0126724, 19.0638058 ], [ 73.012657, 19.0641582 ], [ 73.0118991, 19.0641465 ] ] ] } },
{ "type": "Feature", "properties": { "element": "way", "id": 578746074, "name": "Ryan International School - Sanpada", "category": "schools" }, "geometry": { "type": "Polygon", "coordinates": [ [ [ 73.0147855, 19.0590552 ], [ 73.0147962, 19.0583698 ], [ 73.0148058, 19.0577564 ], [ 73.0155092, 19.0577756 ], [ 73.015497, 19.0582367 ], [ 73.0152734, 19.0582367 ], [ 73.015253, 19.0590552 ], [ 73.0147855, 19.0590552 ] ] ] } },
{ "type": "Feature", "properties": { "element": "way", "id": 578746076, "name": "Western College of Commerce & Business Management", "category": "schools" }, "geometry": { "type": "Polygon", "coordinates": [ [ [ 73.0134267, 19.0593189 ], [ 73.0139087, 19.0593295 ], [ 73.0138907, 19.060058 ], [ 73.0131879, 19.0600426 ], [ 73.0131956, 19.0597289 ], [ 73.0134267, 19.0593189 ] ] ] } },
{ "type": "Feature", "properties": { "element": "way", "id": 578783774, "name": "NMMC School", "category": "schools" }, "geometry": { "type": "Polygon", "coordinates": [ [ [ 73.0149034, 19.0652663 ], [ 73.0149211, 19.0649531 ], [ 73.0154254, 19.0649861 ], [ 73.0157875, 19.0649633 ], [ 73.0158197, 19.0650013 ], [ 73.0159082, 19.0653511 ], [ 73.0157756, 19.0654782 ], [ 73.0151441, 19.0655038 ], [ 73.0149034, 19.0652663 ] ] ] } },
{ "type": "Feature", "properties": { "element": "way", "id": 578790409, "name": "Jaipuriar School", "category": "schools" }, "geometry": { "type": "Polygon", "coordinates": [ [ [ 73.0048448, 19.0564896 ], [ 73.0052324, 19.0568966 ], [ 73.0057954, 19.0564176 ], [ 73.0054077, 19.0560106 ], [ 73.0048448, 19.0564896 ] ] ] } },
{ "type": "Feature", "properties": { "element": "way", "id": 578793270, "name": "Sadhu Vaswani International School", "category": "schools" }, "geometry": { "type": "Polygon", "coordinates": [ [ [ 73.0048322, 19.0615245 ], [ 73.0051315, 19.061946 ], [ 73.0056219, 19.0616299 ], [ 73.0053333, 19.06123 ], [ 73.0048322, 19.0615245 ] ] ] } },
{ "type": "Feature", "properties": { "element": "way", "id": 596071800, "name": "SBOA Public School", "category": "schools" }, "geometry": { "type": "Polygon", "coordinates": [ [ [ 73.0249603, 19.0395185 ], [ 73.0254775, 19.0400289 ], [ 73.0258075, 19.0397576 ], [ 73.0258893, 19.0396903 ], [ 73.025381, 19.039157 ], [ 73.0249603, 19.0395185 ] ] ] } },
{ "type": "Feature", "properties": { "element": "way", "id": 606354825, "name": "North Point School", "category": "schools" }, "geometry": { "type": "Polygon", "coordinates": [ [ [ 73.0045941, 19.1047948 ], [ 73.005898, 19.1051528 ], [ 73.0061078, 19.1044706 ], [ 73.004804, 19.1041124 ], [ 73.0045941, 19.1047948 ] ] ] } },
{ "type": "Feature", "properties": { "element": "way", "id": 606354838, "name": "Yashwantrao Chavan College of Arts, Science & Commerce", "category": "schools" }, "geometry": { "type": "Polygon", "coordinates": [ [ [ 73.00345, 19.0997215 ], [ 73.003653, 19.0990753 ], [ 73.0023395, 19.0987067 ], [ 73.0021364, 19.0993529 ], [ 73.00345, 19.0997215 ] ] ] } },
{ "type": "Feature", "properties": { "element": "way", "id": 606556900, "name": "Lokmanya Tilak College of Engineering", "category": "schools" }, "geometry": { "type": "Polygon", "coordinates": [ [ [ 73.0066996, 19.1061623 ], [ 73.0075031, 19.1063862 ], [ 73.0076944, 19.1057736 ], [ 73.0068908, 19.1055496 ], [ 73.0066996, 19.1061623 ] ] ] } },
{ "type": "Feature", "properties": { "element": "way", "id": 606556901, "name": "Terna Orchids International Schoool", "category": "schools" }, "geometry": { "type": "Polygon", "coordinates": [ [ [ 73.0049587, 19.1103918 ], [ 73.0051616, 19.10973 ], [ 73.0064799, 19.1100909 ], [ 73.0062769, 19.1107528 ], [ 73.0049587, 19.1103918 ] ] ] } },
{ "type": "Feature", "properties": { "element": "way", "id": 606556903, "name": "NMMC School", "category": "schools" }, "geometry": { "type": "Polygon", "coordinates": [ [ [ 73.0031048, 19.1098845 ], [ 73.0039142, 19.110107 ], [ 73.0041204, 19.1094373 ], [ 73.0033109, 19.1092148 ], [ 73.0031048, 19.1098845 ] ] ] } },
{ "type": "Feature", "properties": { "element": "way", "id": 606563077, "name": "Reliance Foundation School KK", "category": "schools" }, "geometry": { "type": "Polygon", "coordinates": [ [ [ 73.0016669, 19.0976942 ], [ 73.0020243, 19.0965859 ], [ 73.0027289, 19.0967899 ], [ 73.0023758, 19.0978972 ], [ 73.0016669, 19.0976942 ] ] ] } },
{ "type": "Feature", "properties": { "element": "way", "id": 606563079, "name": null, "category": "schools" }, "geometry": { "type": "Polygon", "coordinates": [ [ [ 73.0016669, 19.0976942 ], [ 73.0014591, 19.0983422 ], [ 73.002168, 19.0985452 ], [ 73.0023758, 19.0978972 ], [ 73.0016669, 19.0976942 ] ] ] } },
{ "type": "Feature", "properties": { "element": "way", "id": 606593708, "name": "R.F Naik School & Junior College", "category": "schools" }, "geometry": { "type": "Polygon", "coordinates": [ [ [ 73.0079124, 19.1009595 ], [ 73.0092353, 19.1013313 ], [ 73.0094479, 19.1006559 ], [ 73.008125, 19.1002841 ], [ 73.0079124, 19.1009595 ] ] ] } },
{ "type": "Feature", "properties": { "element": "way", "id": 606593709, "name": "St. Mary's ICSE School, KK", "category": "schools" }, "geometry": { "type": "Polygon", "coordinates": [ [ [ 73.0067161, 19.0997444 ], [ 73.008025, 19.1001134 ], [ 73.0081948, 19.0995754 ], [ 73.0075003, 19.0993796 ], [ 73.0074798, 19.0994445 ], [ 73.0068655, 19.0992713 ], [ 73.0067161, 19.0997444 ] ] ] } },
{ "type": "Feature", "properties": { "element": "way", "id": 611830525, "name": "Lokmanya Tilak Medical College", "category": "schools" }, "geometry": { "type": "Polygon", "coordinates": [ [ [ 72.8581106, 19.0360806 ], [ 72.8568487, 19.0366031 ], [ 72.8577073, 19.0377758 ], [ 72.8585206, 19.0374484 ], [ 72.8586434, 19.0373889 ], [ 72.8581106, 19.0360806 ] ] ] } },
{ "type": "Feature", "properties": { "element": "way", "id": 611830532, "name": "Guru Nanak High School & College", "category": "schools" }, "geometry": { "type": "Polygon", "coordinates": [ [ [ 72.8643562, 19.0352985 ], [ 72.8653006, 19.0364063 ], [ 72.8660161, 19.0358642 ], [ 72.8651405, 19.0348208 ], [ 72.8643562, 19.0352985 ] ] ] } },
{ "type": "Feature", "properties": { "element": "way", "id": 612662847, "name": "Radcliff School", "category": "schools" }, "geometry": { "type": "Polygon", "coordinates": [ [ [ 73.0273091, 18.9786818 ], [ 73.0277444, 18.9784534 ], [ 73.0277344, 18.9783275 ], [ 73.0271729, 18.9772985 ], [ 73.026677, 18.9775714 ], [ 73.0273091, 18.9786818 ] ] ] } },
{ "type": "Feature", "properties": { "element": "way", "id": 614485007, "name": "NMMC School - Seawoods", "category": "schools" }, "geometry": { "type": "Polygon", "coordinates": [ [ [ 73.0172552, 19.0115616 ], [ 73.0172817, 19.0112256 ], [ 73.0171874, 19.0112189 ], [ 73.0172012, 19.0110434 ], [ 73.017497, 19.0110643 ], [ 73.0174566, 19.0115758 ], [ 73.0174432, 19.0117463 ], [ 73.0172552, 19.0115616 ] ] ] } },
{ "type": "Feature", "properties": { "element": "way", "id": 615442019, "name": null, "category": "schools" }, "geometry": { "type": "Polygon", "coordinates": [ [ [ 73.0118212, 18.964226 ], [ 73.0126139, 18.9642395 ], [ 73.0128802, 18.9635359 ], [ 73.0117358, 18.9636051 ], [ 73.0118212, 18.964226 ] ] ] } },
{ "type": "Feature", "properties": { "element": "way", "id": 622549205, "name": "RM Lab", "category": "schools" }, "geometry": { "type": "Polygon", "coordinates": [ [ [ 72.9186589, 19.1338274 ], [ 72.9186669, 19.1336692 ], [ 72.9191701, 19.1336921 ], [ 72.919162, 19.1338502 ], [ 72.9186589, 19.1338274 ] ] ] } },
{ "type": "Feature", "properties": { "element": "way", "id": 622549206, "name": "Ortho Cad Lab", "category": "schools" }, "geometry": { "type": "Polygon", "coordinates": [ [ [ 72.9191512, 19.1341709 ], [ 72.9191646, 19.1340011 ], [ 72.9186818, 19.1339758 ], [ 72.9186657, 19.1341481 ], [ 72.9191512, 19.1341709 ] ] ] } },
{ "type": "Feature", "properties": { "element": "way", "id": 622819448, "name": "CAD Centre", "category": "schools" }, "geometry": { "type": "Polygon", "coordinates": [ [ [ 72.9184122, 19.1322146 ], [ 72.9184189, 19.1320816 ], [ 72.9187733, 19.1320975 ], [ 72.9187656, 19.1322503 ], [ 72.9184112, 19.1322344 ], [ 72.9184122, 19.1322146 ] ] ] } },
{ "type": "Feature", "properties": { "element": "way", "id": 622819455, "name": "Geophysical and Multi-phase Flow Lab", "category": "schools" }, "geometry": { "type": "Polygon", "coordinates": [ [ [ 72.9174067, 19.1350982 ], [ 72.9173955, 19.134998 ], [ 72.9175952, 19.1349781 ], [ 72.9176064, 19.1350783 ], [ 72.9174067, 19.1350982 ] ] ] } },
{ "type": "Feature", "properties": { "element": "way", "id": 622819458, "name": "Thermodynamics lab", "category": "schools" }, "geometry": { "type": "Polygon", "coordinates": [ [ [ 72.9175025, 19.1349232 ], [ 72.9176739, 19.1349263 ], [ 72.9176794, 19.1346479 ], [ 72.9175081, 19.1346448 ], [ 72.9175025, 19.1349232 ] ] ] } },
{ "type": "Feature", "properties": { "element": "way", "id": 622819460, "name": "GeoTechnical Engg. Lab", "category": "schools" }, "geometry": { "type": "Polygon", "coordinates": [ [ [ 72.916524, 19.1351552 ], [ 72.9165346, 19.1349995 ], [ 72.9167881, 19.1350148 ], [ 72.9167775, 19.1351706 ], [ 72.916524, 19.1351552 ] ] ] } },
{ "type": "Feature", "properties": { "element": "way", "id": 622819462, "name": "Hydraulics Lab Workshop", "category": "schools" }, "geometry": { "type": "Polygon", "coordinates": [ [ [ 72.9165181, 19.1348976 ], [ 72.9163606, 19.1348918 ], [ 72.9163681, 19.1347067 ], [ 72.9165277, 19.1347126 ], [ 72.9165181, 19.1348976 ] ] ] } },
{ "type": "Feature", "properties": { "element": "way", "id": 622819463, "name": "SRE Substation Unit", "category": "schools" }, "geometry": { "type": "Polygon", "coordinates": [ [ [ 72.9158723, 19.1346953 ], [ 72.9160668, 19.1347031 ], [ 72.9160746, 19.1345321 ], [ 72.9158801, 19.1345243 ], [ 72.9158723, 19.1346953 ] ] ] } },
{ "type": "Feature", "properties": { "element": "way", "id": 622819464, "name": "Steam Power Lab", "category": "schools" }, "geometry": { "type": "Polygon", "coordinates": [ [ [ 72.9172083, 19.1347653 ], [ 72.9174912, 19.1347769 ], [ 72.9174986, 19.134616 ], [ 72.9172157, 19.1346044 ], [ 72.9172083, 19.1347653 ] ] ] } },
{ "type": "Feature", "properties": { "element": "way", "id": 622819465, "name": "Structural Evaluation & Material Testing Lab", "category": "schools" }, "geometry": { "type": "Polygon", "coordinates": [ [ [ 72.9172003, 19.1350239 ], [ 72.9172083, 19.1347653 ], [ 72.9172157, 19.1346044 ], [ 72.9172161, 19.1345669 ], [ 72.9170588, 19.1345621 ], [ 72.9170431, 19.135019 ], [ 72.9172003, 19.1350239 ] ] ] } },
{ "type": "Feature", "properties": { "element": "way", "id": 622819466, "name": "Metal Forming Lab", "category": "schools" }, "geometry": { "type": "Polygon", "coordinates": [ [ [ 72.916864, 19.1350092 ], [ 72.9168815, 19.1345617 ], [ 72.9170588, 19.1345621 ], [ 72.9170431, 19.135019 ], [ 72.916864, 19.1350092 ] ] ] } },
{ "type": "Feature", "properties": { "element": "way", "id": 622819467, "name": "Hydraulics Lab", "category": "schools" }, "geometry": { "type": "Polygon", "coordinates": [ [ [ 72.9165146, 19.1349666 ], [ 72.9167245, 19.1349763 ], [ 72.9167463, 19.1345553 ], [ 72.9165363, 19.1345456 ], [ 72.9165277, 19.1347126 ], [ 72.9165181, 19.1348976 ], [ 72.9165146, 19.1349666 ] ] ] } },
{ "type": "Feature", "properties": { "element": "way", "id": 622819468, "name": "Energy Systems Lab", "category": "schools" }, "geometry": { "type": "Polygon", "coordinates": [ [ [ 72.9161291, 19.1348163 ], [ 72.9161436, 19.13453 ], [ 72.9163422, 19.1345391 ], [ 72.9163276, 19.1348254 ], [ 72.9161291, 19.1348163 ] ] ] } },
{ "type": "Feature", "properties": { "element": "way", "id": 625809287, "name": "Baradevi Municipal School", "category": "schools" }, "geometry": { "type": "Polygon", "coordinates": [ [ [ 72.848355, 19.000061 ], [ 72.8477105, 19.0003582 ], [ 72.8475255, 19.0000235 ], [ 72.8481477, 18.9997217 ], [ 72.848355, 19.000061 ] ] ] } },
{ "type": "Feature", "properties": { "element": "way", "id": 625929087, "name": "Ismail Yusuf College", "category": "schools" }, "geometry": { "type": "Polygon", "coordinates": [ [ [ 72.8544134, 19.1335881 ], [ 72.8543746, 19.13332 ], [ 72.8542342, 19.1333381 ], [ 72.8542553, 19.1334846 ], [ 72.8538679, 19.1335346 ], [ 72.8538467, 19.1333881 ], [ 72.8537068, 19.1334061 ], [ 72.8537455, 19.1336742 ], [ 72.8538737, 19.1336577 ], [ 72.8538713, 19.1336408 ], [ 72.8542741, 19.1335888 ], [ 72.8542766, 19.1336057 ], [ 72.8544134, 19.1335881 ] ] ] } },
{ "type": "Feature", "properties": { "element": "way", "id": 625950067, "name": "Pace Junior Science College", "category": "schools" }, "geometry": { "type": "Polygon", "coordinates": [ [ [ 72.8455701, 19.1204486 ], [ 72.8454672, 19.1201353 ], [ 72.8450354, 19.120262 ], [ 72.8451383, 19.1205753 ], [ 72.8455701, 19.1204486 ] ] ] } },
{ "type": "Feature", "properties": { "element": "way", "id": 626142589, "name": null, "category": "schools" }, "geometry": { "type": "Polygon", "coordinates": [ [ [ 72.8568667, 19.0758235 ], [ 72.8567594, 19.0753444 ], [ 72.8573978, 19.0752253 ], [ 72.8574943, 19.0757246 ], [ 72.8568667, 19.0758235 ] ] ] } },
{ "type": "Feature", "properties": { "element": "way", "id": 626142590, "name": "Police Training Academy", "category": "schools" }, "geometry": { "type": "Polygon", "coordinates": [ [ [ 72.8565975, 19.0753755 ], [ 72.8554943, 19.0755612 ], [ 72.8549337, 19.0754522 ], [ 72.8543906, 19.0755143 ], [ 72.8544685, 19.0759934 ], [ 72.854054, 19.076096 ], [ 72.8540228, 19.0767906 ], [ 72.8545302, 19.0768592 ], [ 72.8549647, 19.077425 ], [ 72.85533, 19.0776145 ], [ 72.8555775, 19.0779262 ], [ 72.8557928, 19.0778007 ], [ 72.8560016, 19.0778706 ], [ 72.8562246, 19.0776504 ], [ 72.8562998, 19.077663 ], [ 72.8564932, 19.0775678 ], [ 72.8566031, 19.0775462 ], [ 72.8567003, 19.0774687 ], [ 72.8568107, 19.0773733 ], [ 72.856841, 19.0773383 ], [ 72.8568905, 19.0772369 ], [ 72.8568577, 19.0769967 ], [ 72.8568624, 19.0767586 ], [ 72.8568107, 19.0763759 ], [ 72.8565975, 19.0753755 ] ] ] } },
{ "type": "Feature", "properties": { "element": "way", "id": 626185282, "name": "Swami Muktanand High School", "category": "schools" }, "geometry": { "type": "Polygon", "coordinates": [ [ [ 72.9053083, 19.0601405 ], [ 72.9054612, 19.0604067 ], [ 72.9062176, 19.060067 ], [ 72.9060808, 19.059783 ], [ 72.9053083, 19.0601405 ] ] ] } },
{ "type": "Feature", "properties": { "element": "way", "id": 626185303, "name": "Sree Narayan Guru College", "category": "schools" }, "geometry": { "type": "Polygon", "coordinates": [ [ [ 72.9092592, 19.0609619 ], [ 72.9083231, 19.0613269 ], [ 72.9086986, 19.0618618 ], [ 72.9094925, 19.0615728 ], [ 72.9092592, 19.0609619 ] ] ] } },
{ "type": "Feature", "properties": { "element": "way", "id": 626243775, "name": "Kumud Vidyamandir", "category": "schools" }, "geometry": { "type": "Polygon", "coordinates": [ [ [ 72.9214345, 19.051193 ], [ 72.92193, 19.0508894 ], [ 72.9215652, 19.0503063 ], [ 72.9210454, 19.0506193 ], [ 72.9214345, 19.051193 ] ] ] } },
{ "type": "Feature", "properties": { "element": "way", "id": 626243855, "name": "New Model English High Schood", "category": "schools" }, "geometry": { "type": "Polygon", "coordinates": [ [ [ 72.9220748, 19.0528669 ], [ 72.9217529, 19.0530875 ], [ 72.9219514, 19.0533436 ], [ 72.9222867, 19.0531484 ], [ 72.9220748, 19.0528669 ] ] ] } },
{ "type": "Feature", "properties": { "element": "way", "id": 626243856, "name": "Municipalty School", "category": "schools" }, "geometry": { "type": "Polygon", "coordinates": [ [ [ 72.9229546, 19.0516196 ], [ 72.9225718, 19.0518692 ], [ 72.9221571, 19.0521285 ], [ 72.9224423, 19.0524993 ], [ 72.9230061, 19.052172 ], [ 72.9230994, 19.0516424 ], [ 72.9229546, 19.0516196 ] ] ] } },
{ "type": "Feature", "properties": { "element": "way", "id": 626348904, "name": "BMC school", "category": "schools" }, "geometry": { "type": "Polygon", "coordinates": [ [ [ 72.9120621, 19.0584242 ], [ 72.9121104, 19.0580515 ], [ 72.9119199, 19.057978 ], [ 72.911523, 19.0581504 ], [ 72.9115471, 19.0584166 ], [ 72.9120621, 19.0584242 ] ] ] } },
{ "type": "Feature", "properties": { "element": "way", "id": 626348956, "name": "RBK International School", "category": "schools" }, "geometry": { "type": "Polygon", "coordinates": [ [ [ 72.9129258, 19.063355 ], [ 72.9139879, 19.0630508 ], [ 72.9140818, 19.0629317 ], [ 72.9141462, 19.0627846 ], [ 72.9140362, 19.0619785 ], [ 72.9139101, 19.0619582 ], [ 72.9139316, 19.0615424 ], [ 72.9136983, 19.0615221 ], [ 72.9131108, 19.062303 ], [ 72.9132074, 19.0623182 ], [ 72.9129258, 19.063355 ] ] ] } },
{ "type": "Feature", "properties": { "element": "way", "id": 626376015, "name": "Lokamaniya Tilak High School", "category": "schools" }, "geometry": { "type": "Polygon", "coordinates": [ [ [ 72.8958455, 19.0654262 ], [ 72.8946412, 19.0654566 ], [ 72.8948021, 19.0656366 ], [ 72.8956604, 19.0656189 ], [ 72.8958455, 19.0654262 ] ] ] } },
{ "type": "Feature", "properties": { "element": "way", "id": 626376016, "name": "Lokmaniya Tilak Jr School", "category": "schools" }, "geometry": { "type": "Polygon", "coordinates": [ [ [ 72.894845, 19.066425 ], [ 72.8950167, 19.0664453 ], [ 72.895081, 19.0662019 ], [ 72.8948557, 19.0661842 ], [ 72.894845, 19.066425 ] ] ] } },
{ "type": "Feature", "properties": { "element": "way", "id": 626376017, "name": "Tilak Nagar Municipal School", "category": "schools" }, "geometry": { "type": "Polygon", "coordinates": [ [ [ 72.8947911, 19.067244 ], [ 72.8946894, 19.0676697 ], [ 72.8940779, 19.067548 ], [ 72.8940564, 19.0670513 ], [ 72.8947911, 19.067244 ] ] ] } },
{ "type": "Feature", "properties": { "element": "way", "id": 626376045, "name": "R.S.T Madhymik Vidhyalay", "category": "schools" }, "geometry": { "type": "Polygon", "coordinates": [ [ [ 72.9142052, 19.0534729 ], [ 72.9141328, 19.0529937 ], [ 72.9132101, 19.0530748 ], [ 72.9132771, 19.0535312 ], [ 72.9135185, 19.0535185 ], [ 72.913548, 19.0536808 ], [ 72.9142052, 19.0534729 ] ] ] } },
{ "type": "Feature", "properties": { "element": "way", "id": 626407352, "name": "Santhome Public School", "category": "schools" }, "geometry": { "type": "Polygon", "coordinates": [ [ [ 72.8778613, 19.2991673 ], [ 72.8772014, 19.2984737 ], [ 72.8768045, 19.2988889 ], [ 72.8770861, 19.2991192 ], [ 72.877062, 19.2996053 ], [ 72.8772336, 19.2996483 ], [ 72.8778613, 19.2991673 ] ] ] } },
{ "type": "Feature", "properties": { "element": "way", "id": 627547462, "name": null, "category": "schools" }, "geometry": { "type": "Polygon", "coordinates": [ [ [ 72.9770333, 19.2249224 ], [ 72.9769903, 19.2249857 ], [ 72.9769116, 19.225021 ], [ 72.9757809, 19.2249209 ], [ 72.9758429, 19.2242844 ], [ 72.9758198, 19.2242317 ], [ 72.975777, 19.2242109 ], [ 72.9754858, 19.2241781 ], [ 72.9751661, 19.2241422 ], [ 72.9749376, 19.2229438 ], [ 72.975478, 19.2228385 ], [ 72.9759106, 19.2226347 ], [ 72.976191, 19.2226125 ], [ 72.9763841, 19.2226123 ], [ 72.976537, 19.2226396 ], [ 72.9766577, 19.2227012 ], [ 72.9767442, 19.2227839 ], [ 72.9769152, 19.2228734 ], [ 72.977162, 19.2229342 ], [ 72.9772398, 19.2229595 ], [ 72.9772679, 19.2230013 ], [ 72.9772747, 19.2230558 ], [ 72.9772243, 19.2234332 ], [ 72.9771942, 19.2236586 ], [ 72.9767436, 19.223637 ], [ 72.9767241, 19.2239236 ], [ 72.9771553, 19.2240435 ], [ 72.9770333, 19.2249224 ] ] ] } },
{ "type": "Feature", "properties": { "element": "way", "id": 627547475, "name": "Smt. Sunitidevi Singhania School", "category": "schools" }, "geometry": { "type": "Polygon", "coordinates": [ [ [ 72.968507, 19.216601 ], [ 72.9680311, 19.2165607 ], [ 72.9671413, 19.2161972 ], [ 72.9666746, 19.2158072 ], [ 72.9659333, 19.2150934 ], [ 72.9680992, 19.2146246 ], [ 72.9686318, 19.2165471 ], [ 72.968507, 19.216601 ] ] ] } },
{ "type": "Feature", "properties": { "element": "way", "id": 627548206, "name": "Smt. Sulochanadevi Singhania School", "category": "schools" }, "geometry": { "type": "Polygon", "coordinates": [ [ [ 72.9646276, 19.207988 ], [ 72.9658109, 19.2068713 ], [ 72.9659021, 19.2067801 ], [ 72.9665485, 19.2061595 ], [ 72.9666466, 19.2060574 ], [ 72.9670554, 19.2068409 ], [ 72.9673719, 19.2071398 ], [ 72.9669481, 19.2075552 ], [ 72.966578, 19.2077477 ], [ 72.9667228, 19.2081225 ], [ 72.964974, 19.2087507 ], [ 72.9646276, 19.207988 ] ] ] } },
{ "type": "Feature", "properties": { "element": "way", "id": 627751341, "name": "Radhika Bai Meghe Vidyalaya", "category": "schools" }, "geometry": { "type": "Polygon", "coordinates": [ [ [ 72.9944214, 19.1505251 ], [ 72.9939043, 19.1505431 ], [ 72.9938741, 19.1499422 ], [ 72.9944054, 19.1499264 ], [ 72.9944174, 19.1503816 ], [ 72.9944214, 19.1505251 ] ] ] } },
{ "type": "Feature", "properties": { "element": "way", "id": 628774504, "name": "St. John The Evangelist High School", "category": "schools" }, "geometry": { "type": "Polygon", "coordinates": [ [ [ 72.8750089, 19.1119877 ], [ 72.8752477, 19.1120232 ], [ 72.87554, 19.112084 ], [ 72.8757948, 19.1120967 ], [ 72.8758592, 19.1121575 ], [ 72.8758887, 19.1122766 ], [ 72.8759853, 19.1123932 ], [ 72.8760577, 19.112487 ], [ 72.8760845, 19.1125833 ], [ 72.8760557, 19.1127454 ], [ 72.8753415, 19.1129329 ], [ 72.8751833, 19.1125297 ], [ 72.8749714, 19.1124939 ], [ 72.8747407, 19.1121182 ], [ 72.8750089, 19.1119877 ] ] ] } },
{ "type": "Feature", "properties": { "element": "way", "id": 628785868, "name": "Holy Family High School", "category": "schools" }, "geometry": { "type": "Polygon", "coordinates": [ [ [ 72.8610974, 19.1168119 ], [ 72.8618109, 19.1163405 ], [ 72.86246, 19.1168778 ], [ 72.862798, 19.1174455 ], [ 72.8628623, 19.1175874 ], [ 72.8628194, 19.1176837 ], [ 72.8621167, 19.1179118 ], [ 72.8615725, 19.1181069 ], [ 72.8610974, 19.1168119 ] ] ] } },
{ "type": "Feature", "properties": { "element": "way", "id": 628787493, "name": "Indian Institute of Packaging - IIP Mumbai", "category": "schools" }, "geometry": { "type": "Polygon", "coordinates": [ [ [ 72.8654695, 19.1206082 ], [ 72.868647, 19.1203813 ], [ 72.8686895, 19.1208679 ], [ 72.8686618, 19.1212158 ], [ 72.8687903, 19.1213616 ], [ 72.8682126, 19.1216774 ], [ 72.8680662, 19.1218011 ], [ 72.8678873, 19.1218863 ], [ 72.8677124, 19.1219071 ], [ 72.8675822, 19.1218718 ], [ 72.8674194, 19.1215053 ], [ 72.8673524, 19.1211456 ], [ 72.8668664, 19.1213581 ], [ 72.8668061, 19.12128 ], [ 72.8663527, 19.1214958 ], [ 72.8659853, 19.1211225 ], [ 72.8656047, 19.1208332 ], [ 72.8654695, 19.1206082 ] ] ] } },
{ "type": "Feature", "properties": { "element": "way", "id": 628790463, "name": "Canossa High School", "category": "schools" }, "geometry": { "type": "Polygon", "coordinates": [ [ [ 72.8669008, 19.1264331 ], [ 72.8666933, 19.1258595 ], [ 72.8665471, 19.1256221 ], [ 72.8663868, 19.1255043 ], [ 72.8660339, 19.1253793 ], [ 72.8659884, 19.1253673 ], [ 72.8659541, 19.1253579 ], [ 72.8651605, 19.1251827 ], [ 72.8651178, 19.1254665 ], [ 72.8643001, 19.1257056 ], [ 72.8642037, 19.125513 ], [ 72.8641568, 19.125528 ], [ 72.8641259, 19.1255378 ], [ 72.8640972, 19.1255469 ], [ 72.8640386, 19.1255656 ], [ 72.8636168, 19.1256401 ], [ 72.8635474, 19.125688 ], [ 72.8635132, 19.1257412 ], [ 72.8634999, 19.1258025 ], [ 72.8635027, 19.1258638 ], [ 72.8635504, 19.1259626 ], [ 72.8638375, 19.1263474 ], [ 72.8639138, 19.1265624 ], [ 72.8652256, 19.1265311 ], [ 72.86558, 19.1265023 ], [ 72.8669008, 19.1264331 ] ] ] } },
{ "type": "Feature", "properties": { "element": "way", "id": 628861213, "name": null, "category": "schools" }, "geometry": { "type": "Polygon", "coordinates": [ [ [ 72.8888127, 19.1239889 ], [ 72.8887805, 19.123477 ], [ 72.8882387, 19.1235048 ], [ 72.8882629, 19.1240218 ], [ 72.8883567, 19.1240801 ], [ 72.8885043, 19.1241029 ], [ 72.8887376, 19.1240801 ], [ 72.8888127, 19.1239889 ] ] ] } },
{ "type": "Feature", "properties": { "element": "way", "id": 628890938, "name": "Aarey School", "category": "schools" }, "geometry": { "type": "Polygon", "coordinates": [ [ [ 72.879948, 19.1476793 ], [ 72.8803281, 19.1466484 ], [ 72.8793257, 19.1463312 ], [ 72.8787053, 19.1466991 ], [ 72.8787303, 19.1478465 ], [ 72.879948, 19.1476793 ] ] ] } },
{ "type": "Feature", "properties": { "element": "way", "id": 629100994, "name": "Indira Gandhi Institute of Development Research", "category": "schools" }, "geometry": { "type": "Polygon", "coordinates": [ [ [ 72.8784956, 19.1654005 ], [ 72.8786559, 19.1655565 ], [ 72.8793677, 19.1662248 ], [ 72.8800875, 19.1669478 ], [ 72.8802409, 19.1672181 ], [ 72.8802817, 19.1676485 ], [ 72.8793885, 19.1677862 ], [ 72.8794012, 19.1678453 ], [ 72.8790156, 19.1679014 ], [ 72.8788557, 19.1678496 ], [ 72.8784377, 19.1679049 ], [ 72.8779859, 19.1679363 ], [ 72.8779205, 19.1677607 ], [ 72.8770566, 19.1673126 ], [ 72.8770512, 19.1672316 ], [ 72.8777432, 19.1661624 ], [ 72.8779197, 19.1659808 ], [ 72.8782459, 19.1656452 ], [ 72.8784956, 19.1654005 ] ] ] } },
{ "type": "Feature", "properties": { "element": "way", "id": 630236551, "name": "Hiranandani Foundation School", "category": "schools" }, "geometry": { "type": "Polygon", "coordinates": [ [ [ 72.9818847, 19.2572355 ], [ 72.981499, 19.2566572 ], [ 72.9819158, 19.2564095 ], [ 72.9820092, 19.2564931 ], [ 72.9826514, 19.2560383 ], [ 72.9824206, 19.2564694 ], [ 72.9825921, 19.2567821 ], [ 72.982783, 19.2567198 ], [ 72.9827962, 19.2567467 ], [ 72.9829461, 19.2570523 ], [ 72.9828914, 19.2570807 ], [ 72.9825559, 19.2572546 ], [ 72.9823435, 19.2569629 ], [ 72.9818847, 19.2572355 ] ] ] } },
{ "type": "Feature", "properties": { "element": "way", "id": 632102206, "name": "Indian Educational Society School", "category": "schools" }, "geometry": { "type": "Polygon", "coordinates": [ [ [ 72.8873938, 19.1281702 ], [ 72.88638, 19.1277647 ], [ 72.885814, 19.1284566 ], [ 72.8859133, 19.1286111 ], [ 72.8865302, 19.1288012 ], [ 72.8873938, 19.1281702 ] ] ] } },
{ "type": "Feature", "properties": { "element": "way", "id": 632105844, "name": "Dairy Science Institute", "category": "schools" }, "geometry": { "type": "Polygon", "coordinates": [ [ [ 72.871424, 19.1504841 ], [ 72.8713194, 19.1496911 ], [ 72.8706515, 19.149762 ], [ 72.8707802, 19.1505703 ], [ 72.871424, 19.1504841 ] ] ] } },
{ "type": "Feature", "properties": { "element": "way", "id": 632157124, "name": "Saint Pius X High School", "category": "schools" }, "geometry": { "type": "Polygon", "coordinates": [ [ [ 72.9470495, 19.1661388 ], [ 72.9465607, 19.1655062 ], [ 72.9468396, 19.1653111 ], [ 72.9470079, 19.1655037 ], [ 72.9473295, 19.1652788 ], [ 72.948001, 19.1660737 ], [ 72.9476738, 19.1663753 ], [ 72.947309, 19.1659547 ], [ 72.9470495, 19.1661388 ] ] ] } },
{ "type": "Feature", "properties": { "element": "way", "id": 632157131, "name": "St. Mary's Convent", "category": "schools" }, "geometry": { "type": "Polygon", "coordinates": [ [ [ 72.9444203, 19.1668009 ], [ 72.9445061, 19.1667983 ], [ 72.9454359, 19.1661384 ], [ 72.9449836, 19.1655088 ], [ 72.9441823, 19.1657996 ], [ 72.9439316, 19.1658814 ], [ 72.9444203, 19.1668009 ] ] ] } },
{ "type": "Feature", "properties": { "element": "way", "id": 632266773, "name": "Laxmibai School", "category": "schools" }, "geometry": { "type": "Polygon", "coordinates": [ [ [ 72.9643839, 19.167219 ], [ 72.964097, 19.1668009 ], [ 72.9636544, 19.1670491 ], [ 72.9639011, 19.1675079 ], [ 72.9643839, 19.167219 ] ] ] } },
{ "type": "Feature", "properties": { "element": "way", "id": 634122541, "name": "NES National Public School", "category": "schools" }, "geometry": { "type": "Polygon", "coordinates": [ [ [ 72.9406674, 19.1796511 ], [ 72.9400188, 19.1799977 ], [ 72.9399707, 19.1800234 ], [ 72.939764, 19.1795161 ], [ 72.9404908, 19.1792501 ], [ 72.9405311, 19.1793464 ], [ 72.9406674, 19.1796511 ] ] ] } },
{ "type": "Feature", "properties": { "element": "way", "id": 636938964, "name": "Holy Cross Convent High School", "category": "schools" }, "geometry": { "type": "Polygon", "coordinates": [ [ [ 72.97842, 19.2045283 ], [ 72.9788576, 19.2046395 ], [ 72.9789276, 19.2045215 ], [ 72.9800822, 19.2042619 ], [ 72.9801072, 19.2042147 ], [ 72.9804221, 19.2042006 ], [ 72.9802721, 19.2031574 ], [ 72.9799273, 19.2030913 ], [ 72.9797173, 19.2031244 ], [ 72.9794674, 19.2031385 ], [ 72.9790026, 19.2032565 ], [ 72.9789188, 19.2033708 ], [ 72.9788545, 19.2036139 ], [ 72.9787284, 19.2039888 ], [ 72.9785916, 19.2042598 ], [ 72.97842, 19.2045283 ] ] ] } },
{ "type": "Feature", "properties": { "element": "way", "id": 637108173, "name": "NMMC School", "category": "schools" }, "geometry": { "type": "Polygon", "coordinates": [ [ [ 73.0402617, 19.0088847 ], [ 73.0410498, 19.0089089 ], [ 73.0410544, 19.0085437 ], [ 73.0410143, 19.0084783 ], [ 73.0409485, 19.0084261 ], [ 73.0408523, 19.0084033 ], [ 73.0407398, 19.0084071 ], [ 73.0406304, 19.0084432 ], [ 73.0405494, 19.0084928 ], [ 73.0404497, 19.0085866 ], [ 73.0403475, 19.0087301 ], [ 73.0402617, 19.0088847 ] ] ] } },
{ "type": "Feature", "properties": { "element": "way", "id": 638497528, "name": "Dnyanoday highschool & Junior College", "category": "schools" }, "geometry": { "type": "Polygon", "coordinates": [ [ [ 72.9499322, 19.2075324 ], [ 72.9502997, 19.2074665 ], [ 72.9502192, 19.2070942 ], [ 72.9498839, 19.2071575 ], [ 72.9499322, 19.2075324 ] ] ] } },
{ "type": "Feature", "properties": { "element": "way", "id": 638497542, "name": "S.E.S. High School and Junior College", "category": "schools" }, "geometry": { "type": "Polygon", "coordinates": [ [ [ 72.9672995, 19.1947711 ], [ 72.9671815, 19.1942645 ], [ 72.9678708, 19.1941531 ], [ 72.9679593, 19.1945381 ], [ 72.9672995, 19.1947711 ] ] ] } },
{ "type": "Feature", "properties": { "element": "way", "id": 640023963, "name": "Holy Cross quaterangle", "category": "schools" }, "geometry": { "type": "Polygon", "coordinates": [ [ [ 72.8855912, 19.0829094 ], [ 72.88561, 19.0827624 ], [ 72.8855537, 19.0826408 ], [ 72.8852345, 19.0828004 ], [ 72.8852291, 19.0828638 ], [ 72.8855912, 19.0829094 ] ] ] } },
{ "type": "Feature", "properties": { "element": "way", "id": 645621857, "name": "NMMC School", "category": "schools" }, "geometry": { "type": "Polygon", "coordinates": [ [ [ 73.0161427, 19.0348562 ], [ 73.0161773, 19.0353682 ], [ 73.0166277, 19.0353836 ], [ 73.0166533, 19.0349544 ], [ 73.0161427, 19.0348562 ] ] ] } },
{ "type": "Feature", "properties": { "element": "way", "id": 646750392, "name": null, "category": "schools" }, "geometry": { "type": "Polygon", "coordinates": [ [ [ 73.0433653, 19.0325629 ], [ 73.0444055, 19.0325819 ], [ 73.0444169, 19.0320235 ], [ 73.0433767, 19.0320046 ], [ 73.0433653, 19.0325629 ] ] ] } },
{ "type": "Feature", "properties": { "element": "way", "id": 646769601, "name": null, "category": "schools" }, "geometry": { "type": "Polygon", "coordinates": [ [ [ 73.0445647, 19.0303434 ], [ 73.0445942, 19.0297396 ], [ 73.0446961, 19.0296939 ], [ 73.0448087, 19.0296352 ], [ 73.0449497, 19.0295419 ], [ 73.0451282, 19.0293946 ], [ 73.0455199, 19.0298639 ], [ 73.0453255, 19.0300669 ], [ 73.0452205, 19.0301506 ], [ 73.04497, 19.0302857 ], [ 73.0448517, 19.0303343 ], [ 73.0445647, 19.0303434 ] ] ] } },
{ "type": "Feature", "properties": { "element": "way", "id": 665546545, "name": "Mulund College of Commerce - MCC", "category": "schools" }, "geometry": { "type": "Polygon", "coordinates": [ [ [ 72.9581666, 19.1757288 ], [ 72.9578125, 19.1754577 ], [ 72.9580539, 19.1752195 ], [ 72.9579547, 19.1751182 ], [ 72.9581478, 19.1749459 ], [ 72.9585314, 19.175364 ], [ 72.9581666, 19.1757288 ] ] ] } },
{ "type": "Feature", "properties": { "element": "way", "id": 665546548, "name": "Vani Vidyalaya", "category": "schools" }, "geometry": { "type": "Polygon", "coordinates": [ [ [ 72.9540279, 19.1693698 ], [ 72.9543579, 19.1697676 ], [ 72.9539072, 19.1699196 ], [ 72.9536149, 19.1696206 ], [ 72.9537337, 19.1695189 ], [ 72.9537758, 19.1695624 ], [ 72.9540279, 19.1693698 ] ] ] } },
{ "type": "Feature", "properties": { "element": "way", "id": 665546549, "name": "Mulund Vidya Mandir", "category": "schools" }, "geometry": { "type": "Polygon", "coordinates": [ [ [ 72.953475, 19.1692359 ], [ 72.9537329, 19.1690227 ], [ 72.9540279, 19.1693698 ], [ 72.9537758, 19.1695624 ], [ 72.9537337, 19.1695189 ], [ 72.9536681, 19.1694512 ], [ 72.953475, 19.1692359 ] ] ] } },
{ "type": "Feature", "properties": { "element": "way", "id": 665670041, "name": null, "category": "schools" }, "geometry": { "type": "Polygon", "coordinates": [ [ [ 72.945528, 19.1735551 ], [ 72.9458687, 19.1728863 ], [ 72.9459867, 19.1726532 ], [ 72.9458345, 19.1726224 ], [ 72.9457238, 19.1726 ], [ 72.9453, 19.1733955 ], [ 72.9452062, 19.173436 ], [ 72.9452062, 19.1736767 ], [ 72.945528, 19.1735551 ] ] ] } },
{ "type": "Feature", "properties": { "element": "way", "id": 665670047, "name": "Vidyaben D. Gardi High School and Junior College", "category": "schools" }, "geometry": { "type": "Polygon", "coordinates": [ [ [ 72.9464453, 19.1701957 ], [ 72.9466438, 19.1704339 ], [ 72.9462844, 19.170824 ], [ 72.9460886, 19.1711635 ], [ 72.9460055, 19.1714549 ], [ 72.9458177, 19.1714143 ], [ 72.9458623, 19.171278 ], [ 72.9460103, 19.1708262 ], [ 72.9461288, 19.1704643 ], [ 72.9463944, 19.1702375 ], [ 72.9464453, 19.1701957 ] ] ] } },
{ "type": "Feature", "properties": { "element": "way", "id": 665670048, "name": "Sri Sri Ravishankar Vidya Mandir,", "category": "schools" }, "geometry": { "type": "Polygon", "coordinates": [ [ [ 72.9458269, 19.1658548 ], [ 72.9454583, 19.1654353 ], [ 72.9460108, 19.1651262 ], [ 72.9463188, 19.165498 ], [ 72.9458269, 19.1658548 ] ] ] } },
{ "type": "Feature", "properties": { "element": "way", "id": 665670051, "name": "Goshala Municipal School", "category": "schools" }, "geometry": { "type": "Polygon", "coordinates": [ [ [ 72.9485911, 19.1682095 ], [ 72.9490632, 19.1678092 ], [ 72.9491758, 19.1677965 ], [ 72.9495299, 19.1681867 ], [ 72.9490128, 19.1686239 ], [ 72.9485911, 19.1682095 ] ] ] } },
{ "type": "Feature", "properties": { "element": "way", "id": 665946587, "name": "Municipal School", "category": "schools" }, "geometry": { "type": "Polygon", "coordinates": [ [ [ 72.9495192, 19.1734462 ], [ 72.9495768, 19.1733967 ], [ 72.9503587, 19.174191 ], [ 72.950002, 19.1741859 ], [ 72.950002, 19.1744469 ], [ 72.9494924, 19.1744406 ], [ 72.9495192, 19.1734462 ] ] ] } },
{ "type": "Feature", "properties": { "element": "way", "id": 665946592, "name": "Dayanand High School & Junior College", "category": "schools" }, "geometry": { "type": "Polygon", "coordinates": [ [ [ 72.9501629, 19.1763114 ], [ 72.9501657, 19.1759504 ], [ 72.9498036, 19.1759479 ], [ 72.9498008, 19.1763089 ], [ 72.9497796, 19.1767189 ], [ 72.9501468, 19.1767307 ], [ 72.9501629, 19.1763114 ] ] ] } },
{ "type": "Feature", "properties": { "element": "way", "id": 667167843, "name": "BMC School", "category": "schools" }, "geometry": { "type": "Polygon", "coordinates": [ [ [ 72.9342708, 19.17355 ], [ 72.9341125, 19.1733018 ], [ 72.9345256, 19.1730535 ], [ 72.9346731, 19.1732967 ], [ 72.934657, 19.1733372 ], [ 72.9342708, 19.17355 ] ] ] } },
{ "type": "Feature", "properties": { "element": "way", "id": 668730733, "name": "Andhra Education Society", "category": "schools" }, "geometry": { "type": "Polygon", "coordinates": [ [ [ 72.8586754, 19.022664 ], [ 72.8586701, 19.0224434 ], [ 72.8597054, 19.0224257 ], [ 72.8597134, 19.0226437 ], [ 72.8586754, 19.022664 ] ] ] } },
{ "type": "Feature", "properties": { "element": "way", "id": 671540233, "name": "Mogli Gardern", "category": "schools" }, "geometry": { "type": "Polygon", "coordinates": [ [ [ 72.8832982, 19.083463 ], [ 72.883338, 19.0834583 ], [ 72.8834494, 19.0834482 ], [ 72.8834427, 19.0834304 ], [ 72.8834708, 19.0834266 ], [ 72.8835151, 19.0833392 ], [ 72.883507, 19.0832175 ], [ 72.883322, 19.0832809 ], [ 72.8833099, 19.0832378 ], [ 72.8832522, 19.0832657 ], [ 72.8832982, 19.083463 ] ] ] } },
{ "type": "Feature", "properties": { "element": "way", "id": 675093586, "name": "Marathi Municipal school", "category": "schools" }, "geometry": { "type": "Polygon", "coordinates": [ [ [ 72.9054964, 19.0758867 ], [ 72.9060597, 19.0758664 ], [ 72.9058719, 19.0755927 ], [ 72.9054749, 19.0755825 ], [ 72.9054964, 19.0758867 ] ] ] } },
{ "type": "Feature", "properties": { "element": "way", "id": 675094134, "name": "Vidya Bhavan", "category": "schools" }, "geometry": { "type": "Polygon", "coordinates": [ [ [ 72.9059524, 19.0719423 ], [ 72.9065585, 19.072713 ], [ 72.9075134, 19.0720995 ], [ 72.9061187, 19.0718409 ], [ 72.9059524, 19.0719423 ] ] ] } },
{ "type": "Feature", "properties": { "element": "way", "id": 678334926, "name": "PES New English School", "category": "schools" }, "geometry": { "type": "Polygon", "coordinates": [ [ [ 72.9787568, 19.1811785 ], [ 72.9795374, 19.1811036 ], [ 72.9795215, 19.181022 ], [ 72.9794913, 19.1808674 ], [ 72.9793646, 19.1804213 ], [ 72.9786311, 19.1806317 ], [ 72.9787568, 19.1811785 ] ] ] } },
{ "type": "Feature", "properties": { "element": "way", "id": 680563772, "name": "Shiva Samarth School Ground", "category": "schools" }, "geometry": { "type": "Polygon", "coordinates": [ [ [ 72.9730984, 19.1941276 ], [ 72.9735632, 19.1941004 ], [ 72.9735536, 19.1938109 ], [ 72.9730889, 19.1938267 ], [ 72.9730984, 19.1941276 ] ] ] } },
{ "type": "Feature", "properties": { "element": "way", "id": 682033562, "name": "Industrial Training Institute (ITI)", "category": "schools" }, "geometry": { "type": "Polygon", "coordinates": [ [ [ 72.971581, 19.1801076 ], [ 72.9722738, 19.1801866 ], [ 72.9723171, 19.1797995 ], [ 72.9716676, 19.1796141 ], [ 72.971581, 19.1801076 ] ] ] } },
{ "type": "Feature", "properties": { "element": "way", "id": 682033564, "name": "Vidyasagar Education Soc", "category": "schools" }, "geometry": { "type": "Polygon", "coordinates": [ [ [ 72.9730894, 19.1820218 ], [ 72.9732074, 19.1820364 ], [ 72.9732292, 19.1818721 ], [ 72.9731111, 19.1818633 ], [ 72.9730894, 19.1820218 ] ] ] } },
{ "type": "Feature", "properties": { "element": "way", "id": 685548839, "name": "IES V N Sule Guruji", "category": "schools" }, "geometry": { "type": "Polygon", "coordinates": [ [ [ 72.8485681, 19.0221218 ], [ 72.8488778, 19.021924 ], [ 72.8487831, 19.0217941 ], [ 72.8487341, 19.021828 ], [ 72.8484668, 19.0220128 ], [ 72.8485681, 19.0221218 ] ] ] } },
{ "type": "Feature", "properties": { "element": "way", "id": 685548841, "name": "Raja Shivaji Vidyalay", "category": "schools" }, "geometry": { "type": "Polygon", "coordinates": [ [ [ 72.8488831, 19.0219224 ], [ 72.8491802, 19.0217177 ], [ 72.8490297, 19.0215195 ], [ 72.8489502, 19.0215718 ], [ 72.8490043, 19.02165 ], [ 72.8489672, 19.0216745 ], [ 72.8487896, 19.0217914 ], [ 72.8488831, 19.0219224 ] ] ] } },
{ "type": "Feature", "properties": { "element": "way", "id": 685548843, "name": "Digambar Patkar Vidyalaya", "category": "schools" }, "geometry": { "type": "Polygon", "coordinates": [ [ [ 72.8488689, 19.021596 ], [ 72.8490152, 19.0214999 ], [ 72.8487639, 19.0211394 ], [ 72.8485519, 19.021086 ], [ 72.8484982, 19.0211261 ], [ 72.8488689, 19.021596 ] ] ] } },
{ "type": "Feature", "properties": { "element": "way", "id": 685548846, "name": "IES Orion", "category": "schools" }, "geometry": { "type": "Polygon", "coordinates": [ [ [ 72.8478421, 19.0216807 ], [ 72.8479154, 19.0216331 ], [ 72.8485323, 19.0212324 ], [ 72.8484668, 19.0211459 ], [ 72.8477807, 19.0215962 ], [ 72.8478421, 19.0216807 ] ] ] } },
{ "type": "Feature", "properties": { "element": "way", "id": 685553901, "name": "Bansidhar Agarwal High School", "category": "schools" }, "geometry": { "type": "Polygon", "coordinates": [ [ [ 72.8558314, 19.0177099 ], [ 72.8559788, 19.0176032 ], [ 72.8559336, 19.0175459 ], [ 72.8560108, 19.0174841 ], [ 72.8559479, 19.0174032 ], [ 72.8557233, 19.017565 ], [ 72.8558314, 19.0177099 ] ] ] } },
{ "type": "Feature", "properties": { "element": "way", "id": 687295050, "name": "Dnyaneshwar Vidyalay", "category": "schools" }, "geometry": { "type": "Polygon", "coordinates": [ [ [ 72.8542333, 19.0084633 ], [ 72.8545362, 19.0084558 ], [ 72.8545619, 19.0081188 ], [ 72.8544609, 19.0077913 ], [ 72.8544107, 19.0073447 ], [ 72.8542451, 19.0073364 ], [ 72.8542333, 19.0084633 ] ] ] } },
{ "type": "Feature", "properties": { "element": "way", "id": 695888844, "name": "Dharmaprakash Sreenivasaiah High School", "category": "schools" }, "geometry": { "type": "Polygon", "coordinates": [ [ [ 72.8616499, 19.0420801 ], [ 72.8617866, 19.0419897 ], [ 72.8620217, 19.0423072 ], [ 72.8622536, 19.0421705 ], [ 72.8623308, 19.0422875 ], [ 72.8619729, 19.0425162 ], [ 72.8616499, 19.0420801 ] ] ] } },
{ "type": "Feature", "properties": { "element": "way", "id": 706489199, "name": "Raheja College, Juhu", "category": "schools" }, "geometry": { "type": "Polygon", "coordinates": [ [ [ 72.8326419, 19.0863266 ], [ 72.8338382, 19.0864533 ], [ 72.8329718, 19.0855611 ], [ 72.8327894, 19.0852392 ], [ 72.8324971, 19.0849654 ], [ 72.8323871, 19.0849883 ], [ 72.8326419, 19.0863266 ] ] ] } },
{ "type": "Feature", "properties": { "element": "way", "id": 711708550, "name": "School of Architecture", "category": "schools" }, "geometry": { "type": "Polygon", "coordinates": [ [ [ 73.0230148, 19.0439121 ], [ 73.0233852, 19.0435367 ], [ 73.0238147, 19.0438996 ], [ 73.0241718, 19.0442028 ], [ 73.0237163, 19.04468 ], [ 73.0230148, 19.0439121 ] ] ] } },
{ "type": "Feature", "properties": { "element": "way", "id": 723512525, "name": "Kendriya Vidyalaya IIT Powai", "category": "schools" }, "geometry": { "type": "Polygon", "coordinates": [ [ [ 72.9189228, 19.1296655 ], [ 72.9189754, 19.1296269 ], [ 72.9190199, 19.1285985 ], [ 72.9189547, 19.1284527 ], [ 72.9188162, 19.1283829 ], [ 72.9187167, 19.1284033 ], [ 72.9186174, 19.1284262 ], [ 72.9184002, 19.1285605 ], [ 72.9182339, 19.1285782 ], [ 72.9177698, 19.1285757 ], [ 72.9176679, 19.1286618 ], [ 72.9172093, 19.1294474 ], [ 72.9172629, 19.1295031 ], [ 72.9189228, 19.1296655 ] ] ] } },
{ "type": "Feature", "properties": { "element": "way", "id": 723546403, "name": "Kendriya Vidyalaya Bhandup", "category": "schools" }, "geometry": { "type": "Polygon", "coordinates": [ [ [ 72.924378, 19.126216 ], [ 72.9233229, 19.1263956 ], [ 72.9232102, 19.1257469 ], [ 72.9242519, 19.1255607 ], [ 72.924378, 19.126216 ] ] ] } },
{ "type": "Feature", "properties": { "element": "way", "id": 725098202, "name": "French International School of Mumbai", "category": "schools" }, "geometry": { "type": "Polygon", "coordinates": [ [ [ 72.8280749, 18.9967688 ], [ 72.8281384, 18.996451 ], [ 72.8284016, 18.9964821 ], [ 72.8283376, 18.9967979 ], [ 72.8280749, 18.9967688 ] ] ] } },
{ "type": "Feature", "properties": { "element": "way", "id": 725461240, "name": "Vamanraow Muranjan Junior College", "category": "schools" }, "geometry": { "type": "Polygon", "coordinates": [ [ [ 72.9669348, 19.1737248 ], [ 72.9675704, 19.173773 ], [ 72.9675409, 19.1742417 ], [ 72.967549, 19.1745102 ], [ 72.9675329, 19.174647 ], [ 72.9667893, 19.1745938 ], [ 72.966807, 19.1743284 ], [ 72.9669348, 19.1737248 ] ] ] } },
{ "type": "Feature", "properties": { "element": "way", "id": 752114567, "name": "Activity High School", "category": "schools" }, "geometry": { "type": "Polygon", "coordinates": [ [ [ 72.8086724, 18.9743694 ], [ 72.8086805, 18.9742172 ], [ 72.8090527, 18.9742584 ], [ 72.8090305, 18.9744153 ], [ 72.8086724, 18.9743694 ] ] ] } },
{ "type": "Feature", "properties": { "element": "way", "id": 753815723, "name": "Mahalaxmi Municipal School", "category": "schools" }, "geometry": { "type": "Polygon", "coordinates": [ [ [ 72.8072636, 18.9765272 ], [ 72.8073353, 18.9764662 ], [ 72.8074652, 18.9766098 ], [ 72.8073906, 18.9766734 ], [ 72.8072636, 18.9765272 ] ] ] } },
{ "type": "Feature", "properties": { "element": "way", "id": 762069541, "name": "Welingkar Institute of Management Development & Research", "category": "schools" }, "geometry": { "type": "Polygon", "coordinates": [ [ [ 72.8501938, 19.0250111 ], [ 72.8503954, 19.0249679 ], [ 72.8503658, 19.024795 ], [ 72.8505782, 19.024734 ], [ 72.8506831, 19.0251 ], [ 72.8505179, 19.0252739 ], [ 72.8502879, 19.0253593 ], [ 72.8501938, 19.0250111 ] ] ] } },
{ "type": "Feature", "properties": { "element": "way", "id": 766804052, "name": "Saint Mary's High School", "category": "schools" }, "geometry": { "type": "Polygon", "coordinates": [ [ [ 72.8204681, 19.1356718 ], [ 72.8204274, 19.1355948 ], [ 72.8203145, 19.1353914 ], [ 72.8202359, 19.1352497 ], [ 72.8202427, 19.1351814 ], [ 72.8207061, 19.1352251 ], [ 72.8207464, 19.1349742 ], [ 72.8215234, 19.1350899 ], [ 72.8204681, 19.1356718 ] ] ] } },
{ "type": "Feature", "properties": { "element": "way", "id": 794424283, "name": "Worli Naka Upper Primary Marathi School No.2", "category": "schools" }, "geometry": { "type": "Polygon", "coordinates": [ [ [ 72.8161631, 19.0075391 ], [ 72.8163661, 19.0074708 ], [ 72.8162894, 19.0072704 ], [ 72.8160774, 19.0073514 ], [ 72.8161631, 19.0075391 ] ] ] } },
{ "type": "Feature", "properties": { "element": "way", "id": 807486129, "name": "municipalty school ground", "category": "schools" }, "geometry": { "type": "Polygon", "coordinates": [ [ [ 72.8316146, 19.2211393 ], [ 72.8316629, 19.2210683 ], [ 72.8314979, 19.2210075 ], [ 72.8314805, 19.2206884 ], [ 72.8317286, 19.2206833 ], [ 72.8317373, 19.2209721 ], [ 72.8317926, 19.220972 ], [ 72.831932, 19.221054 ], [ 72.8319293, 19.2212744 ], [ 72.8316146, 19.2211393 ] ] ] } },
{ "type": "Feature", "properties": { "element": "way", "id": 815233534, "name": null, "category": "schools" }, "geometry": { "type": "Polygon", "coordinates": [ [ [ 73.0336154, 18.9640847 ], [ 73.0343744, 18.9640781 ], [ 73.0344071, 18.9637578 ], [ 73.0343908, 18.9636695 ], [ 73.0342787, 18.9633824 ], [ 73.0335383, 18.9635458 ], [ 73.0336154, 18.9640847 ] ] ] } },
{ "type": "Feature", "properties": { "element": "way", "id": 816434676, "name": "Atomic Energy Central School 1 Grounds", "category": "schools" }, "geometry": { "type": "Polygon", "coordinates": [ [ [ 72.9198224, 19.0402265 ], [ 72.9198009, 19.039547 ], [ 72.9203106, 19.0394963 ], [ 72.9204018, 19.0401859 ], [ 72.9198224, 19.0402265 ] ] ] } },
{ "type": "Feature", "properties": { "element": "way", "id": 816435856, "name": "Atomic Energy Junior College Grounds", "category": "schools" }, "geometry": { "type": "Polygon", "coordinates": [ [ [ 72.9193994, 19.0381703 ], [ 72.9191453, 19.0373878 ], [ 72.91976, 19.0368765 ], [ 72.9199812, 19.0380928 ], [ 72.9193994, 19.0381703 ] ] ] } },
{ "type": "Feature", "properties": { "element": "way", "id": 817154080, "name": "Swami Vivekanand School Ground", "category": "schools" }, "geometry": { "type": "Polygon", "coordinates": [ [ [ 72.8306668, 19.2267394 ], [ 72.8312403, 19.2266537 ], [ 72.8312068, 19.2262814 ], [ 72.831074, 19.2262965 ], [ 72.8305299, 19.2263549 ], [ 72.8306668, 19.2267394 ] ] ] } },
{ "type": "Feature", "properties": { "element": "way", "id": 826577432, "name": null, "category": "schools" }, "geometry": { "type": "Polygon", "coordinates": [ [ [ 73.019957, 19.0647549 ], [ 73.0202449, 19.0652455 ], [ 73.0203452, 19.0652459 ], [ 73.0203494, 19.0647594 ], [ 73.019957, 19.0647549 ] ] ] } },
{ "type": "Feature", "properties": { "element": "way", "id": 827899828, "name": "NMMC School - Vashi Gaon", "category": "schools" }, "geometry": { "type": "Polygon", "coordinates": [ [ [ 72.9874057, 19.0674641 ], [ 72.9874917, 19.0676095 ], [ 72.9875277, 19.0676352 ], [ 72.9876042, 19.0676466 ], [ 72.9876806, 19.0676327 ], [ 72.988205, 19.0672765 ], [ 72.9880736, 19.0670787 ], [ 72.9874057, 19.0674641 ] ] ] } },
{ "type": "Feature", "properties": { "element": "way", "id": 835846788, "name": "D.Y Patil School of Biotechnology and Bioinformatics", "category": "schools" }, "geometry": { "type": "Polygon", "coordinates": [ [ [ 73.033493, 19.0085877 ], [ 73.0327087, 19.0083286 ], [ 73.0328222, 19.0080215 ], [ 73.0336065, 19.0082807 ], [ 73.033493, 19.0085877 ] ] ] } },
{ "type": "Feature", "properties": { "element": "way", "id": 835846789, "name": "IIM Indore, Mumbai Campus", "category": "schools" }, "geometry": { "type": "Polygon", "coordinates": [ [ [ 73.037136, 19.0098527 ], [ 73.0369184, 19.0104494 ], [ 73.0376108, 19.0106741 ], [ 73.0377149, 19.0103842 ], [ 73.0378271, 19.010078 ], [ 73.037136, 19.0098527 ] ] ] } },
{ "type": "Feature", "properties": { "element": "way", "id": 844474524, "name": "City International School", "category": "schools" }, "geometry": { "type": "Polygon", "coordinates": [ [ [ 72.8331791, 19.1480487 ], [ 72.8331782, 19.1480307 ], [ 72.8329427, 19.1480302 ], [ 72.8329327, 19.1480296 ], [ 72.8329306, 19.148294 ], [ 72.8331803, 19.1482924 ], [ 72.8331772, 19.1480681 ], [ 72.8331791, 19.1480487 ] ] ] } },
{ "type": "Feature", "properties": { "element": "way", "id": 851810124, "name": "AECS 4", "category": "schools" }, "geometry": { "type": "Polygon", "coordinates": [ [ [ 72.9274199, 19.0353496 ], [ 72.9283641, 19.0353038 ], [ 72.9283398, 19.0347805 ], [ 72.9285439, 19.0347229 ], [ 72.9284912, 19.0338132 ], [ 72.9275647, 19.0338789 ], [ 72.9276284, 19.0345431 ], [ 72.9273736, 19.0345613 ], [ 72.9274199, 19.0353496 ] ] ] } },
{ "type": "Feature", "properties": { "element": "way", "id": 851810125, "name": "Atomic Energy Central School 2", "category": "schools" }, "geometry": { "type": "Polygon", "coordinates": [ [ [ 72.9260709, 19.0372238 ], [ 72.9266838, 19.0371971 ], [ 72.9266947, 19.0373183 ], [ 72.927512, 19.037267 ], [ 72.9274772, 19.036443 ], [ 72.9270773, 19.0364739 ], [ 72.9270751, 19.0365622 ], [ 72.9265165, 19.0366197 ], [ 72.9264361, 19.0358164 ], [ 72.9259579, 19.0358842 ], [ 72.9260709, 19.0372238 ] ] ] } },
{ "type": "Feature", "properties": { "element": "way", "id": 861120423, "name": null, "category": "schools" }, "geometry": { "type": "Polygon", "coordinates": [ [ [ 72.8255582, 19.1976482 ], [ 72.8255452, 19.1973708 ], [ 72.8258303, 19.1973586 ], [ 72.825988, 19.1974545 ], [ 72.8260506, 19.1976074 ], [ 72.8255582, 19.1976482 ] ] ] } },
{ "type": "Feature", "properties": { "element": "way", "id": 868406902, "name": "Mangala Highschool", "category": "schools" }, "geometry": { "type": "Polygon", "coordinates": [ [ [ 72.9769828, 19.1840085 ], [ 72.9770056, 19.1840565 ], [ 72.9771694, 19.1841546 ], [ 72.9775411, 19.1838221 ], [ 72.9774179, 19.1837117 ], [ 72.9774333, 19.1835868 ], [ 72.9772073, 19.1835131 ], [ 72.9770132, 19.1834498 ], [ 72.9769828, 19.1840085 ] ] ] } },
{ "type": "Feature", "properties": { "element": "way", "id": 895017965, "name": "St Xaviers High School", "category": "schools" }, "geometry": { "type": "Polygon", "coordinates": [ [ [ 72.9766556, 19.2411226 ], [ 72.976419, 19.2405834 ], [ 72.9759336, 19.2405897 ], [ 72.9759201, 19.2404454 ], [ 72.9764007, 19.2404635 ], [ 72.9765478, 19.2397477 ], [ 72.9767355, 19.2396489 ], [ 72.9767409, 19.2393678 ], [ 72.9775751, 19.2392108 ], [ 72.9776475, 19.2394565 ], [ 72.977457, 19.2395856 ], [ 72.9776758, 19.2402307 ], [ 72.977344, 19.2405402 ], [ 72.9766556, 19.2411226 ] ] ] } },
{ "type": "Feature", "properties": { "element": "way", "id": 895284349, "name": "Vasant Vihar High School & Junior College", "category": "schools" }, "geometry": { "type": "Polygon", "coordinates": [ [ [ 72.9654745, 19.2235144 ], [ 72.9654711, 19.2233386 ], [ 72.9654682, 19.2231855 ], [ 72.9654536, 19.2225956 ], [ 72.9656737, 19.2226211 ], [ 72.965674, 19.2225663 ], [ 72.9657031, 19.2225646 ], [ 72.9659232, 19.2225608 ], [ 72.9662012, 19.2225561 ], [ 72.9662369, 19.2225655 ], [ 72.9662652, 19.2225935 ], [ 72.9662768, 19.2235084 ], [ 72.9658684, 19.2235077 ], [ 72.9654745, 19.2235144 ] ] ] } },
{ "type": "Feature", "properties": { "element": "way", "id": 898029634, "name": "Shreerang Vidyalaya", "category": "schools" }, "geometry": { "type": "Polygon", "coordinates": [ [ [ 72.9797192, 19.2072651 ], [ 72.9796853, 19.2067717 ], [ 72.9804154, 19.2067323 ], [ 72.9804591, 19.207566 ], [ 72.9801964, 19.2075685 ], [ 72.9801017, 19.2076312 ], [ 72.9797917, 19.2073096 ], [ 72.9797192, 19.2072651 ] ] ] } },
{ "type": "Feature", "properties": { "element": "way", "id": 905319538, "name": "Atomic Energy Central School 6", "category": "schools" }, "geometry": { "type": "Polygon", "coordinates": [ [ [ 72.9114646, 19.0373047 ], [ 72.9115366, 19.0372724 ], [ 72.911524, 19.037213 ], [ 72.9116161, 19.0371735 ], [ 72.9117563, 19.0372229 ], [ 72.9121592, 19.0370813 ], [ 72.9118377, 19.0362644 ], [ 72.9111872, 19.0364932 ], [ 72.9111057, 19.0365901 ], [ 72.9114646, 19.0373047 ] ] ] } },
{ "type": "Feature", "properties": { "element": "way", "id": 905319541, "name": "Atomic Energy Central School 6 Grounds", "category": "schools" }, "geometry": { "type": "Polygon", "coordinates": [ [ [ 72.9105975, 19.0369841 ], [ 72.9109373, 19.0368263 ], [ 72.9112026, 19.0373367 ], [ 72.9108626, 19.0374946 ], [ 72.9105975, 19.0369841 ] ] ] } },
{ "type": "Feature", "properties": { "element": "way", "id": 909382851, "name": "K. J. Somaiya College of Physiotherapy", "category": "schools" }, "geometry": { "type": "Polygon", "coordinates": [ [ [ 72.8724197, 19.0484719 ], [ 72.8733712, 19.0479865 ], [ 72.8738406, 19.0480473 ], [ 72.8740525, 19.0482349 ], [ 72.8740565, 19.0482818 ], [ 72.8736274, 19.049353 ], [ 72.8727999, 19.0491705 ], [ 72.8724197, 19.0484719 ] ] ] } },
{ "type": "Feature", "properties": { "element": "way", "id": 909874484, "name": "Ryan International School ground (CBSE)", "category": "schools" }, "geometry": { "type": "Polygon", "coordinates": [ [ [ 72.8329457, 19.1915062 ], [ 72.8330905, 19.1915619 ], [ 72.8331602, 19.1914353 ], [ 72.8332085, 19.1913289 ], [ 72.8332299, 19.1912486 ], [ 72.8331667, 19.1912353 ], [ 72.8330905, 19.1913138 ], [ 72.8329725, 19.1913086 ], [ 72.8329135, 19.1913947 ], [ 72.8329457, 19.1915062 ] ] ] } },
{ "type": "Feature", "properties": { "element": "way", "id": 919984229, "name": "New Horizons Scholars School", "category": "schools" }, "geometry": { "type": "Polygon", "coordinates": [ [ [ 72.9746569, 19.2126879 ], [ 72.9738881, 19.2130469 ], [ 72.9740108, 19.2132803 ], [ 72.9743929, 19.2140179 ], [ 72.9745871, 19.2143929 ], [ 72.9749273, 19.2143324 ], [ 72.9747682, 19.213982 ], [ 72.9747607, 19.2139069 ], [ 72.9747935, 19.2138306 ], [ 72.9752079, 19.2135428 ], [ 72.9746569, 19.2126879 ] ] ] } },
{ "type": "Feature", "properties": { "element": "way", "id": 919985194, "name": "Saraswati Vidyalaya-Rabodi", "category": "schools" }, "geometry": { "type": "Polygon", "coordinates": [ [ [ 72.9853575, 19.2026205 ], [ 72.9847728, 19.2026181 ], [ 72.9847728, 19.2021797 ], [ 72.9854152, 19.2021418 ], [ 72.9853575, 19.2026205 ] ] ] } },
{ "type": "Feature", "properties": { "element": "way", "id": 926323128, "name": null, "category": "schools" }, "geometry": { "type": "Polygon", "coordinates": [ [ [ 72.9604315, 19.261405 ], [ 72.9609882, 19.2612476 ], [ 72.9608311, 19.2606002 ], [ 72.9601518, 19.2606851 ], [ 72.9604315, 19.261405 ] ] ] } },
{ "type": "Feature", "properties": { "element": "way", "id": 926844456, "name": "Lodha World School", "category": "schools" }, "geometry": { "type": "Polygon", "coordinates": [ [ [ 72.9857395, 19.2142811 ], [ 72.9857387, 19.2141154 ], [ 72.985798, 19.2138977 ], [ 72.985782, 19.2138965 ], [ 72.9845195, 19.2138009 ], [ 72.9844896, 19.2141846 ], [ 72.9857395, 19.2142811 ] ] ] } },
{ "type": "Feature", "properties": { "element": "way", "id": 927253519, "name": null, "category": "schools" }, "geometry": { "type": "Polygon", "coordinates": [ [ [ 72.9829299, 19.212411 ], [ 72.9829106, 19.2121876 ], [ 72.9833161, 19.2121328 ], [ 72.9834388, 19.2121768 ], [ 72.9836805, 19.2121716 ], [ 72.9837342, 19.2122973 ], [ 72.9838452, 19.2123288 ], [ 72.9838951, 19.2122676 ], [ 72.9840306, 19.2123289 ], [ 72.9840389, 19.2124158 ], [ 72.9840451, 19.2124976 ], [ 72.9842884, 19.212492 ], [ 72.9842793, 19.2125909 ], [ 72.9840268, 19.2125985 ], [ 72.983996, 19.2128869 ], [ 72.9838946, 19.2129885 ], [ 72.9837668, 19.2130204 ], [ 72.9833722, 19.2131188 ], [ 72.9829299, 19.212411 ] ] ] } },
{ "type": "Feature", "properties": { "element": "way", "id": 927828511, "name": null, "category": "schools" }, "geometry": { "type": "Polygon", "coordinates": [ [ [ 72.8686503, 19.2774632 ], [ 72.8692645, 19.2770839 ], [ 72.8690471, 19.2766884 ], [ 72.8689274, 19.2766498 ], [ 72.8687573, 19.2766647 ], [ 72.8686655, 19.2767032 ], [ 72.86834, 19.2768313 ], [ 72.8686503, 19.2774632 ] ] ] } },
{ "type": "Feature", "properties": { "element": "way", "id": 929126034, "name": "Seven Square Academy", "category": "schools" }, "geometry": { "type": "Polygon", "coordinates": [ [ [ 72.9624541, 19.2667763 ], [ 72.9628538, 19.2672371 ], [ 72.9626767, 19.2673498 ], [ 72.962544, 19.2674954 ], [ 72.9624635, 19.2674498 ], [ 72.9616937, 19.267974 ], [ 72.961278, 19.2681259 ], [ 72.9611143, 19.268255 ], [ 72.9609036, 19.267983 ], [ 72.9608857, 19.2679281 ], [ 72.9609099, 19.26787 ], [ 72.9614347, 19.2674983 ], [ 72.9624541, 19.2667763 ] ] ] } },
{ "type": "Feature", "properties": { "element": "way", "id": 930569984, "name": "New Horizon Scholar's School (Rodas)", "category": "schools" }, "geometry": { "type": "Polygon", "coordinates": [ [ [ 72.9878691, 19.2564337 ], [ 72.988765, 19.2568084 ], [ 72.988811, 19.2568207 ], [ 72.988857, 19.2568206 ], [ 72.9889008, 19.2567956 ], [ 72.9889359, 19.256754 ], [ 72.9891692, 19.2564117 ], [ 72.9895808, 19.2558076 ], [ 72.9897238, 19.2555977 ], [ 72.9897462, 19.2555649 ], [ 72.988885, 19.2551059 ], [ 72.9887259, 19.2550211 ], [ 72.988524, 19.2549394 ], [ 72.9883159, 19.2548552 ], [ 72.9878561, 19.2547649 ], [ 72.9878618, 19.2552069 ], [ 72.9878053, 19.2556317 ], [ 72.9878691, 19.2564337 ] ] ] } },
{ "type": "Feature", "properties": { "element": "way", "id": 931667894, "name": null, "category": "schools" }, "geometry": { "type": "Polygon", "coordinates": [ [ [ 72.9744687, 19.237744 ], [ 72.9747438, 19.2377143 ], [ 72.974888, 19.2376987 ], [ 72.9750712, 19.2380478 ], [ 72.9746892, 19.2382063 ], [ 72.9746482, 19.2381012 ], [ 72.9745359, 19.2380451 ], [ 72.9744687, 19.237744 ] ] ] } },
{ "type": "Feature", "properties": { "element": "way", "id": 936795318, "name": "Central Railway Primary Education School", "category": "schools" }, "geometry": { "type": "Polygon", "coordinates": [ [ [ 72.837444, 19.0023762 ], [ 72.8382773, 19.0020563 ], [ 72.838145, 19.0017482 ], [ 72.8373117, 19.0020682 ], [ 72.837444, 19.0023762 ] ] ] } },
{ "type": "Feature", "properties": { "element": "way", "id": 937092528, "name": "Shrimati Indira Gandhi College of Engineering", "category": "schools" }, "geometry": { "type": "Polygon", "coordinates": [ [ [ 72.9981208, 19.1197111 ], [ 72.998132, 19.1197366 ], [ 72.9981414, 19.1197582 ], [ 72.9981603, 19.1198011 ], [ 72.9984882, 19.1205499 ], [ 72.997241, 19.1202256 ], [ 72.9972169, 19.1200988 ], [ 72.997233, 19.1199671 ], [ 72.9972973, 19.1198277 ], [ 72.9974744, 19.1197314 ], [ 72.9981208, 19.1197111 ] ] ] } },
{ "type": "Feature", "properties": { "element": "way", "id": 946111473, "name": "Rustomjee Cambridge International School and Junior College", "category": "schools" }, "geometry": { "type": "Polygon", "coordinates": [ [ [ 72.9886018, 19.2064052 ], [ 72.9888698, 19.2064331 ], [ 72.9890844, 19.2071246 ], [ 72.9890764, 19.207369 ], [ 72.9878524, 19.206921 ], [ 72.9878576, 19.2068967 ], [ 72.9879336, 19.2065391 ], [ 72.9885127, 19.2066985 ], [ 72.9886018, 19.2064052 ] ] ] } },
{ "type": "Feature", "properties": { "element": "way", "id": 946542547, "name": "Lokpuram Public School", "category": "schools" }, "geometry": { "type": "Polygon", "coordinates": [ [ [ 72.969145, 19.2262336 ], [ 72.9691512, 19.2261506 ], [ 72.9691248, 19.2260987 ], [ 72.9690818, 19.2260557 ], [ 72.9689574, 19.2260102 ], [ 72.968933, 19.2259962 ], [ 72.9689225, 19.225976 ], [ 72.9688481, 19.225797 ], [ 72.9688324, 19.2257721 ], [ 72.9688032, 19.225755 ], [ 72.9685055, 19.2257104 ], [ 72.9684993, 19.2257432 ], [ 72.9684435, 19.2260418 ], [ 72.9683497, 19.2261009 ], [ 72.9683496, 19.226176 ], [ 72.968473, 19.2261823 ], [ 72.9684556, 19.2262811 ], [ 72.9688579, 19.2263241 ], [ 72.9688678, 19.2262128 ], [ 72.969145, 19.2262336 ] ] ] } },
{ "type": "Feature", "properties": { "element": "way", "id": 946542560, "name": "Amber International School", "category": "schools" }, "geometry": { "type": "Polygon", "coordinates": [ [ [ 72.9809909, 19.2247045 ], [ 72.9811236, 19.2244131 ], [ 72.9812618, 19.2241461 ], [ 72.9819109, 19.2243614 ], [ 72.9818223, 19.2245349 ], [ 72.9816761, 19.2247628 ], [ 72.9815353, 19.224916 ], [ 72.9809909, 19.2247045 ] ] ] } },
{ "type": "Feature", "properties": { "element": "way", "id": 946542567, "name": "Narayana e-Techno School", "category": "schools" }, "geometry": { "type": "Polygon", "coordinates": [ [ [ 72.9862238, 19.2223971 ], [ 72.9861885, 19.2225233 ], [ 72.9862922, 19.2226404 ], [ 72.9863915, 19.222805 ], [ 72.9864371, 19.2229823 ], [ 72.9864612, 19.223147 ], [ 72.9864532, 19.2232609 ], [ 72.9866007, 19.2232863 ], [ 72.9866838, 19.2231951 ], [ 72.9867804, 19.2231849 ], [ 72.986818, 19.2231242 ], [ 72.9868421, 19.2229874 ], [ 72.9868567, 19.2225189 ], [ 72.9862238, 19.2223971 ] ] ] } },
{ "type": "Feature", "properties": { "element": "way", "id": 946542636, "name": "University of Mumbai Thane Sub-Campus", "category": "schools" }, "geometry": { "type": "Polygon", "coordinates": [ [ [ 72.9865682, 19.2243865 ], [ 72.9863539, 19.2247603 ], [ 72.9863432, 19.2251477 ], [ 72.9871049, 19.2258062 ], [ 72.9875153, 19.225515 ], [ 72.9877326, 19.2254035 ], [ 72.9879793, 19.2253605 ], [ 72.98843, 19.2249274 ], [ 72.9883012, 19.2243956 ], [ 72.9878864, 19.2243812 ], [ 72.9865682, 19.2243865 ] ] ] } },
{ "type": "Feature", "properties": { "element": "way", "id": 946761562, "name": null, "category": "schools" }, "geometry": { "type": "Polygon", "coordinates": [ [ [ 72.9795706, 18.8945121 ], [ 72.9801849, 18.893766 ], [ 72.9795329, 18.8932855 ], [ 72.9789186, 18.8940316 ], [ 72.9795706, 18.8945121 ] ] ] } },
{ "type": "Feature", "properties": { "element": "way", "id": 946927817, "name": null, "category": "schools" }, "geometry": { "type": "Polygon", "coordinates": [ [ [ 72.8194803, 19.212669 ], [ 72.8193806, 19.2121977 ], [ 72.8201562, 19.2121397 ], [ 72.8202286, 19.2126158 ], [ 72.8194803, 19.212669 ] ] ] } },
{ "type": "Feature", "properties": { "element": "way", "id": 950395643, "name": "Shubham Raje", "category": "schools" }, "geometry": { "type": "Polygon", "coordinates": [ [ [ 72.9800346, 19.2493072 ], [ 72.9800856, 19.2491578 ], [ 72.9800226, 19.2491376 ], [ 72.9798818, 19.2490312 ], [ 72.9799542, 19.2486944 ], [ 72.9798791, 19.2483931 ], [ 72.9796538, 19.2480791 ], [ 72.9795894, 19.2478917 ], [ 72.9790932, 19.2480437 ], [ 72.9791819, 19.2483502 ], [ 72.9792112, 19.2484513 ], [ 72.9793346, 19.2486438 ], [ 72.9796028, 19.2489401 ], [ 72.9797155, 19.2490464 ], [ 72.9797517, 19.2491724 ], [ 72.9800346, 19.2493072 ] ] ] } },
{ "type": "Feature", "properties": { "element": "way", "id": 951289351, "name": null, "category": "schools" }, "geometry": { "type": "Polygon", "coordinates": [ [ [ 72.9970333, 19.1537667 ], [ 72.9977428, 19.1537749 ], [ 72.9977414, 19.1528498 ], [ 72.9970734, 19.1528267 ], [ 72.9970333, 19.1537667 ] ] ] } },
{ "type": "Feature", "properties": { "element": "way", "id": 955444033, "name": "Azminagar Municipal School", "category": "schools" }, "geometry": { "type": "Polygon", "coordinates": [ [ [ 73.0458252, 19.2948334 ], [ 73.0457742, 19.294646 ], [ 73.0457635, 19.2944043 ], [ 73.0458708, 19.2943663 ], [ 73.0459821, 19.2943587 ], [ 73.0460894, 19.2947676 ], [ 73.0458252, 19.2948334 ] ] ] } },
{ "type": "Feature", "properties": { "element": "way", "id": 956061046, "name": "TMC School 31", "category": "schools" }, "geometry": { "type": "Polygon", "coordinates": [ [ [ 73.0310529, 19.1671834 ], [ 73.0317444, 19.1672859 ], [ 73.031842, 19.1666983 ], [ 73.0311506, 19.1665958 ], [ 73.0310529, 19.1671834 ] ] ] } },
{ "type": "Feature", "properties": { "element": "way", "id": 956061107, "name": "Dosti Foundation School", "category": "schools" }, "geometry": { "type": "Polygon", "coordinates": [ [ [ 73.0361465, 19.1551336 ], [ 73.0360008, 19.1549423 ], [ 73.0359399, 19.1548625 ], [ 73.0357035, 19.1546303 ], [ 73.035507, 19.1548232 ], [ 73.0353123, 19.1547307 ], [ 73.035197, 19.155074 ], [ 73.0351943, 19.1552526 ], [ 73.0352908, 19.155283 ], [ 73.0353177, 19.1553895 ], [ 73.0354571, 19.1553667 ], [ 73.0354813, 19.1554427 ], [ 73.0356663, 19.1555136 ], [ 73.0361465, 19.1551336 ] ] ] } },
{ "type": "Feature", "properties": { "element": "way", "id": 956385818, "name": "Symbiosis Convent High School", "category": "schools" }, "geometry": { "type": "Polygon", "coordinates": [ [ [ 73.0246881, 19.1610066 ], [ 73.0251709, 19.1608318 ], [ 73.0251199, 19.1609939 ], [ 73.0251092, 19.1610953 ], [ 73.0251038, 19.1611485 ], [ 73.0251414, 19.1614398 ], [ 73.0238351, 19.16183 ], [ 73.0237949, 19.1613486 ], [ 73.0246881, 19.1611915 ], [ 73.0246881, 19.1610066 ] ] ] } },
{ "type": "Feature", "properties": { "element": "way", "id": 957266435, "name": "Adarsh Vidya Mandir School", "category": "schools" }, "geometry": { "type": "Polygon", "coordinates": [ [ [ 72.9684287, 19.2716858 ], [ 72.9687533, 19.271751 ], [ 72.9688626, 19.2717839 ], [ 72.9689457, 19.2718377 ], [ 72.9690014, 19.2718991 ], [ 72.9690839, 19.2720269 ], [ 72.96911, 19.2721352 ], [ 72.9691261, 19.2723314 ], [ 72.9681699, 19.2724162 ], [ 72.9681404, 19.2722555 ], [ 72.9683, 19.2721909 ], [ 72.9682852, 19.2719731 ], [ 72.9683577, 19.2719542 ], [ 72.9684287, 19.2716858 ] ] ] } },
{ "type": "Feature", "properties": { "element": "way", "id": 957916173, "name": "Shree Rajarshi Shahu School", "category": "schools" }, "geometry": { "type": "Polygon", "coordinates": [ [ [ 72.9570857, 19.2831347 ], [ 72.9570759, 19.2827751 ], [ 72.9567906, 19.2827701 ], [ 72.9564151, 19.2828486 ], [ 72.9562864, 19.2828967 ], [ 72.9562595, 19.2829296 ], [ 72.9562542, 19.2829676 ], [ 72.9562756, 19.2830207 ], [ 72.9564245, 19.2831764 ], [ 72.9565385, 19.2833359 ], [ 72.9566511, 19.2835575 ], [ 72.9570857, 19.2831347 ] ] ] } },
{ "type": "Feature", "properties": { "element": "way", "id": 957916174, "name": "Arunodaya School", "category": "schools" }, "geometry": { "type": "Polygon", "coordinates": [ [ [ 72.9679084, 19.2696805 ], [ 72.9681458, 19.2697248 ], [ 72.9687721, 19.2697071 ], [ 72.9688163, 19.2698223 ], [ 72.9686326, 19.2699185 ], [ 72.9686272, 19.2699438 ], [ 72.9686245, 19.2699755 ], [ 72.9687399, 19.2701907 ], [ 72.9679674, 19.2702755 ], [ 72.9676938, 19.2701185 ], [ 72.9679084, 19.2696805 ] ] ] } },
{ "type": "Feature", "properties": { "element": "way", "id": 957916183, "name": "Saraswati Vidyalaya", "category": "schools" }, "geometry": { "type": "Polygon", "coordinates": [ [ [ 72.971846, 19.2643037 ], [ 72.9712625, 19.2643469 ], [ 72.9712244, 19.2648922 ], [ 72.9712318, 19.2649453 ], [ 72.971249, 19.2649736 ], [ 72.9712961, 19.2649938 ], [ 72.9718499, 19.2650933 ], [ 72.971846, 19.2643037 ] ] ] } },
{ "type": "Feature", "properties": { "element": "way", "id": 957916186, "name": "Radcliffe School", "category": "schools" }, "geometry": { "type": "Polygon", "coordinates": [ [ [ 72.9770901, 19.257784 ], [ 72.9770955, 19.2577075 ], [ 72.977133, 19.2576569 ], [ 72.9769444, 19.2574281 ], [ 72.9767385, 19.2575692 ], [ 72.9763225, 19.2578863 ], [ 72.9763331, 19.2579812 ], [ 72.9763623, 19.2582048 ], [ 72.9765234, 19.2584001 ], [ 72.9771924, 19.2579094 ], [ 72.9770901, 19.257784 ] ] ] } },
{ "type": "Feature", "properties": { "element": "way", "id": 957916197, "name": null, "category": "schools" }, "geometry": { "type": "Polygon", "coordinates": [ [ [ 72.9838094, 19.2463817 ], [ 72.9841942, 19.2470202 ], [ 72.9847132, 19.2467414 ], [ 72.9843284, 19.2461029 ], [ 72.9838094, 19.2463817 ] ] ] } },
{ "type": "Feature", "properties": { "element": "way", "id": 959553986, "name": "Nahar International School", "category": "schools" }, "geometry": { "type": "Polygon", "coordinates": [ [ [ 72.8968272, 19.1057367 ], [ 72.8969023, 19.106459 ], [ 72.8960626, 19.1065463 ], [ 72.8959672, 19.1065564 ], [ 72.8958749, 19.1065662 ], [ 72.8954773, 19.1065802 ], [ 72.8951722, 19.1060205 ], [ 72.8951575, 19.1059648 ], [ 72.8951696, 19.1059039 ], [ 72.8951977, 19.1058647 ], [ 72.8952467, 19.1058387 ], [ 72.8958313, 19.1057979 ], [ 72.8968272, 19.1057367 ] ] ] } },
{ "type": "Feature", "properties": { "element": "way", "id": 960803441, "name": "Oberoi International School - JVLR Campus", "category": "schools" }, "geometry": { "type": "Polygon", "coordinates": [ [ [ 72.8670372, 19.1399142 ], [ 72.8680363, 19.1400075 ], [ 72.8681069, 19.1404604 ], [ 72.8671861, 19.1406607 ], [ 72.8670372, 19.1399142 ] ] ] } },
{ "type": "Feature", "properties": { "element": "way", "id": 961376676, "name": "Brihanmumbai Mahanagarpalika Sangamnagar Urdu Primary School", "category": "schools" }, "geometry": { "type": "Polygon", "coordinates": [ [ [ 72.8684145, 19.0255547 ], [ 72.8682885, 19.025078 ], [ 72.8682375, 19.0249969 ], [ 72.8681973, 19.0248143 ], [ 72.8686613, 19.0247332 ], [ 72.8687632, 19.0252226 ], [ 72.8684145, 19.0255547 ] ] ] } },
{ "type": "Feature", "properties": { "element": "way", "id": 961376713, "name": "JBCN International School", "category": "schools" }, "geometry": { "type": "Polygon", "coordinates": [ [ [ 72.8459671, 18.9991308 ], [ 72.8458719, 18.9991688 ], [ 72.8454776, 18.9992107 ], [ 72.8454253, 18.9991511 ], [ 72.8454387, 18.9989063 ], [ 72.8458947, 18.9988974 ], [ 72.8459685, 18.9988645 ], [ 72.8459671, 18.9991308 ] ] ] } },
{ "type": "Feature", "properties": { "element": "way", "id": 963409764, "name": "Billabong International High School", "category": "schools" }, "geometry": { "type": "Polygon", "coordinates": [ [ [ 72.946417, 19.1922679 ], [ 72.9470935, 19.1922643 ], [ 72.9470544, 19.1928552 ], [ 72.9463935, 19.1928219 ], [ 72.946417, 19.1922679 ] ] ] } },
{ "type": "Feature", "properties": { "element": "way", "id": 973040161, "name": "Kishinchand Chellaram College", "category": "schools" }, "geometry": { "type": "Polygon", "coordinates": [ [ [ 72.9800749, 19.1804003 ], [ 72.9799233, 19.1798011 ], [ 72.979867, 19.1795921 ], [ 72.979859, 19.1794059 ], [ 72.9799247, 19.1794072 ], [ 72.9802345, 19.179354 ], [ 72.9806596, 19.1792603 ], [ 72.9808742, 19.1796935 ], [ 72.9809171, 19.1802381 ], [ 72.9800749, 19.1804003 ] ] ] } },
{ "type": "Feature", "properties": { "element": "way", "id": 975603216, "name": "Anjuman-I-Islam's M.H. Saboo Siddik College of Engineering", "category": "schools" }, "geometry": { "type": "Polygon", "coordinates": [ [ [ 72.8306031, 18.9678071 ], [ 72.830595, 18.9686594 ], [ 72.8315016, 18.9686594 ], [ 72.8315177, 18.9678046 ], [ 72.8313342, 18.9678051 ], [ 72.8308235, 18.9678065 ], [ 72.8306031, 18.9678071 ] ] ] } },
{ "type": "Feature", "properties": { "element": "way", "id": 978614994, "name": "Globe Mill Passage Municipal School", "category": "schools" }, "geometry": { "type": "Polygon", "coordinates": [ [ [ 72.8297618, 19.0067277 ], [ 72.8300376, 19.0067272 ], [ 72.830037, 19.006405 ], [ 72.8297611, 19.0064055 ], [ 72.8297618, 19.0067277 ] ] ] } },
{ "type": "Feature", "properties": { "element": "way", "id": 978614996, "name": "Holy Cross High School", "category": "schools" }, "geometry": { "type": "Polygon", "coordinates": [ [ [ 72.8317286, 19.0061493 ], [ 72.8322905, 19.006148 ], [ 72.8322449, 19.0057207 ], [ 72.8315462, 19.0057511 ], [ 72.8317286, 19.0061493 ] ] ] } },
{ "type": "Feature", "properties": { "element": "way", "id": 978614999, "name": "D G Ruparel College of Arts, Science and Commerce", "category": "schools" }, "geometry": { "type": "Polygon", "coordinates": [ [ [ 72.8447695, 19.0255335 ], [ 72.8449966, 19.0259057 ], [ 72.8454077, 19.0258082 ], [ 72.845566, 19.0263646 ], [ 72.8454974, 19.026382 ], [ 72.8455222, 19.0264745 ], [ 72.8455927, 19.026737 ], [ 72.8458491, 19.0276923 ], [ 72.845879, 19.0278793 ], [ 72.8459591, 19.0285747 ], [ 72.8449157, 19.0286077 ], [ 72.8448164, 19.028022 ], [ 72.8442961, 19.0281259 ], [ 72.8441465, 19.0274993 ], [ 72.8445989, 19.0273993 ], [ 72.8442829, 19.0262298 ], [ 72.8442219, 19.0261924 ], [ 72.8440106, 19.0258884 ], [ 72.8442268, 19.0257776 ], [ 72.8447695, 19.0255335 ] ] ] } },
{ "type": "Feature", "properties": { "element": "way", "id": 978615006, "name": "Balmohan Vidyamandir", "category": "schools" }, "geometry": { "type": "Polygon", "coordinates": [ [ [ 72.838807, 19.0251795 ], [ 72.838933, 19.0252264 ], [ 72.8390685, 19.0252961 ], [ 72.8392415, 19.0253975 ], [ 72.8394426, 19.0255408 ], [ 72.8395325, 19.0256169 ], [ 72.839558, 19.0255877 ], [ 72.8395969, 19.0255078 ], [ 72.8395151, 19.0254165 ], [ 72.8393756, 19.0253177 ], [ 72.8393461, 19.0252961 ], [ 72.8393461, 19.0252657 ], [ 72.8392742, 19.0252243 ], [ 72.8392053, 19.0251845 ], [ 72.8391744, 19.0251972 ], [ 72.8390551, 19.0251376 ], [ 72.8389223, 19.0250983 ], [ 72.8388298, 19.0250894 ], [ 72.838807, 19.0251795 ] ] ] } },
{ "type": "Feature", "properties": { "element": "way", "id": 978615010, "name": "IES Padmakar Dhamdhere", "category": "schools" }, "geometry": { "type": "Polygon", "coordinates": [ [ [ 72.847842, 19.02171 ], [ 72.8479154, 19.0216331 ], [ 72.8482662, 19.0218816 ], [ 72.8483006, 19.021909 ], [ 72.8482349, 19.0219933 ], [ 72.8478741, 19.0217333 ], [ 72.847842, 19.02171 ] ] ] } },
{ "type": "Feature", "properties": { "element": "way", "id": 978824051, "name": "Lord Harris Municipal Marathi School", "category": "schools" }, "geometry": { "type": "Polygon", "coordinates": [ [ [ 72.8306845, 18.9450094 ], [ 72.8309513, 18.9452136 ], [ 72.8311988, 18.9449475 ], [ 72.8309156, 18.9447231 ], [ 72.8306845, 18.9450094 ] ] ] } },
{ "type": "Feature", "properties": { "element": "way", "id": 978824053, "name": "Holy Name High School", "category": "schools" }, "geometry": { "type": "Polygon", "coordinates": [ [ [ 72.8304262, 18.9229643 ], [ 72.8308459, 18.9232727 ], [ 72.8308851, 18.9232996 ], [ 72.8309561, 18.923259 ], [ 72.8309622, 18.9228076 ], [ 72.8309239, 18.922719 ], [ 72.8304262, 18.9229643 ] ] ] } },
{ "type": "Feature", "properties": { "element": "way", "id": 978824057, "name": "Army Public School", "category": "schools" }, "geometry": { "type": "Polygon", "coordinates": [ [ [ 72.8119325, 18.9003419 ], [ 72.8126753, 18.9000759 ], [ 72.8133982, 18.8998554 ], [ 72.8138956, 18.9004632 ], [ 72.8141033, 18.9009014 ], [ 72.814934, 18.9023609 ], [ 72.8143483, 18.9025926 ], [ 72.8141948, 18.9026533 ], [ 72.8136894, 18.9028532 ], [ 72.812796, 18.9028546 ], [ 72.8127308, 18.9026143 ], [ 72.8119326, 18.9005364 ], [ 72.8118961, 18.9004037 ], [ 72.8119325, 18.9003419 ] ] ] } },
{ "type": "Feature", "properties": { "element": "way", "id": 978824059, "name": "Kendriya Vidyalaya No.1, Colaba", "category": "schools" }, "geometry": { "type": "Polygon", "coordinates": [ [ [ 72.8100094, 18.90737 ], [ 72.8103983, 18.9081617 ], [ 72.8108275, 18.9087326 ], [ 72.8111331, 18.908527 ], [ 72.8110646, 18.9078437 ], [ 72.8105988, 18.907224 ], [ 72.8100668, 18.9072717 ], [ 72.8100094, 18.90737 ] ] ] } },
{ "type": "Feature", "properties": { "element": "way", "id": 979362799, "name": "St. Teresa High School", "category": "schools" }, "geometry": { "type": "Polygon", "coordinates": [ [ [ 72.8194293, 18.952606 ], [ 72.8193314, 18.9525274 ], [ 72.8193197, 18.9525405 ], [ 72.8191447, 18.9523999 ], [ 72.8190827, 18.952469 ], [ 72.8190687, 18.9524845 ], [ 72.8192508, 18.9526308 ], [ 72.8191844, 18.9527047 ], [ 72.8190451, 18.9525927 ], [ 72.8189786, 18.9526668 ], [ 72.8189968, 18.9526814 ], [ 72.8188053, 18.9528947 ], [ 72.8189434, 18.9530056 ], [ 72.8189682, 18.952978 ], [ 72.819063, 18.9530542 ], [ 72.8190842, 18.9530306 ], [ 72.8192535, 18.9531666 ], [ 72.8193606, 18.9530473 ], [ 72.8191703, 18.9528945 ], [ 72.8194293, 18.952606 ] ] ] } },
{ "type": "Feature", "properties": { "element": "way", "id": 979362804, "name": "Victoria Memorial School for the Blind", "category": "schools" }, "geometry": { "type": "Polygon", "coordinates": [ [ [ 72.8138383, 18.9743678 ], [ 72.8140099, 18.9744769 ], [ 72.8140517, 18.974418 ], [ 72.8140146, 18.9743944 ], [ 72.8140437, 18.9743536 ], [ 72.8141116, 18.9743967 ], [ 72.8141668, 18.974319 ], [ 72.8139644, 18.9741903 ], [ 72.8138383, 18.9743678 ] ] ] } },
{ "type": "Feature", "properties": { "element": "way", "id": 979362806, "name": "Yusuf Meherali Vidyalaya", "category": "schools" }, "geometry": { "type": "Polygon", "coordinates": [ [ [ 72.8177663, 18.9735371 ], [ 72.8177084, 18.9734766 ], [ 72.8175517, 18.9733134 ], [ 72.8177064, 18.9731847 ], [ 72.8182358, 18.973153 ], [ 72.8181795, 18.973319 ], [ 72.8177663, 18.9735371 ] ] ] } },
{ "type": "Feature", "properties": { "element": "way", "id": 979362809, "name": "Sir C. J. High School (Secondary)", "category": "schools" }, "geometry": { "type": "Polygon", "coordinates": [ [ [ 72.8166405, 18.972097 ], [ 72.8166358, 18.9719042 ], [ 72.8167478, 18.9719018 ], [ 72.8167498, 18.9719822 ], [ 72.816829, 18.9719805 ], [ 72.8168317, 18.9720928 ], [ 72.8166405, 18.972097 ] ] ] } },
{ "type": "Feature", "properties": { "element": "way", "id": 979362815, "name": "Hill Spring International School", "category": "schools" }, "geometry": { "type": "Polygon", "coordinates": [ [ [ 72.8130801, 18.9728971 ], [ 72.8129589, 18.9732126 ], [ 72.8123939, 18.9730146 ], [ 72.8125172, 18.9727 ], [ 72.8130801, 18.9728971 ] ] ] } },
{ "type": "Feature", "properties": { "element": "way", "id": 979362816, "name": "Bai Ruttonbai F D Panday Girls' High School", "category": "schools" }, "geometry": { "type": "Polygon", "coordinates": [ [ [ 72.8180493, 18.9673619 ], [ 72.8179273, 18.9670639 ], [ 72.8179911, 18.9670405 ], [ 72.8180981, 18.9673017 ], [ 72.8180626, 18.9673146 ], [ 72.8180777, 18.9673515 ], [ 72.8180493, 18.9673619 ] ] ] } },
{ "type": "Feature", "properties": { "element": "way", "id": 979371199, "name": "Bai Ratan F. Pavri High School", "category": "schools" }, "geometry": { "type": "Polygon", "coordinates": [ [ [ 72.8215088, 18.9610696 ], [ 72.8214646, 18.960918 ], [ 72.8216749, 18.9608631 ], [ 72.8217192, 18.9610147 ], [ 72.8215088, 18.9610696 ] ] ] } },
{ "type": "Feature", "properties": { "element": "way", "id": 979371200, "name": "St. Mary's High School (S.S.C.)", "category": "schools" }, "geometry": { "type": "Polygon", "coordinates": [ [ [ 72.8358036, 18.9699207 ], [ 72.8362059, 18.9697032 ], [ 72.8363775, 18.9703062 ], [ 72.8359142, 18.9704229 ], [ 72.8358036, 18.9699207 ] ] ] } },
{ "type": "Feature", "properties": { "element": "way", "id": 979371201, "name": "St. Joseph's Girls' High School", "category": "schools" }, "geometry": { "type": "Polygon", "coordinates": [ [ [ 72.8248581, 18.973442 ], [ 72.8255904, 18.9736829 ], [ 72.8256593, 18.9736957 ], [ 72.82641, 18.9738921 ], [ 72.8264675, 18.9738605 ], [ 72.8261925, 18.9731046 ], [ 72.8252618, 18.972889 ], [ 72.8250076, 18.9732372 ], [ 72.8248581, 18.973442 ] ] ] } },
{ "type": "Feature", "properties": { "element": "way", "id": 979371202, "name": "Regina Pacis Convent High School", "category": "schools" }, "geometry": { "type": "Polygon", "coordinates": [ [ [ 72.8342847, 18.973806 ], [ 72.8350639, 18.9742093 ], [ 72.8351468, 18.9737795 ], [ 72.8346241, 18.9736246 ], [ 72.8345107, 18.9735792 ], [ 72.8342847, 18.973806 ] ] ] } },
{ "type": "Feature", "properties": { "element": "way", "id": 979371204, "name": "Hume High School", "category": "schools" }, "geometry": { "type": "Polygon", "coordinates": [ [ [ 72.8329138, 18.967087 ], [ 72.8334773, 18.9670509 ], [ 72.8335089, 18.9674916 ], [ 72.833917, 18.9674655 ], [ 72.8338832, 18.9669953 ], [ 72.8329117, 18.9670577 ], [ 72.8329128, 18.9670721 ], [ 72.8329138, 18.967087 ] ] ] } },
{ "type": "Feature", "properties": { "element": "way", "id": 979371205, "name": "St. Anthony's Home And Girl's High School", "category": "schools" }, "geometry": { "type": "Polygon", "coordinates": [ [ [ 72.8253611, 18.967476 ], [ 72.82614, 18.9671023 ], [ 72.8261911, 18.9672142 ], [ 72.8261544, 18.9675315 ], [ 72.8257534, 18.9676818 ], [ 72.8254791, 18.9677652 ], [ 72.8253611, 18.967476 ] ] ] } },
{ "type": "Feature", "properties": { "element": "way", "id": 979371206, "name": "Kamathipura BMC Municipal School", "category": "schools" }, "geometry": { "type": "Polygon", "coordinates": [ [ [ 72.8249855, 18.965001 ], [ 72.8253128, 18.9648374 ], [ 72.825385, 18.9649665 ], [ 72.8258471, 18.9647567 ], [ 72.8259348, 18.9649437 ], [ 72.8251042, 18.9653155 ], [ 72.825068, 18.9653269 ], [ 72.8250352, 18.9653225 ], [ 72.8250103, 18.9653047 ], [ 72.8249855, 18.965001 ] ] ] } },
{ "type": "Feature", "properties": { "element": "way", "id": 979386026, "name": "Marine Engineering and Research Institute - Mumbai Port Campus", "category": "schools" }, "geometry": { "type": "Polygon", "coordinates": [ [ [ 72.8589681, 18.9818126 ], [ 72.8591423, 18.9813536 ], [ 72.8595471, 18.9800836 ], [ 72.8608277, 18.9812654 ], [ 72.8604305, 18.9822921 ], [ 72.8589681, 18.9818126 ] ] ] } },
{ "type": "Feature", "properties": { "element": "way", "id": 979386027, "name": "Social Service League High School", "category": "schools" }, "geometry": { "type": "Polygon", "coordinates": [ [ [ 72.8380603, 19.0050433 ], [ 72.8383074, 19.0055492 ], [ 72.8387479, 19.0053248 ], [ 72.838613, 19.0051254 ], [ 72.8388024, 19.0050494 ], [ 72.8386532, 19.0048176 ], [ 72.8380603, 19.0050433 ] ] ] } },
{ "type": "Feature", "properties": { "element": "way", "id": 979397731, "name": "Victoria High school", "category": "schools" }, "geometry": { "type": "Polygon", "coordinates": [ [ [ 72.8416273, 19.0347197 ], [ 72.8421986, 19.0346716 ], [ 72.8422335, 19.0352142 ], [ 72.842204, 19.035294 ], [ 72.842149, 19.0353574 ], [ 72.8420551, 19.0353917 ], [ 72.841685, 19.0354234 ], [ 72.8416273, 19.0347197 ] ] ] } },
{ "type": "Feature", "properties": { "element": "way", "id": 979397732, "name": "SaS Billabong High International School", "category": "schools" }, "geometry": { "type": "Polygon", "coordinates": [ [ [ 72.8393749, 19.0395214 ], [ 72.8393367, 19.0392032 ], [ 72.8390142, 19.0392336 ], [ 72.8390054, 19.0395949 ], [ 72.8393749, 19.0395214 ] ] ] } },
{ "type": "Feature", "properties": { "element": "way", "id": 979397734, "name": "SMES High School", "category": "schools" }, "geometry": { "type": "Polygon", "coordinates": [ [ [ 72.8472935, 19.0348452 ], [ 72.8476368, 19.0348446 ], [ 72.8476364, 19.0346519 ], [ 72.8472546, 19.0346526 ], [ 72.8472548, 19.0347762 ], [ 72.8472933, 19.0347761 ], [ 72.8472935, 19.0348452 ] ] ] } },
{ "type": "Feature", "properties": { "element": "way", "id": 979397736, "name": "Mahim Causeway Municipal Marathi School", "category": "schools" }, "geometry": { "type": "Polygon", "coordinates": [ [ [ 72.8379852, 19.0473561 ], [ 72.8380311, 19.0473561 ], [ 72.8380311, 19.0473155 ], [ 72.8379852, 19.0473155 ], [ 72.8379852, 19.0473561 ] ] ] } },
{ "type": "Feature", "properties": { "element": "way", "id": 979397737, "name": "Canossa Special School", "category": "schools" }, "geometry": { "type": "Polygon", "coordinates": [ [ [ 72.8438428, 19.0384419 ], [ 72.8438683, 19.0376648 ], [ 72.8441806, 19.0376739 ], [ 72.8441551, 19.038451 ], [ 72.8438428, 19.0384419 ] ] ] } },
{ "type": "Feature", "properties": { "element": "way", "id": 979397738, "name": "Canossa Girls High School", "category": "schools" }, "geometry": { "type": "Polygon", "coordinates": [ [ [ 72.8429778, 19.0392317 ], [ 72.8430329, 19.0392408 ], [ 72.8433451, 19.0392921 ], [ 72.843757, 19.0393597 ], [ 72.8434391, 19.0399061 ], [ 72.8429, 19.0396754 ], [ 72.8429778, 19.0392317 ] ] ] } },
{ "type": "Feature", "properties": { "element": "way", "id": 979397739, "name": "Gandhi Memorial English High School", "category": "schools" }, "geometry": { "type": "Polygon", "coordinates": [ [ [ 72.8527471, 19.0369447 ], [ 72.8529209, 19.03685 ], [ 72.8530577, 19.0370942 ], [ 72.8528769, 19.0371808 ], [ 72.8527471, 19.0369447 ] ] ] } },
{ "type": "Feature", "properties": { "element": "way", "id": 979397740, "name": "Banyan Tree English School", "category": "schools" }, "geometry": { "type": "Polygon", "coordinates": [ [ [ 72.8519753, 19.0366632 ], [ 72.851874, 19.0365035 ], [ 72.8520217, 19.0364198 ], [ 72.8521229, 19.0365796 ], [ 72.8519753, 19.0366632 ] ] ] } },
{ "type": "Feature", "properties": { "element": "way", "id": 979397741, "name": "A.I.’s Allana Boys High School & Jr. College", "category": "schools" }, "geometry": { "type": "Polygon", "coordinates": [ [ [ 72.8485119, 19.0334108 ], [ 72.848652, 19.0334 ], [ 72.8486324, 19.0331718 ], [ 72.8484922, 19.0331826 ], [ 72.8485119, 19.0334108 ] ] ] } },
{ "type": "Feature", "properties": { "element": "way", "id": 979397745, "name": "St. Michael High School", "category": "schools" }, "geometry": { "type": "Polygon", "coordinates": [ [ [ 72.8404471, 19.0425468 ], [ 72.8408025, 19.0418179 ], [ 72.8410238, 19.0419129 ], [ 72.8411058, 19.0421265 ], [ 72.841115, 19.0425823 ], [ 72.8411204, 19.0427281 ], [ 72.8411002, 19.0429056 ], [ 72.8404243, 19.0428282 ], [ 72.8404471, 19.0425468 ] ] ] } },
{ "type": "Feature", "properties": { "element": "way", "id": 979405310, "name": "Shishuvan School", "category": "schools" }, "geometry": { "type": "Polygon", "coordinates": [ [ [ 72.8563017, 19.0301481 ], [ 72.8561863, 19.0295776 ], [ 72.8565162, 19.0295205 ], [ 72.8565806, 19.0297538 ], [ 72.8569441, 19.0296663 ], [ 72.8571439, 19.0299858 ], [ 72.8563017, 19.0301481 ] ] ] } },
{ "type": "Feature", "properties": { "element": "way", "id": 979583328, "name": "Elphinstone Road Municipal School", "category": "schools" }, "geometry": { "type": "Polygon", "coordinates": [ [ [ 72.8353832, 19.007491 ], [ 72.8354619, 19.0075974 ], [ 72.8355616, 19.0075315 ], [ 72.8354829, 19.0074251 ], [ 72.8353832, 19.007491 ] ] ] } },
{ "type": "Feature", "properties": { "element": "way", "id": 979583329, "name": "Lala Lajpatrai College", "category": "schools" }, "geometry": { "type": "Polygon", "coordinates": [ [ [ 72.8140649, 18.9811535 ], [ 72.814434, 18.9815718 ], [ 72.8147621, 18.9813129 ], [ 72.8143929, 18.9808946 ], [ 72.8140649, 18.9811535 ] ] ] } },
{ "type": "Feature", "properties": { "element": "way", "id": 979583330, "name": "Worli Seaface BMC High School", "category": "schools" }, "geometry": { "type": "Polygon", "coordinates": [ [ [ 72.815717, 19.0099626 ], [ 72.8161877, 19.0097234 ], [ 72.8159488, 19.0093068 ], [ 72.8154799, 19.0095561 ], [ 72.815717, 19.0099626 ] ] ] } },
{ "type": "Feature", "properties": { "element": "way", "id": 979610950, "name": "Omkar Education Sangh", "category": "schools" }, "geometry": { "type": "Polygon", "coordinates": [ [ [ 72.8424406, 19.0120598 ], [ 72.8424269, 19.0119817 ], [ 72.8426257, 19.0119484 ], [ 72.842638, 19.0120294 ], [ 72.8424406, 19.0120598 ] ] ] } },
{ "type": "Feature", "properties": { "element": "way", "id": 979610951, "name": "Shri Hirji Ghelabai Savala Vidyalaya", "category": "schools" }, "geometry": { "type": "Polygon", "coordinates": [ [ [ 72.8565162, 19.0295205 ], [ 72.8568564, 19.0294408 ], [ 72.8569441, 19.0296663 ], [ 72.8565806, 19.0297538 ], [ 72.8565162, 19.0295205 ] ] ] } },
{ "type": "Feature", "properties": { "element": "way", "id": 979610953, "name": "Abhyudaya Nagar Municipal School", "category": "schools" }, "geometry": { "type": "Polygon", "coordinates": [ [ [ 72.8428146, 18.9908984 ], [ 72.8431711, 18.9908021 ], [ 72.8429929, 18.9903254 ], [ 72.8426551, 18.9904105 ], [ 72.8428146, 18.9908984 ] ] ] } },
{ "type": "Feature", "properties": { "element": "way", "id": 979872900, "name": null, "category": "schools" }, "geometry": { "type": "Polygon", "coordinates": [ [ [ 72.9493596, 19.1894541 ], [ 72.9491745, 19.1891311 ], [ 72.9484744, 19.189387 ], [ 72.9485294, 19.1896618 ], [ 72.9487574, 19.1896694 ], [ 72.9489371, 19.1896453 ], [ 72.9489022, 19.1894933 ], [ 72.9490753, 19.1894718 ], [ 72.9490927, 19.1895136 ], [ 72.9493596, 19.1894541 ] ] ] } },
{ "type": "Feature", "properties": { "element": "way", "id": 981822226, "name": "Sayani Road Municipal School", "category": "schools" }, "geometry": { "type": "Polygon", "coordinates": [ [ [ 72.8320625, 19.0140195 ], [ 72.8322946, 19.0141438 ], [ 72.8324944, 19.0137989 ], [ 72.8322605, 19.0136778 ], [ 72.8320625, 19.0140195 ] ] ] } },
{ "type": "Feature", "properties": { "element": "way", "id": 981822227, "name": "Rachana Sansad's Academy Of Architecture", "category": "schools" }, "geometry": { "type": "Polygon", "coordinates": [ [ [ 72.8309554, 19.0148531 ], [ 72.8314012, 19.0150689 ], [ 72.8315168, 19.0148304 ], [ 72.8310777, 19.0146247 ], [ 72.8309554, 19.0148531 ] ] ] } },
{ "type": "Feature", "properties": { "element": "way", "id": 981839505, "name": "Ashok Academy School", "category": "schools" }, "geometry": { "type": "Polygon", "coordinates": [ [ [ 72.8274465, 19.1414306 ], [ 72.8274743, 19.1414442 ], [ 72.8276181, 19.1415146 ], [ 72.8276424, 19.1414773 ], [ 72.8276791, 19.1414959 ], [ 72.8277338, 19.141409 ], [ 72.8276831, 19.14138 ], [ 72.8276446, 19.1413579 ], [ 72.8275804, 19.1413211 ], [ 72.8275619, 19.1413615 ], [ 72.8274962, 19.1413314 ], [ 72.8274465, 19.1414306 ] ] ] } },
{ "type": "Feature", "properties": { "element": "way", "id": 981962241, "name": "Muktangan School", "category": "schools" }, "geometry": { "type": "Polygon", "coordinates": [ [ [ 72.830075, 19.0064117 ], [ 72.830126, 19.0064092 ], [ 72.8305659, 19.0070914 ], [ 72.8305632, 19.0072638 ], [ 72.8300911, 19.007274 ], [ 72.830075, 19.0064117 ] ] ] } },
{ "type": "Feature", "properties": { "element": "way", "id": 986752199, "name": "DAV School", "category": "schools" }, "geometry": { "type": "Polygon", "coordinates": [ [ [ 72.974807, 19.2228155 ], [ 72.9750314, 19.2227882 ], [ 72.9750648, 19.2227625 ], [ 72.9750653, 19.2227063 ], [ 72.9750382, 19.2225421 ], [ 72.9750321, 19.2225047 ], [ 72.9750176, 19.2224496 ], [ 72.9749793, 19.2223031 ], [ 72.9748884, 19.2220616 ], [ 72.974795, 19.2218706 ], [ 72.9740997, 19.2218913 ], [ 72.9741288, 19.2224537 ], [ 72.9747438, 19.2223859 ], [ 72.9747873, 19.2224683 ], [ 72.9748161, 19.2226321 ], [ 72.974807, 19.2228155 ] ] ] } },
{ "type": "Feature", "properties": { "element": "way", "id": 994865765, "name": "Rainbow International Preschool", "category": "schools" }, "geometry": { "type": "Polygon", "coordinates": [ [ [ 72.9711376, 19.2328848 ], [ 72.9708676, 19.2327994 ], [ 72.9709572, 19.232547 ], [ 72.9712271, 19.2326323 ], [ 72.9711376, 19.2328848 ] ] ] } },
{ "type": "Feature", "properties": { "element": "way", "id": 996699758, "name": null, "category": "schools" }, "geometry": { "type": "Polygon", "coordinates": [ [ [ 72.9644316, 19.2221467 ], [ 72.9650858, 19.2221009 ], [ 72.9650406, 19.222551 ], [ 72.9644471, 19.2228224 ], [ 72.9644316, 19.2221467 ] ] ] } },
{ "type": "Feature", "properties": { "element": "way", "id": 997273302, "name": "B.S. Bane International School", "category": "schools" }, "geometry": { "type": "Polygon", "coordinates": [ [ [ 72.9680659, 19.2243303 ], [ 72.968284, 19.2238222 ], [ 72.9685722, 19.2238789 ], [ 72.9685434, 19.2243401 ], [ 72.9680659, 19.2243303 ] ] ] } },
{ "type": "Feature", "properties": { "element": "way", "id": 997273304, "name": "Anmol Vidyamandir", "category": "schools" }, "geometry": { "type": "Polygon", "coordinates": [ [ [ 72.9681486, 19.2253431 ], [ 72.9681519, 19.2251431 ], [ 72.9678063, 19.2249349 ], [ 72.9677639, 19.2250321 ], [ 72.9680275, 19.225182 ], [ 72.9678787, 19.2254153 ], [ 72.9680043, 19.2254953 ], [ 72.9680251, 19.2254162 ], [ 72.9681486, 19.2253431 ] ] ] } },
{ "type": "Feature", "properties": { "element": "way", "id": 1000202105, "name": "Seven Square Academy", "category": "schools" }, "geometry": { "type": "Polygon", "coordinates": [ [ [ 72.8637766, 19.2953314 ], [ 72.8650745, 19.2944097 ], [ 72.8650881, 19.2945185 ], [ 72.8651349, 19.2948788 ], [ 72.8650151, 19.2948804 ], [ 72.8647968, 19.2950471 ], [ 72.8656924, 19.2960511 ], [ 72.8649245, 19.2966139 ], [ 72.8644592, 19.296083 ], [ 72.8645418, 19.2960151 ], [ 72.8641343, 19.2955729 ], [ 72.8640517, 19.2956408 ], [ 72.8637766, 19.2953314 ] ] ] } },
{ "type": "Feature", "properties": { "element": "way", "id": 1001998400, "name": "MES Vidya Mandir School & Junior College", "category": "schools" }, "geometry": { "type": "Polygon", "coordinates": [ [ [ 73.0301143, 19.0178087 ], [ 73.0306994, 19.0184019 ], [ 73.0311208, 19.0180304 ], [ 73.0310792, 19.0179882 ], [ 73.0307893, 19.0176943 ], [ 73.0306392, 19.0178266 ], [ 73.0303857, 19.0175695 ], [ 73.0301143, 19.0178087 ] ] ] } },
{ "type": "Feature", "properties": { "element": "way", "id": 1002000827, "name": "SVPM's Sanskar Public School", "category": "schools" }, "geometry": { "type": "Polygon", "coordinates": [ [ [ 72.9555779, 19.2168529 ], [ 72.9558335, 19.2167405 ], [ 72.9562335, 19.2165647 ], [ 72.9560937, 19.2162527 ], [ 72.956057, 19.2162289 ], [ 72.9560126, 19.2162352 ], [ 72.955658, 19.2163845 ], [ 72.9554836, 19.2164579 ], [ 72.9554723, 19.2164859 ], [ 72.9554683, 19.2165176 ], [ 72.9554804, 19.2166176 ], [ 72.9555112, 19.2167177 ], [ 72.9555779, 19.2168529 ] ] ] } },
{ "type": "Feature", "properties": { "element": "way", "id": 1008059712, "name": "BMC School", "category": "schools" }, "geometry": { "type": "Polygon", "coordinates": [ [ [ 72.8300131, 19.1474396 ], [ 72.8299552, 19.1469372 ], [ 72.8304609, 19.1469026 ], [ 72.8304971, 19.1474073 ], [ 72.8300131, 19.1474396 ] ] ] } },
{ "type": "Feature", "properties": { "element": "way", "id": 1009229727, "name": "Shah & Anchor Kutchhi Engineering College", "category": "schools" }, "geometry": { "type": "Polygon", "coordinates": [ [ [ 72.9120704, 19.0484775 ], [ 72.9118502, 19.0473831 ], [ 72.9114655, 19.0474721 ], [ 72.9113916, 19.0474869 ], [ 72.9115084, 19.0480061 ], [ 72.9114262, 19.0480226 ], [ 72.9115365, 19.0485659 ], [ 72.9120704, 19.0484775 ] ] ] } },
{ "type": "Feature", "properties": { "element": "way", "id": 1014517842, "name": "Bombay Cambridge International School", "category": "schools" }, "geometry": { "type": "Polygon", "coordinates": [ [ [ 72.8621354, 19.1054241 ], [ 72.8623552, 19.1054997 ], [ 72.8624106, 19.1053558 ], [ 72.862308, 19.1053204 ], [ 72.8621909, 19.1052802 ], [ 72.8621354, 19.1054241 ] ] ] } },
{ "type": "Feature", "properties": { "element": "way", "id": 1014994613, "name": null, "category": "schools" }, "geometry": { "type": "Polygon", "coordinates": [ [ [ 72.8656553, 19.2848367 ], [ 72.8662239, 19.2847987 ], [ 72.8661059, 19.2851051 ], [ 72.8665056, 19.285262 ], [ 72.8662159, 19.2859405 ], [ 72.8658494, 19.2856957 ], [ 72.8656127, 19.2856347 ], [ 72.8656486, 19.2849103 ], [ 72.8656553, 19.2848367 ] ] ] } },
{ "type": "Feature", "properties": { "element": "way", "id": 1017391916, "name": "Rainbow international school", "category": "schools" }, "geometry": { "type": "Polygon", "coordinates": [ [ [ 72.9829212, 19.2425053 ], [ 72.9829663, 19.2429106 ], [ 72.9837039, 19.2433057 ], [ 72.9837549, 19.2431917 ], [ 72.9837388, 19.2430119 ], [ 72.9842484, 19.2429841 ], [ 72.9842035, 19.2423583 ], [ 72.9838622, 19.2423485 ], [ 72.9838231, 19.2411683 ], [ 72.9835537, 19.2411886 ], [ 72.9835564, 19.2415685 ], [ 72.9833177, 19.2416065 ], [ 72.9834679, 19.2419407 ], [ 72.9832784, 19.2419955 ], [ 72.9833981, 19.2423206 ], [ 72.9829212, 19.2425053 ] ] ] } },
{ "type": "Feature", "properties": { "element": "way", "id": 1024126863, "name": null, "category": "schools" }, "geometry": { "type": "Polygon", "coordinates": [ [ [ 72.8624139, 19.2096499 ], [ 72.8626928, 19.20966 ], [ 72.8626365, 19.2092472 ], [ 72.8623602, 19.2092624 ], [ 72.8624139, 19.2096499 ] ] ] } },
{ "type": "Feature", "properties": { "element": "way", "id": 1025464452, "name": "Goenka Police School", "category": "schools" }, "geometry": { "type": "Polygon", "coordinates": [ [ [ 72.9813436, 19.1958781 ], [ 72.9813087, 19.1954449 ], [ 72.9813248, 19.1953993 ], [ 72.9813637, 19.1953765 ], [ 72.9818344, 19.1952854 ], [ 72.9819229, 19.1957831 ], [ 72.9813436, 19.1958781 ] ] ] } },
{ "type": "Feature", "properties": { "element": "way", "id": 1027121220, "name": "Mount Litera School International", "category": "schools" }, "geometry": { "type": "Polygon", "coordinates": [ [ [ 72.8597402, 19.0648936 ], [ 72.8599441, 19.0645516 ], [ 72.859755, 19.0644274 ], [ 72.8599658, 19.0641043 ], [ 72.8599173, 19.0640699 ], [ 72.8596517, 19.064217 ], [ 72.8593078, 19.0642741 ], [ 72.8589955, 19.0642948 ], [ 72.8590709, 19.0649717 ], [ 72.8597402, 19.0648936 ] ] ] } },
{ "type": "Feature", "properties": { "element": "way", "id": 1027121223, "name": "Arya Vidya Mandir", "category": "schools" }, "geometry": { "type": "Polygon", "coordinates": [ [ [ 72.8593751, 19.0655298 ], [ 72.8593114, 19.0650635 ], [ 72.8578908, 19.0652368 ], [ 72.8579554, 19.065701 ], [ 72.8585308, 19.0656348 ], [ 72.8593751, 19.0655298 ] ] ] } },
{ "type": "Feature", "properties": { "element": "way", "id": 1031952048, "name": "veena nagar bmc school", "category": "schools" }, "geometry": { "type": "Polygon", "coordinates": [ [ [ 72.9434001, 19.1829712 ], [ 72.9437151, 19.1828385 ], [ 72.943481, 19.1824565 ], [ 72.9431403, 19.1826415 ], [ 72.9434001, 19.1829712 ] ] ] } },
{ "type": "Feature", "properties": { "element": "way", "id": 1050345044, "name": "Indian Institute of Geomagnetism", "category": "schools" }, "geometry": { "type": "Polygon", "coordinates": [ [ [ 72.8125213, 18.8966805 ], [ 72.8128056, 18.8970865 ], [ 72.8122598, 18.8974532 ], [ 72.8119366, 18.897018 ], [ 72.8125213, 18.8966805 ] ] ] } },
{ "type": "Feature", "properties": { "element": "way", "id": 1053903057, "name": "Vidya Prasarsk High School & College", "category": "schools" }, "geometry": { "type": "Polygon", "coordinates": [ [ [ 73.0344341, 19.0135157 ], [ 73.0343421, 19.0130506 ], [ 73.034604, 19.012393 ], [ 73.0354657, 19.0127076 ], [ 73.0353702, 19.0135625 ], [ 73.0344341, 19.0135157 ] ] ] } },
{ "type": "Feature", "properties": { "element": "way", "id": 1053903060, "name": "Vidya Utkarsh Mandal English Medium School", "category": "schools" }, "geometry": { "type": "Polygon", "coordinates": [ [ [ 73.0338703, 19.0135711 ], [ 73.0341844, 19.0135735 ], [ 73.0341811, 19.0139625 ], [ 73.0338669, 19.01396 ], [ 73.0338686, 19.0137656 ], [ 73.0338703, 19.0135711 ] ] ] } },
{ "type": "Feature", "properties": { "element": "way", "id": 1059021264, "name": null, "category": "schools" }, "geometry": { "type": "Polygon", "coordinates": [ [ [ 72.8376531, 19.0737849 ], [ 72.8382625, 19.0737342 ], [ 72.8383849, 19.0744825 ], [ 72.8377153, 19.0745179 ], [ 72.8376531, 19.0737849 ] ] ] } },
{ "type": "Feature", "properties": { "element": "way", "id": 1070951550, "name": null, "category": "schools" }, "geometry": { "type": "Polygon", "coordinates": [ [ [ 72.9932045, 19.1598647 ], [ 72.9942482, 19.1598216 ], [ 72.9943005, 19.1593157 ], [ 72.9931949, 19.1593638 ], [ 72.9932045, 19.1598647 ] ] ] } },
{ "type": "Feature", "properties": { "element": "way", "id": 1076145035, "name": "TMC School", "category": "schools" }, "geometry": { "type": "Polygon", "coordinates": [ [ [ 72.9713475, 19.2196727 ], [ 72.9715845, 19.2195184 ], [ 72.9717133, 19.2194347 ], [ 72.9717493, 19.2194959 ], [ 72.9718716, 19.2194687 ], [ 72.9719838, 19.2196312 ], [ 72.9720531, 19.2197312 ], [ 72.971667, 19.2200076 ], [ 72.9713475, 19.2196727 ] ] ] } },
{ "type": "Feature", "properties": { "element": "way", "id": 1078447521, "name": "School of Management", "category": "schools" }, "geometry": { "type": "Polygon", "coordinates": [ [ [ 73.0237163, 19.04468 ], [ 73.0240364, 19.0450616 ], [ 73.0243196, 19.0454856 ], [ 73.0244173, 19.0456879 ], [ 73.0246721, 19.0456244 ], [ 73.0246697, 19.0453386 ], [ 73.0245751, 19.0433574 ], [ 73.0244553, 19.0432528 ], [ 73.0238147, 19.0438996 ], [ 73.0241718, 19.0442028 ], [ 73.0237163, 19.04468 ] ] ] } },
{ "type": "Feature", "properties": { "element": "way", "id": 1080710143, "name": "Arun Muchhala polytechnic college", "category": "schools" }, "geometry": { "type": "Polygon", "coordinates": [ [ [ 72.9698262, 19.2634898 ], [ 72.9699135, 19.2632632 ], [ 72.969928, 19.2632255 ], [ 72.9698941, 19.26271 ], [ 72.969507, 19.2625833 ], [ 72.9692358, 19.2632871 ], [ 72.9698262, 19.2634898 ] ] ] } },
{ "type": "Feature", "properties": { "element": "way", "id": 1087338634, "name": "M H High School", "category": "schools" }, "geometry": { "type": "Polygon", "coordinates": [ [ [ 72.9761542, 19.19077 ], [ 72.9760722, 19.1901562 ], [ 72.9758975, 19.1901768 ], [ 72.975748, 19.1902008 ], [ 72.9756899, 19.1903805 ], [ 72.9756462, 19.1906462 ], [ 72.975679, 19.1907829 ], [ 72.9761542, 19.19077 ] ] ] } },
{ "type": "Feature", "properties": { "element": "way", "id": 1095176119, "name": "Gokuldham School", "category": "schools" }, "geometry": { "type": "Polygon", "coordinates": [ [ [ 72.8677924, 19.1743305 ], [ 72.8678987, 19.1743688 ], [ 72.8681287, 19.1740035 ], [ 72.86786, 19.1738672 ], [ 72.8676662, 19.1742934 ], [ 72.8677924, 19.1743305 ] ] ] } },
{ "type": "Feature", "properties": { "element": "way", "id": 1117114689, "name": "st rocks school", "category": "schools" }, "geometry": { "type": "Polygon", "coordinates": [ [ [ 72.8257711, 19.228581 ], [ 72.8260638, 19.2285224 ], [ 72.8261463, 19.2290421 ], [ 72.8258667, 19.2290822 ], [ 72.8257711, 19.228581 ] ] ] } },
{ "type": "Feature", "properties": { "element": "way", "id": 1117438252, "name": null, "category": "schools" }, "geometry": { "type": "Polygon", "coordinates": [ [ [ 73.0290062, 19.1594351 ], [ 73.0290538, 19.1585782 ], [ 73.0288158, 19.1583322 ], [ 73.0284742, 19.1580942 ], [ 73.0283734, 19.1582661 ], [ 73.028435, 19.1583296 ], [ 73.0284406, 19.1585094 ], [ 73.028687, 19.1587078 ], [ 73.0287766, 19.1591812 ], [ 73.0288914, 19.1592844 ], [ 73.0287906, 19.159488 ], [ 73.0290062, 19.1594351 ] ] ] } },
{ "type": "Feature", "properties": { "element": "way", "id": 1118596423, "name": "NES Internation School", "category": "schools" }, "geometry": { "type": "Polygon", "coordinates": [ [ [ 72.9399707, 19.1800234 ], [ 72.9395627, 19.1802312 ], [ 72.9393241, 19.1797137 ], [ 72.939764, 19.1795161 ], [ 72.9399707, 19.1800234 ] ] ] } },
{ "type": "Feature", "properties": { "element": "way", "id": 1119968793, "name": "SNDT College", "category": "schools" }, "geometry": { "type": "Polygon", "coordinates": [ [ [ 72.9049033, 19.0842963 ], [ 72.9049167, 19.0842227 ], [ 72.9048335, 19.0840352 ], [ 72.9041002, 19.0836851 ], [ 72.9039296, 19.0840048 ], [ 72.9049033, 19.0842963 ] ] ] } },
{ "type": "Feature", "properties": { "element": "way", "id": 1120054428, "name": "oxford public school", "category": "schools" }, "geometry": { "type": "Polygon", "coordinates": [ [ [ 72.8249949, 19.2175254 ], [ 72.825007, 19.2178575 ], [ 72.8256145, 19.2178394 ], [ 72.8256118, 19.217495 ], [ 72.8249949, 19.2175254 ] ] ] } },
{ "type": "Feature", "properties": { "element": "way", "id": 1120160501, "name": null, "category": "schools" }, "geometry": { "type": "Polygon", "coordinates": [ [ [ 72.9398716, 19.167624 ], [ 72.9400375, 19.1680423 ], [ 72.9401388, 19.1683216 ], [ 72.9403701, 19.1682374 ], [ 72.9401025, 19.1675417 ], [ 72.9398716, 19.167624 ] ] ] } },
{ "type": "Feature", "properties": { "element": "way", "id": 1120635381, "name": "Navjeevan Junior College", "category": "schools" }, "geometry": { "type": "Polygon", "coordinates": [ [ [ 72.9302287, 19.1525694 ], [ 72.9303675, 19.1529624 ], [ 72.931138, 19.152539 ], [ 72.931146, 19.1522755 ], [ 72.9311863, 19.1519816 ], [ 72.93102, 19.1514546 ], [ 72.9304862, 19.1516497 ], [ 72.9307464, 19.1523718 ], [ 72.9302287, 19.1525694 ] ] ] } },
{ "type": "Feature", "properties": { "element": "way", "id": 1121459522, "name": "Shree Sthulbadhra Krupa Labdi Jain International School", "category": "schools" }, "geometry": { "type": "Polygon", "coordinates": [ [ [ 72.9339171, 19.1725968 ], [ 72.9343169, 19.1723821 ], [ 72.934392, 19.1725341 ], [ 72.9340106, 19.1727495 ], [ 72.9339171, 19.1725968 ] ] ] } },
{ "type": "Feature", "properties": { "element": "way", "id": 1122304295, "name": "Holy Angels Marthoma School", "category": "schools" }, "geometry": { "type": "Polygon", "coordinates": [ [ [ 72.9421597, 19.1627373 ], [ 72.9422843, 19.1630799 ], [ 72.9424871, 19.1629997 ], [ 72.9423549, 19.1626707 ], [ 72.9421597, 19.1627373 ] ] ] } },
{ "type": "Feature", "properties": { "element": "way", "id": 1122832158, "name": "Rajaramsheth Vidyalaya", "category": "schools" }, "geometry": { "type": "Polygon", "coordinates": [ [ [ 72.9306069, 19.1633096 ], [ 72.9308188, 19.1631931 ], [ 72.9310361, 19.1638011 ], [ 72.930918, 19.1638391 ], [ 72.9309475, 19.1639962 ], [ 72.9303521, 19.1640596 ], [ 72.9303038, 19.1638822 ], [ 72.9306713, 19.1637606 ], [ 72.9306069, 19.1633096 ] ] ] } },
{ "type": "Feature", "properties": { "element": "way", "id": 1123412915, "name": "Shri Chinai College of Commerce & Economics", "category": "schools" }, "geometry": { "type": "LineString", "coordinates": [ [ 72.851412, 19.120849 ], [ 72.8516856, 19.121551 ], [ 72.8515783, 19.1215484 ], [ 72.8515971, 19.1219716 ], [ 72.8508139, 19.1220249 ], [ 72.8505778, 19.1216979 ], [ 72.8507709, 19.1216422 ], [ 72.8507629, 19.1214116 ], [ 72.8505591, 19.1214293 ], [ 72.850484, 19.1213001 ], [ 72.8514361, 19.1208363 ] ] } },
{ "type": "Feature", "properties": { "element": "way", "id": 1123725998, "name": "Municipalty School", "category": "schools" }, "geometry": { "type": "Polygon", "coordinates": [ [ [ 72.937063, 19.1142776 ], [ 72.9369584, 19.1148225 ], [ 72.9366285, 19.1147844 ], [ 72.9366311, 19.11427 ], [ 72.937063, 19.1142776 ] ] ] } },
{ "type": "Feature", "properties": { "element": "way", "id": 1123725999, "name": "Asmita College", "category": "schools" }, "geometry": { "type": "Polygon", "coordinates": [ [ [ 72.9388761, 19.1198049 ], [ 72.9389325, 19.1202179 ], [ 72.9392087, 19.1202256 ], [ 72.9393777, 19.1198632 ], [ 72.9392973, 19.1197415 ], [ 72.9388761, 19.1198049 ] ] ] } },
{ "type": "Feature", "properties": { "element": "way", "id": 1123730797, "name": "St. Josephs High School", "category": "schools" }, "geometry": { "type": "Polygon", "coordinates": [ [ [ 72.9277289, 19.1105888 ], [ 72.9268706, 19.1107751 ], [ 72.9268798, 19.1102229 ], [ 72.9273416, 19.1102906 ], [ 72.9273838, 19.1101525 ], [ 72.9277369, 19.1100883 ], [ 72.9277289, 19.1105888 ] ] ] } },
{ "type": "Feature", "properties": { "element": "way", "id": 1123859440, "name": null, "category": "schools" }, "geometry": { "type": "Polygon", "coordinates": [ [ [ 72.9092538, 19.0867981 ], [ 72.9101765, 19.087409 ], [ 72.9098681, 19.0877841 ], [ 72.9093719, 19.0873659 ], [ 72.9095274, 19.0871656 ], [ 72.9091814, 19.0868995 ], [ 72.9092538, 19.0867981 ] ] ] } },
{ "type": "Feature", "properties": { "element": "way", "id": 1123953008, "name": "Homi Bhabha National Institute", "category": "schools" }, "geometry": { "type": "Polygon", "coordinates": [ [ [ 72.9247355, 19.0332377 ], [ 72.9264387, 19.0331591 ], [ 72.9265112, 19.0341632 ], [ 72.9264039, 19.0342063 ], [ 72.9264227, 19.0346145 ], [ 72.9247624, 19.0346728 ], [ 72.9246953, 19.0333036 ], [ 72.9247355, 19.0332377 ] ] ] } },
{ "type": "Feature", "properties": { "element": "way", "id": 1123961010, "name": "Shahaji Nagar Municipal Public School", "category": "schools" }, "geometry": { "type": "Polygon", "coordinates": [ [ [ 72.9450023, 19.0382251 ], [ 72.9453941, 19.038472 ], [ 72.9449918, 19.0390425 ], [ 72.9446, 19.0387956 ], [ 72.9450023, 19.0382251 ] ] ] } },
{ "type": "Feature", "properties": { "element": "way", "id": 1126750031, "name": "Sheth Karamshi Kanji English School", "category": "schools" }, "geometry": { "type": "Polygon", "coordinates": [ [ [ 72.9500087, 19.1702489 ], [ 72.9503069, 19.1705633 ], [ 72.9506971, 19.1702137 ], [ 72.9503976, 19.1699082 ], [ 72.9500087, 19.1702489 ] ] ] } },
{ "type": "Feature", "properties": { "element": "way", "id": 1126750034, "name": "Purandare School", "category": "schools" }, "geometry": { "type": "Polygon", "coordinates": [ [ [ 72.949487, 19.1698157 ], [ 72.9492483, 19.1700361 ], [ 72.949061, 19.1700877 ], [ 72.9494955, 19.1705348 ], [ 72.9498705, 19.1702059 ], [ 72.949487, 19.1698157 ] ] ] } },
{ "type": "Feature", "properties": { "element": "way", "id": 1126992613, "name": "National Society For Equal Opportunities For the Handicapped - NASEOH", "category": "schools" }, "geometry": { "type": "Polygon", "coordinates": [ [ [ 72.8938972, 19.0597999 ], [ 72.8939223, 19.0599402 ], [ 72.8940698, 19.0605765 ], [ 72.8941547, 19.0605512 ], [ 72.8940085, 19.0598504 ], [ 72.8939009, 19.0593343 ], [ 72.8938171, 19.0592373 ], [ 72.8936836, 19.0583456 ], [ 72.8935602, 19.0583608 ], [ 72.8927824, 19.0584597 ], [ 72.8926677, 19.0584723 ], [ 72.8927797, 19.0589996 ], [ 72.893575, 19.0596537 ], [ 72.8938972, 19.0597999 ] ] ] } },
{ "type": "Feature", "properties": { "element": "way", "id": 1127574400, "name": null, "category": "schools" }, "geometry": { "type": "Polygon", "coordinates": [ [ [ 72.9303896, 19.1465745 ], [ 72.9305425, 19.1462983 ], [ 72.9305372, 19.1462197 ], [ 72.9309207, 19.1461615 ], [ 72.9309475, 19.1464883 ], [ 72.9303896, 19.1465745 ] ] ] } },
{ "type": "Feature", "properties": { "element": "way", "id": 1127574401, "name": "Parag Vidyalaya And Semi English High School", "category": "schools" }, "geometry": { "type": "Polygon", "coordinates": [ [ [ 72.9301187, 19.1470052 ], [ 72.9300705, 19.1469115 ], [ 72.9302448, 19.1467519 ], [ 72.9303896, 19.1465745 ], [ 72.9309475, 19.1464883 ], [ 72.9310012, 19.1468025 ], [ 72.9301187, 19.1470052 ] ] ] } },
{ "type": "Feature", "properties": { "element": "way", "id": 1127574402, "name": "Sahayadri Vidya Mandir", "category": "schools" }, "geometry": { "type": "Polygon", "coordinates": [ [ [ 72.9298854, 19.1463338 ], [ 72.9304647, 19.1461412 ], [ 72.9305023, 19.1462983 ], [ 72.930057, 19.1468355 ], [ 72.9298854, 19.1463338 ] ] ] } },
{ "type": "Feature", "properties": { "element": "way", "id": 1127574406, "name": null, "category": "schools" }, "geometry": { "type": "Polygon", "coordinates": [ [ [ 72.935788, 19.1492054 ], [ 72.9356602, 19.1492401 ], [ 72.9355153, 19.1492629 ], [ 72.9355341, 19.1493363 ], [ 72.9353088, 19.1493794 ], [ 72.935392, 19.149757 ], [ 72.9359525, 19.1496404 ], [ 72.9358935, 19.1494808 ], [ 72.935788, 19.1492054 ] ] ] } },
{ "type": "Feature", "properties": { "element": "way", "id": 1127574407, "name": null, "category": "schools" }, "geometry": { "type": "Polygon", "coordinates": [ [ [ 72.9362395, 19.149083 ], [ 72.9364729, 19.1493034 ], [ 72.9358935, 19.1494808 ], [ 72.935788, 19.1492054 ], [ 72.9362395, 19.149083 ] ] ] } },
{ "type": "Feature", "properties": { "element": "way", "id": 1127574408, "name": "N.E.S. high school", "category": "schools" }, "geometry": { "type": "Polygon", "coordinates": [ [ [ 72.9362395, 19.149083 ], [ 72.9360411, 19.1489183 ], [ 72.9355717, 19.1487738 ], [ 72.9356602, 19.1492401 ], [ 72.935788, 19.1492054 ], [ 72.9362395, 19.149083 ] ] ] } },
{ "type": "Feature", "properties": { "element": "way", "id": 1132674016, "name": "Sophia college", "category": "schools" }, "geometry": { "type": "Polygon", "coordinates": [ [ [ 72.8064769, 18.969953 ], [ 72.80678, 18.96992 ], [ 72.8068917, 18.9700007 ], [ 72.8069309, 18.970029 ], [ 72.8069732, 18.9700595 ], [ 72.8074023, 18.9698084 ], [ 72.8074801, 18.9699327 ], [ 72.8079055, 18.9698727 ], [ 72.8079897, 18.969707 ], [ 72.8081828, 18.9694127 ], [ 72.8081372, 18.9690931 ], [ 72.8075981, 18.9689802 ], [ 72.8065335, 18.9691703 ], [ 72.8063482, 18.9691997 ], [ 72.8064769, 18.969953 ] ] ] } },
{ "type": "Feature", "properties": { "element": "way", "id": 1138003210, "name": "Lakshdham High School", "category": "schools" }, "geometry": { "type": "Polygon", "coordinates": [ [ [ 72.8709828, 19.1685478 ], [ 72.8710762, 19.1690165 ], [ 72.8712201, 19.1697385 ], [ 72.8709996, 19.1697722 ], [ 72.870616, 19.1690935 ], [ 72.8705691, 19.1687899 ], [ 72.8705342, 19.1685643 ], [ 72.8704877, 19.1682721 ], [ 72.870687, 19.1682382 ], [ 72.8708463, 19.1682522 ], [ 72.8709828, 19.1685478 ] ] ] } },
{ "type": "Feature", "properties": { "element": "way", "id": 1138003480, "name": null, "category": "schools" }, "geometry": { "type": "Polygon", "coordinates": [ [ [ 72.8759077, 19.1731434 ], [ 72.8760659, 19.173165 ], [ 72.8761028, 19.172886 ], [ 72.8762272, 19.1729089 ], [ 72.8762238, 19.1729607 ], [ 72.8763048, 19.1729694 ], [ 72.8763263, 19.1728372 ], [ 72.8762601, 19.1726959 ], [ 72.8759815, 19.1726619 ], [ 72.8759762, 19.1727764 ], [ 72.8759077, 19.1731434 ] ] ] } },
{ "type": "Feature", "properties": { "element": "way", "id": 1143525081, "name": "Aspee Nutan English Medium School", "category": "schools" }, "geometry": { "type": "Polygon", "coordinates": [ [ [ 72.8457118, 19.1925797 ], [ 72.8459537, 19.1924988 ], [ 72.8457176, 19.1918687 ], [ 72.8454756, 19.1919496 ], [ 72.8457118, 19.1925797 ] ] ] } },
{ "type": "Feature", "properties": { "element": "way", "id": 1144638788, "name": null, "category": "schools" }, "geometry": { "type": "Polygon", "coordinates": [ [ [ 72.8457819, 19.2022516 ], [ 72.8460792, 19.2022076 ], [ 72.8460384, 19.2019506 ], [ 72.8457511, 19.201992 ], [ 72.8457819, 19.2022516 ] ] ] } },
{ "type": "Feature", "properties": { "element": "way", "id": 1149824748, "name": "Mahatma Gandhi Vidya Mandir", "category": "schools" }, "geometry": { "type": "Polygon", "coordinates": [ [ [ 72.8495425, 19.0623917 ], [ 72.8500789, 19.0623461 ], [ 72.8504544, 19.0625691 ], [ 72.8500856, 19.0632181 ], [ 72.8495345, 19.0631142 ], [ 72.8495425, 19.0623917 ] ] ] } },
{ "type": "Feature", "properties": { "element": "way", "id": 1149824752, "name": null, "category": "schools" }, "geometry": { "type": "Polygon", "coordinates": [ [ [ 72.8501084, 19.0647899 ], [ 72.8498644, 19.0651904 ], [ 72.8495586, 19.0651296 ], [ 72.8495371, 19.0644299 ], [ 72.8497758, 19.0644857 ], [ 72.8497571, 19.0646175 ], [ 72.8501084, 19.0647899 ] ] ] } },
{ "type": "Feature", "properties": { "element": "way", "id": 1153422848, "name": null, "category": "schools" }, "geometry": { "type": "Polygon", "coordinates": [ [ [ 73.0153987, 19.0452119 ], [ 73.0158779, 19.0448113 ], [ 73.0155203, 19.0444226 ], [ 73.0150339, 19.0448434 ], [ 73.0153987, 19.0452119 ] ] ] } },
{ "type": "Feature", "properties": { "element": "way", "id": 1158933428, "name": "Yojana Vidyalaya", "category": "schools" }, "geometry": { "type": "Polygon", "coordinates": [ [ [ 72.8660113, 19.2229697 ], [ 72.8660059, 19.2235218 ], [ 72.8654695, 19.2235117 ], [ 72.8656465, 19.2230001 ], [ 72.8657162, 19.2229646 ], [ 72.8660113, 19.2229697 ] ] ] } },
{ "type": "Feature", "properties": { "element": "way", "id": 1159030810, "name": null, "category": "schools" }, "geometry": { "type": "Polygon", "coordinates": [ [ [ 72.8762923, 19.214843 ], [ 72.8771746, 19.2152753 ], [ 72.8765336, 19.2162377 ], [ 72.8764021, 19.2161795 ], [ 72.8761849, 19.2163745 ], [ 72.875521, 19.2160351 ], [ 72.8759006, 19.2154576 ], [ 72.8762923, 19.214843 ] ] ] } },
{ "type": "Feature", "properties": { "element": "way", "id": 1164064216, "name": "Shri Dasmesh Public School", "category": "schools" }, "geometry": { "type": "Polygon", "coordinates": [ [ [ 72.9365059, 19.1766533 ], [ 72.9366236, 19.1762818 ], [ 72.9370962, 19.1763908 ], [ 72.9372298, 19.1765034 ], [ 72.9371378, 19.1766068 ], [ 72.936992, 19.1767605 ], [ 72.9365059, 19.1766533 ] ] ] } },
{ "type": "Feature", "properties": { "element": "way", "id": 1166291778, "name": "Hanumanpada School", "category": "schools" }, "geometry": { "type": "Polygon", "coordinates": [ [ [ 72.9363117, 19.1765698 ], [ 72.9362815, 19.1766475 ], [ 72.9361593, 19.176647 ], [ 72.9359373, 19.1767774 ], [ 72.9358638, 19.1765894 ], [ 72.9360341, 19.1764983 ], [ 72.9362088, 19.1765645 ], [ 72.9363117, 19.1765698 ] ] ] } },
{ "type": "Feature", "properties": { "element": "way", "id": 1167092306, "name": "Mumbai Public School", "category": "schools" }, "geometry": { "type": "Polygon", "coordinates": [ [ [ 72.9330114, 19.1602416 ], [ 72.9327996, 19.1602351 ], [ 72.9327364, 19.1602167 ], [ 72.9327522, 19.1599808 ], [ 72.9326037, 19.1597021 ], [ 72.9329697, 19.1595613 ], [ 72.9331122, 19.1597581 ], [ 72.9330319, 19.1601432 ], [ 72.9330114, 19.1602416 ] ] ] } },
{ "type": "Feature", "properties": { "element": "way", "id": 1167296056, "name": "Mulund Camp BMC School", "category": "schools" }, "geometry": { "type": "Polygon", "coordinates": [ [ [ 72.9369234, 19.1753943 ], [ 72.9368526, 19.1754856 ], [ 72.9368831, 19.1755321 ], [ 72.9364806, 19.1757685 ], [ 72.9362644, 19.1755122 ], [ 72.9366464, 19.1752054 ], [ 72.9368563, 19.1752703 ], [ 72.9369234, 19.1753943 ] ] ] } },
{ "type": "Feature", "properties": { "element": "way", "id": 1170351951, "name": "Jamnabai Narsee School", "category": "schools" }, "geometry": { "type": "Polygon", "coordinates": [ [ [ 72.8323495, 19.104657 ], [ 72.83254, 19.1045987 ], [ 72.8328162, 19.1045556 ], [ 72.8328645, 19.1045759 ], [ 72.8328887, 19.105724 ], [ 72.8317031, 19.1057392 ], [ 72.8317085, 19.1051487 ], [ 72.8317541, 19.1050498 ], [ 72.8320867, 19.1047888 ], [ 72.8323495, 19.104657 ] ] ] } },
{ "type": "Feature", "properties": { "element": "way", "id": 1170351963, "name": "Sir Sorabji Pochkhanawala Bankers Training College", "category": "schools" }, "geometry": { "type": "Polygon", "coordinates": [ [ [ 72.835831, 19.1098424 ], [ 72.8366035, 19.1099894 ], [ 72.8366679, 19.1096752 ], [ 72.8359115, 19.1095282 ], [ 72.8347447, 19.1093254 ], [ 72.8346026, 19.109333 ], [ 72.8338757, 19.1096448 ], [ 72.8338489, 19.1097005 ], [ 72.8339186, 19.109992 ], [ 72.834498, 19.1097816 ], [ 72.834954, 19.1097335 ], [ 72.8352436, 19.1097512 ], [ 72.835831, 19.1098424 ] ] ] } },
{ "type": "Feature", "properties": { "element": "way", "id": 1170351964, "name": "SVKM", "category": "schools" }, "geometry": { "type": "Polygon", "coordinates": [ [ [ 72.8369737, 19.1069887 ], [ 72.8378972, 19.1069407 ], [ 72.8380915, 19.1081587 ], [ 72.837089, 19.1082686 ], [ 72.8370246, 19.1076147 ], [ 72.8369737, 19.1069887 ] ] ] } },
{ "type": "Feature", "properties": { "element": "way", "id": 1170351966, "name": "Narsee Monjee Institute Of Management Studies", "category": "schools" }, "geometry": { "type": "Polygon", "coordinates": [ [ [ 72.8361556, 19.1028803 ], [ 72.8362361, 19.1028245 ], [ 72.8365847, 19.1028017 ], [ 72.8366813, 19.1028397 ], [ 72.8367296, 19.1029665 ], [ 72.8367564, 19.1031439 ], [ 72.8367752, 19.1037395 ], [ 72.8361583, 19.1037416 ], [ 72.8361422, 19.1029639 ], [ 72.8361556, 19.1028803 ] ] ] } },
{ "type": "Feature", "properties": { "element": "way", "id": 1170351967, "name": "Mithibai College of Arts and Jitendra Chauhan College of Science", "category": "schools" }, "geometry": { "type": "Polygon", "coordinates": [ [ [ 72.8378588, 19.1023202 ], [ 72.8373036, 19.1025305 ], [ 72.8372526, 19.1025812 ], [ 72.8371668, 19.1027739 ], [ 72.8371024, 19.1028499 ], [ 72.8370246, 19.1029158 ], [ 72.8370032, 19.103002 ], [ 72.8370059, 19.1035089 ], [ 72.8376898, 19.1035089 ], [ 72.8378588, 19.1023202 ] ] ] } },
{ "type": "Feature", "properties": { "element": "way", "id": 1170351971, "name": "Mukesh Patel School of Technology Management and Engineering", "category": "schools" }, "geometry": { "type": "Polygon", "coordinates": [ [ [ 72.8372285, 19.1097816 ], [ 72.8382665, 19.1099894 ], [ 72.8382747, 19.1103384 ], [ 72.8381593, 19.1103317 ], [ 72.8372957, 19.1101923 ], [ 72.8372285, 19.1097816 ] ] ] } },
{ "type": "Feature", "properties": { "element": "way", "id": 1170368723, "name": "S. P. Jain Institute of Management and Research", "category": "schools" }, "geometry": { "type": "Polygon", "coordinates": [ [ [ 72.8373921, 19.1245717 ], [ 72.8366679, 19.1245565 ], [ 72.8365687, 19.1237735 ], [ 72.8365552, 19.1229777 ], [ 72.8368986, 19.1229574 ], [ 72.8371903, 19.1228874 ], [ 72.8373773, 19.1234992 ], [ 72.8374484, 19.1241181 ], [ 72.8373921, 19.1245717 ] ] ] } },
{ "type": "Feature", "properties": { "element": "way", "id": 1170368725, "name": "Bhavan's College", "category": "schools" }, "geometry": { "type": "Polygon", "coordinates": [ [ [ 72.8365552, 19.1246959 ], [ 72.8353402, 19.1247086 ], [ 72.8352195, 19.1248074 ], [ 72.8352356, 19.1251723 ], [ 72.8355172, 19.1251723 ], [ 72.835536, 19.1257425 ], [ 72.8365847, 19.1257146 ], [ 72.8365552, 19.1246959 ] ] ] } },
{ "type": "Feature", "properties": { "element": "way", "id": 1170368726, "name": "Sardar Patel Institute of Technology", "category": "schools" }, "geometry": { "type": "Polygon", "coordinates": [ [ [ 72.8356245, 19.1229767 ], [ 72.8359544, 19.1229752 ], [ 72.8365016, 19.1230563 ], [ 72.8365027, 19.1232264 ], [ 72.8356326, 19.1232337 ], [ 72.8356245, 19.1229767 ] ] ] } },
{ "type": "Feature", "properties": { "element": "way", "id": 1170368727, "name": "Sardar Patel College of Engineering", "category": "schools" }, "geometry": { "type": "Polygon", "coordinates": [ [ [ 72.8365027, 19.1232264 ], [ 72.836507, 19.1238723 ], [ 72.8356299, 19.1238723 ], [ 72.8356245, 19.1234035 ], [ 72.8342754, 19.1234263 ], [ 72.8342673, 19.1229828 ], [ 72.8356245, 19.1229767 ], [ 72.8356326, 19.1232337 ], [ 72.8365027, 19.1232264 ] ] ] } },
{ "type": "Feature", "properties": { "element": "way", "id": 1170368733, "name": "Hansraj Morarji Public School", "category": "schools" }, "geometry": { "type": "Polygon", "coordinates": [ [ [ 72.8330785, 19.1216088 ], [ 72.833865, 19.1216067 ], [ 72.833814, 19.1228029 ], [ 72.8330406, 19.1228024 ], [ 72.8330785, 19.1216088 ] ] ] } },
{ "type": "Feature", "properties": { "element": "way", "id": 1170368734, "name": "Bai Kabibai & Hansraj Moraraji Trust Andheri Campus", "category": "schools" }, "geometry": { "type": "Polygon", "coordinates": [ [ [ 72.8371903, 19.1228874 ], [ 72.8375262, 19.1227674 ], [ 72.8370246, 19.1212316 ], [ 72.83692, 19.1209351 ], [ 72.837258, 19.1208186 ], [ 72.837148, 19.120223 ], [ 72.8363182, 19.1203084 ], [ 72.8351469, 19.1204082 ], [ 72.8348494, 19.1204335 ], [ 72.8348722, 19.1211507 ], [ 72.8330925, 19.1211683 ], [ 72.8330879, 19.1213131 ], [ 72.8330785, 19.1216088 ], [ 72.8330406, 19.1228024 ], [ 72.8330369, 19.122919 ], [ 72.835933, 19.1229017 ], [ 72.8365552, 19.1229777 ], [ 72.8368986, 19.1229574 ], [ 72.8371903, 19.1228874 ] ] ] } },
{ "type": "Feature", "properties": { "element": "way", "id": 1170368746, "name": "Shree Ram Welfare High School", "category": "schools" }, "geometry": { "type": "Polygon", "coordinates": [ [ [ 72.8410318, 19.1177901 ], [ 72.8411365, 19.1179143 ], [ 72.8411257, 19.1182919 ], [ 72.8409567, 19.1183021 ], [ 72.8406724, 19.1182995 ], [ 72.8406349, 19.1178104 ], [ 72.8410318, 19.1177901 ] ] ] } },
{ "type": "Feature", "properties": { "element": "way", "id": 1171645929, "name": "Saifi High School", "category": "schools" }, "geometry": { "type": "Polygon", "coordinates": [ [ [ 72.8325592, 18.9551763 ], [ 72.8325748, 18.9550239 ], [ 72.8327422, 18.9550362 ], [ 72.8327344, 18.955115 ], [ 72.8327265, 18.9551961 ], [ 72.8325592, 18.9551763 ] ] ] } },
{ "type": "Feature", "properties": { "element": "way", "id": 1186783950, "name": null, "category": "schools" }, "geometry": { "type": "Polygon", "coordinates": [ [ [ 72.8538823, 19.0427179 ], [ 72.8539064, 19.0425557 ], [ 72.8541452, 19.0424771 ], [ 72.8544043, 19.0423582 ], [ 72.8544556, 19.0424418 ], [ 72.8545962, 19.0423748 ], [ 72.8546795, 19.0423772 ], [ 72.8548847, 19.0426384 ], [ 72.8547433, 19.0430754 ], [ 72.8544027, 19.0430323 ], [ 72.854172, 19.0427433 ], [ 72.8538823, 19.0427179 ] ] ] } },
{ "type": "Feature", "properties": { "element": "way", "id": 1187638402, "name": "Passpoli Municipal School", "category": "schools" }, "geometry": { "type": "Polygon", "coordinates": [ [ [ 72.8944024, 19.1259833 ], [ 72.8950998, 19.1254663 ], [ 72.8954158, 19.1266805 ], [ 72.8951373, 19.1267689 ], [ 72.8944024, 19.1259833 ] ] ] } },
{ "type": "Feature", "properties": { "element": "way", "id": 1191847026, "name": null, "category": "schools" }, "geometry": { "type": "Polygon", "coordinates": [ [ [ 72.8059348, 18.9107511 ], [ 72.8052752, 18.9095822 ], [ 72.8065457, 18.9093478 ], [ 72.8070501, 18.910174 ], [ 72.8059348, 18.9107511 ] ] ] } },
{ "type": "Feature", "properties": { "element": "way", "id": 1191847027, "name": null, "category": "schools" }, "geometry": { "type": "Polygon", "coordinates": [ [ [ 72.806451, 18.9115707 ], [ 72.8066282, 18.9114692 ], [ 72.8062441, 18.9108281 ], [ 72.8060553, 18.9109346 ], [ 72.806451, 18.9115707 ] ] ] } },
{ "type": "Feature", "properties": { "element": "way", "id": 1192464428, "name": "Ascend International School", "category": "schools" }, "geometry": { "type": "Polygon", "coordinates": [ [ [ 72.8509811, 19.068771 ], [ 72.8514001, 19.068042 ], [ 72.8508384, 19.0677536 ], [ 72.8504194, 19.0684826 ], [ 72.8509811, 19.068771 ] ] ] } },
{ "type": "Feature", "properties": { "element": "way", "id": 1192464441, "name": "Cardinal Gracias High School", "category": "schools" }, "geometry": { "type": "Polygon", "coordinates": [ [ [ 72.847681, 19.0671285 ], [ 72.847677, 19.0665099 ], [ 72.8471191, 19.0665759 ], [ 72.8472944, 19.0671806 ], [ 72.847681, 19.0671285 ] ] ] } },
{ "type": "Feature", "properties": { "element": "way", "id": 1216491582, "name": "Mumbai Public School Nahur Village", "category": "schools" }, "geometry": { "type": "Polygon", "coordinates": [ [ [ 72.9475794, 19.1639723 ], [ 72.9474219, 19.1641132 ], [ 72.9471308, 19.1637685 ], [ 72.9472769, 19.1636923 ], [ 72.9474117, 19.1637557 ], [ 72.9475794, 19.1639723 ] ] ] } },
{ "type": "Feature", "properties": { "element": "way", "id": 1226336534, "name": "Besant Montessori School", "category": "schools" }, "geometry": { "type": "Polygon", "coordinates": [ [ [ 72.8270389, 19.1004238 ], [ 72.8272736, 19.1004639 ], [ 72.8273017, 19.1003173 ], [ 72.8270669, 19.1002772 ], [ 72.8270389, 19.1004238 ] ] ] } },
{ "type": "Feature", "properties": { "element": "way", "id": 1227680034, "name": "Gujurat Research Society", "category": "schools" }, "geometry": { "type": "Polygon", "coordinates": [ [ [ 72.8301835, 19.0752151 ], [ 72.8301537, 19.0756392 ], [ 72.8309966, 19.0754819 ], [ 72.8309841, 19.0752469 ], [ 72.8301835, 19.0752151 ] ] ] } },
{ "type": "Feature", "properties": { "element": "way", "id": 1227731048, "name": "Mumbai Public School", "category": "schools" }, "geometry": { "type": "Polygon", "coordinates": [ [ [ 72.8371105, 19.0060789 ], [ 72.83749, 19.0059083 ], [ 72.8372458, 19.0054225 ], [ 72.8368662, 19.0055931 ], [ 72.8371105, 19.0060789 ] ] ] } },
{ "type": "Feature", "properties": { "element": "way", "id": 1236536848, "name": "Mumbai Public Pali-Chimbai Municipal School", "category": "schools" }, "geometry": { "type": "Polygon", "coordinates": [ [ [ 72.824185, 19.0582197 ], [ 72.8242116, 19.0579843 ], [ 72.8245564, 19.0580094 ], [ 72.824524, 19.058256 ], [ 72.824185, 19.0582197 ] ] ] } },
{ "type": "Feature", "properties": { "element": "way", "id": 1242795257, "name": "VES College of Architecture", "category": "schools" }, "geometry": { "type": "Polygon", "coordinates": [ [ [ 72.8889911, 19.0459012 ], [ 72.8892192, 19.0460388 ], [ 72.8893593, 19.0459435 ], [ 72.8892112, 19.0457611 ], [ 72.8889911, 19.0459012 ] ] ] } },
{ "type": "Feature", "properties": { "element": "way", "id": 1289073491, "name": "National Medical College", "category": "schools" }, "geometry": { "type": "Polygon", "coordinates": [ [ [ 72.8138503, 18.9785948 ], [ 72.8148937, 18.9788256 ], [ 72.8144297, 18.9807482 ], [ 72.8139791, 18.980246 ], [ 72.8135312, 18.9797767 ], [ 72.8138503, 18.9785948 ] ] ] } },
{ "type": "Feature", "properties": { "element": "way", "id": 1289166116, "name": "NAVAL KG School, TS MAHUL", "category": "schools" }, "geometry": { "type": "Polygon", "coordinates": [ [ [ 72.8902531, 19.0110322 ], [ 72.8910428, 19.010982 ], [ 72.8908765, 19.0101426 ], [ 72.8900841, 19.0102157 ], [ 72.8902531, 19.0110322 ] ] ] } },
{ "type": "Feature", "properties": { "element": "way", "id": 1290823368, "name": "Mohili Village Municipality School", "category": "schools" }, "geometry": { "type": "Polygon", "coordinates": [ [ [ 72.8918517, 19.1001658 ], [ 72.8922337, 19.10024 ], [ 72.8924644, 19.0998877 ], [ 72.8921252, 19.0997071 ], [ 72.8918517, 19.1001658 ] ] ] } },
{ "type": "Feature", "properties": { "element": "way", "id": 1290823369, "name": "St Anthony's High School", "category": "schools" }, "geometry": { "type": "Polygon", "coordinates": [ [ [ 72.8927717, 19.1053159 ], [ 72.8932625, 19.1051842 ], [ 72.8934395, 19.1057468 ], [ 72.8929111, 19.1058989 ], [ 72.8927717, 19.1053159 ] ] ] } },
{ "type": "Feature", "properties": { "element": "way", "id": 1291882474, "name": "New English High School", "category": "schools" }, "geometry": { "type": "Polygon", "coordinates": [ [ [ 72.8497839, 19.0663769 ], [ 72.8501701, 19.0665746 ], [ 72.8495023, 19.0677179 ], [ 72.8489792, 19.0670182 ], [ 72.8489497, 19.0667292 ], [ 72.8490329, 19.066425 ], [ 72.8491241, 19.0662374 ], [ 72.8492823, 19.066136 ], [ 72.8495613, 19.0660879 ], [ 72.8497034, 19.0663261 ], [ 72.8497839, 19.0663769 ] ] ] } },
{ "type": "Feature", "properties": { "element": "way", "id": 1328347060, "name": null, "category": "schools" }, "geometry": { "type": "Polygon", "coordinates": [ [ [ 72.8449925, 19.1453976 ], [ 72.8444476, 19.1456094 ], [ 72.8444272, 19.145927 ], [ 72.8442696, 19.1459383 ], [ 72.8442533, 19.1461042 ], [ 72.8449307, 19.1461904 ], [ 72.8449925, 19.1453976 ] ] ] } },
{ "type": "Feature", "properties": { "element": "way", "id": 1335983035, "name": "ST. XAVIERS", "category": "schools" }, "geometry": { "type": "Polygon", "coordinates": [ [ [ 73.0204992, 19.0383746 ], [ 73.0207679, 19.0383643 ], [ 73.0210882, 19.0380877 ], [ 73.0207984, 19.0377878 ], [ 73.0204746, 19.0378002 ], [ 73.0204992, 19.0383746 ] ] ] } },
{ "type": "Feature", "properties": { "element": "way", "id": 1349154981, "name": "Patuck Technical School Ground", "category": "schools" }, "geometry": { "type": "Polygon", "coordinates": [ [ [ 72.849316, 19.0816606 ], [ 72.8494214, 19.0816762 ], [ 72.8496161, 19.0814976 ], [ 72.8496288, 19.0814616 ], [ 72.8494883, 19.0813701 ], [ 72.8494578, 19.0813519 ], [ 72.8492546, 19.0815815 ], [ 72.849316, 19.0816606 ] ] ] } },
{ "type": "Feature", "properties": { "element": "way", "id": 1349391234, "name": "BMC School", "category": "schools" }, "geometry": { "type": "Polygon", "coordinates": [ [ [ 72.8195949, 19.1872824 ], [ 72.8194553, 19.1867757 ], [ 72.8193749, 19.1865072 ], [ 72.8193132, 19.1863374 ], [ 72.8191603, 19.1858105 ], [ 72.8198335, 19.1856307 ], [ 72.8198872, 19.1862083 ], [ 72.8199247, 19.1871962 ], [ 72.8195949, 19.1872824 ] ] ] } },
{ "type": "Feature", "properties": { "element": "way", "id": 1360718319, "name": null, "category": "schools" }, "geometry": { "type": "Polygon", "coordinates": [ [ [ 73.0010862, 19.1038535 ], [ 73.0009075, 19.1038054 ], [ 73.000987, 19.1036255 ], [ 73.0011468, 19.1036748 ], [ 73.0010862, 19.1038535 ] ] ] } },
{ "type": "Feature", "properties": { "element": "way", "id": 1361121711, "name": "Lodha Oakwood School", "category": "schools" }, "geometry": { "type": "Polygon", "coordinates": [ [ [ 72.879702, 19.0362419 ], [ 72.8796463, 19.0366833 ], [ 72.8798339, 19.0367047 ], [ 72.879833, 19.0366313 ], [ 72.8799278, 19.0366384 ], [ 72.8799113, 19.036358 ], [ 72.8799002, 19.036288 ], [ 72.8798918, 19.0362461 ], [ 72.8798781, 19.0362254 ], [ 72.8798121, 19.0362331 ], [ 72.879702, 19.0362419 ] ] ] } },
{ "type": "Feature", "properties": { "element": "way", "id": 1372204911, "name": "Model High School", "category": "schools" }, "geometry": { "type": "Polygon", "coordinates": [ [ [ 72.905377, 19.0364583 ], [ 72.9051958, 19.0364663 ], [ 72.905203, 19.0361664 ], [ 72.905396, 19.0361701 ], [ 72.905377, 19.0364583 ] ] ] } },
{ "type": "Feature", "properties": { "element": "way", "id": 1374686428, "name": "Mumbai Public School", "category": "schools" }, "geometry": { "type": "Polygon", "coordinates": [ [ [ 72.8552634, 19.0477905 ], [ 72.8553391, 19.0478356 ], [ 72.8557041, 19.0478723 ], [ 72.855708, 19.0477892 ], [ 72.855689, 19.0477877 ], [ 72.8556888, 19.0477569 ], [ 72.8554334, 19.04775 ], [ 72.8553349, 19.047708 ], [ 72.8552928, 19.0477494 ], [ 72.8552634, 19.0477905 ] ] ] } },
{ "type": "Feature", "properties": { "element": "way", "id": 1383241902, "name": "Taraben Master School", "category": "schools" }, "geometry": { "type": "Polygon", "coordinates": [ [ [ 72.8331011, 19.0850221 ], [ 72.833272, 19.0849972 ], [ 72.83325, 19.0848623 ], [ 72.8330791, 19.0848873 ], [ 72.8331011, 19.0850221 ] ] ] } },
{ "type": "Feature", "properties": { "element": "way", "id": 1384662221, "name": "Shanti Nagar Highschool Ground", "category": "schools" }, "geometry": { "type": "Polygon", "coordinates": [ [ [ 72.859226, 19.2785184 ], [ 72.8593796, 19.2786027 ], [ 72.8594742, 19.2784489 ], [ 72.859949, 19.2787092 ], [ 72.8604419, 19.2779081 ], [ 72.8598135, 19.2775636 ], [ 72.859226, 19.2785184 ] ] ] } },
{ "type": "Feature", "properties": { "element": "way", "id": 1387161513, "name": "RC Mahim Municipal School", "category": "schools" }, "geometry": { "type": "Polygon", "coordinates": [ [ [ 72.840388, 19.0406908 ], [ 72.8403549, 19.0399479 ], [ 72.8408869, 19.0399351 ], [ 72.8408357, 19.0405903 ], [ 72.840388, 19.0406908 ] ] ] } },
{ "type": "Feature", "properties": { "element": "way", "id": 1390433259, "name": "Somaiya Vidyavihar University", "category": "schools" }, "geometry": { "type": "Polygon", "coordinates": [ [ [ 72.8963616, 19.0727811 ], [ 72.8971706, 19.0722572 ], [ 72.897322, 19.072149 ], [ 72.8974431, 19.0720538 ], [ 72.8975577, 19.0720096 ], [ 72.8976403, 19.0720037 ], [ 72.897895, 19.0720352 ], [ 72.8981597, 19.0720479 ], [ 72.8984096, 19.0720566 ], [ 72.8985192, 19.072064 ], [ 72.8986218, 19.071967 ], [ 72.8987415, 19.071872 ], [ 72.8988724, 19.0718619 ], [ 72.8992206, 19.0718583 ], [ 72.8993971, 19.0719254 ], [ 72.8999335, 19.0721442 ], [ 72.9000854, 19.0722051 ], [ 72.9004302, 19.0723518 ], [ 72.9007298, 19.072497 ], [ 72.9008819, 19.0725712 ], [ 72.9009748, 19.0726162 ], [ 72.9011123, 19.0726831 ], [ 72.9012226, 19.0727363 ], [ 72.9013323, 19.0727893 ], [ 72.9014463, 19.0728452 ], [ 72.901559, 19.0728826 ], [ 72.9015376, 19.0729853 ], [ 72.901354, 19.0733908 ], [ 72.9015207, 19.0737659 ], [ 72.9016172, 19.0739971 ], [ 72.9019847, 19.0741383 ], [ 72.9022289, 19.0742361 ], [ 72.9023793, 19.0746184 ], [ 72.9019836, 19.074706 ], [ 72.9015469, 19.0748364 ], [ 72.9010408, 19.0749863 ], [ 72.900718, 19.0750652 ], [ 72.9000239, 19.0752019 ], [ 72.9000344, 19.0752244 ], [ 72.9000606, 19.0752771 ], [ 72.9009889, 19.0750628 ], [ 72.9009879, 19.0754479 ], [ 72.9009815, 19.0760151 ], [ 72.9009802, 19.0770274 ], [ 72.9008492, 19.0770427 ], [ 72.9008545, 19.0764334 ], [ 72.9003036, 19.0764046 ], [ 72.9002765, 19.0762451 ], [ 72.9000393, 19.0762786 ], [ 72.8999253, 19.0762009 ], [ 72.8997535, 19.0761992 ], [ 72.8994452, 19.0762468 ], [ 72.8991482, 19.0763333 ], [ 72.8990175, 19.0763722 ], [ 72.8988101, 19.0761391 ], [ 72.8972808, 19.0740418 ], [ 72.8963616, 19.0727811 ] ] ] } },
{ "type": "Feature", "properties": { "element": "way", "id": 1391802079, "name": "Govt School", "category": "schools" }, "geometry": { "type": "Polygon", "coordinates": [ [ [ 72.9628348, 19.1739451 ], [ 72.9629781, 19.1737826 ], [ 72.963055, 19.1736005 ], [ 72.9628662, 19.1735547 ], [ 72.9628348, 19.1739451 ] ] ] } },
{ "type": "Feature", "properties": { "element": "way", "id": 1391802081, "name": "Mumbai Public School", "category": "schools" }, "geometry": { "type": "Polygon", "coordinates": [ [ [ 72.9629417, 19.1734196 ], [ 72.9627047, 19.1733791 ], [ 72.9627053, 19.1730465 ], [ 72.9628692, 19.1730075 ], [ 72.9629417, 19.1734196 ] ] ] } },
{ "type": "Feature", "properties": { "element": "way", "id": 1411438353, "name": "Bombay College of Pharmacy", "category": "schools" }, "geometry": { "type": "Polygon", "coordinates": [ [ [ 72.860483, 19.0768146 ], [ 72.8606865, 19.0772226 ], [ 72.8606688, 19.0773079 ], [ 72.8595026, 19.0771206 ], [ 72.8588443, 19.0769735 ], [ 72.8587612, 19.0768932 ], [ 72.8587329, 19.0767226 ], [ 72.8587736, 19.0764935 ], [ 72.8588443, 19.0763396 ], [ 72.8595593, 19.0765286 ], [ 72.8598955, 19.0765855 ], [ 72.860322, 19.0766139 ], [ 72.8603786, 19.0766975 ], [ 72.8604476, 19.0767678 ], [ 72.860483, 19.0768146 ] ] ] } },
{ "type": "Feature", "properties": { "element": "way", "id": 1411777493, "name": "Kamaladevi Jain High School", "category": "schools" }, "geometry": { "type": "Polygon", "coordinates": [ [ [ 72.8284441, 19.1334658 ], [ 72.8287619, 19.1333239 ], [ 72.8286466, 19.1328919 ], [ 72.8282899, 19.132973 ], [ 72.8284441, 19.1334658 ] ] ] } },
{ "type": "Feature", "properties": { "element": "way", "id": 1412114957, "name": "AP shah Institute of Technology", "category": "schools" }, "geometry": { "type": "Polygon", "coordinates": [ [ [ 72.9669418, 19.2672295 ], [ 72.9670406, 19.2673578 ], [ 72.9671899, 19.267522 ], [ 72.9672437, 19.2675869 ], [ 72.9672975, 19.2676566 ], [ 72.9673142, 19.2676653 ], [ 72.9673789, 19.2677084 ], [ 72.9674966, 19.2677711 ], [ 72.9676187, 19.2678279 ], [ 72.9679898, 19.2680066 ], [ 72.9680599, 19.268066 ], [ 72.9681469, 19.2683229 ], [ 72.9679998, 19.2685299 ], [ 72.9676948, 19.2684483 ], [ 72.9673165, 19.2683635 ], [ 72.966813, 19.2681893 ], [ 72.9668369, 19.268121 ], [ 72.9666134, 19.26799 ], [ 72.9669418, 19.2672295 ] ] ] } },
{ "type": "Feature", "properties": { "element": "way", "id": 1412168490, "name": "DY Patil University", "category": "schools" }, "geometry": { "type": "Polygon", "coordinates": [ [ [ 73.0229553, 19.0439532 ], [ 73.0234651, 19.0444483 ], [ 73.0236856, 19.0446907 ], [ 73.02417, 19.0452366 ], [ 73.0242898, 19.0454525 ], [ 73.0244597, 19.0458431 ], [ 73.0246777, 19.0461652 ], [ 73.0248403, 19.045982 ], [ 73.0249699, 19.0458185 ], [ 73.0250225, 19.0457606 ], [ 73.0252348, 19.0455003 ], [ 73.0252851, 19.045444 ], [ 73.0254777, 19.0452565 ], [ 73.025572, 19.045139 ], [ 73.0258074, 19.0448377 ], [ 73.0259329, 19.0447437 ], [ 73.0260324, 19.0446321 ], [ 73.0262313, 19.0444052 ], [ 73.0262949, 19.044338 ], [ 73.0264895, 19.0441221 ], [ 73.026775, 19.0437935 ], [ 73.0268911, 19.0436752 ], [ 73.0266093, 19.043394 ], [ 73.026263, 19.0431329 ], [ 73.0260224, 19.042855 ], [ 73.0257732, 19.0425945 ], [ 73.0254812, 19.0425216 ], [ 73.0251836, 19.042284 ], [ 73.0249975, 19.0420864 ], [ 73.0247885, 19.0419568 ], [ 73.0246576, 19.041882 ], [ 73.0245218, 19.0418925 ], [ 73.0243553, 19.0418565 ], [ 73.0233227, 19.0409287 ], [ 73.0225416, 19.0415813 ], [ 73.022955, 19.0419528 ], [ 73.0244388, 19.0432565 ], [ 73.0238174, 19.0438833 ], [ 73.0235966, 19.0436923 ], [ 73.0233831, 19.0435261 ], [ 73.0229553, 19.0439532 ] ] ] } },
{ "type": "Feature", "properties": { "element": "way", "id": 1412316695, "name": "Mount Mary Convent High School", "category": "schools" }, "geometry": { "type": "Polygon", "coordinates": [ [ [ 72.8223535, 19.0460165 ], [ 72.8227532, 19.0460076 ], [ 72.822765, 19.0458928 ], [ 72.8229324, 19.0457168 ], [ 72.8232307, 19.0459396 ], [ 72.8232625, 19.0465035 ], [ 72.8227685, 19.0464534 ], [ 72.8226919, 19.0463965 ], [ 72.8223005, 19.0463921 ], [ 72.8223535, 19.0460165 ] ] ] } },
{ "type": "Feature", "properties": { "element": "way", "id": 1413264798, "name": "Sharada Gyam Peeth International School", "category": "schools" }, "geometry": { "type": "Polygon", "coordinates": [ [ [ 72.8556796, 19.1930525 ], [ 72.8556062, 19.1922781 ], [ 72.8560607, 19.1922757 ], [ 72.8560861, 19.1930002 ], [ 72.8556796, 19.1930525 ] ] ] } },
{ "type": "Feature", "properties": { "element": "way", "id": 1413487792, "name": "Smt. Kaveritai Patil English Medium School", "category": "schools" }, "geometry": { "type": "Polygon", "coordinates": [ [ [ 72.9887868, 19.1929259 ], [ 72.9891875, 19.1927737 ], [ 72.9890731, 19.1925367 ], [ 72.9892276, 19.1924404 ], [ 72.9891286, 19.192097 ], [ 72.9889865, 19.1921535 ], [ 72.9889741, 19.1919705 ], [ 72.9888672, 19.1919682 ], [ 72.988767, 19.1919954 ], [ 72.9883992, 19.1920751 ], [ 72.9886128, 19.1925542 ], [ 72.9887868, 19.1929259 ] ] ] } },
{ "type": "Feature", "properties": { "element": "way", "id": 1420109924, "name": "Jai Hind College", "category": "schools" }, "geometry": { "type": "Polygon", "coordinates": [ [ [ 72.8248698, 18.9351177 ], [ 72.8252469, 18.9350678 ], [ 72.8252011, 18.9347302 ], [ 72.825548, 18.934681 ], [ 72.825495, 18.934332 ], [ 72.8247744, 18.9344309 ], [ 72.8248698, 18.9351177 ] ] ] } },
{ "type": "Feature", "properties": { "element": "way", "id": 1420982492, "name": "Bandra Petit School", "category": "schools" }, "geometry": { "type": "Polygon", "coordinates": [ [ [ 72.8342939, 19.056397 ], [ 72.8348366, 19.0564193 ], [ 72.8348189, 19.0568046 ], [ 72.8342763, 19.0567824 ], [ 72.8342939, 19.056397 ] ] ] } },
{ "type": "Feature", "properties": { "element": "way", "id": 1451563013, "name": "Shri Balaji International School", "category": "schools" }, "geometry": { "type": "Polygon", "coordinates": [ [ [ 72.8350994, 19.1943595 ], [ 72.8353435, 19.194438 ], [ 72.8354173, 19.1944279 ], [ 72.8354307, 19.1942138 ], [ 72.8350847, 19.1940884 ], [ 72.8350967, 19.1943063 ], [ 72.8350994, 19.1943595 ] ] ] } },
{ "type": "Feature", "properties": { "element": "way", "id": 1459999335, "name": "Mumbai Public School", "category": "schools" }, "geometry": { "type": "Polygon", "coordinates": [ [ [ 72.8295986, 19.123439 ], [ 72.8296994, 19.1238367 ], [ 72.8290497, 19.1239837 ], [ 72.8289489, 19.123586 ], [ 72.8291082, 19.12355 ], [ 72.8295986, 19.123439 ] ] ] } },
{ "type": "Feature", "properties": { "element": "way", "id": 1462733203, "name": "Billabong High International School", "category": "schools" }, "geometry": { "type": "Polygon", "coordinates": [ [ [ 72.9346103, 19.1715986 ], [ 72.9344242, 19.1712835 ], [ 72.9348366, 19.170928 ], [ 72.9351552, 19.1713479 ], [ 72.9348767, 19.1715334 ], [ 72.9346103, 19.1715986 ] ] ] } },
{ "type": "Feature", "properties": { "element": "way", "id": 1467980774, "name": "Young Ladies High School", "category": "schools" }, "geometry": { "type": "Polygon", "coordinates": [ [ [ 72.8316562, 18.9355489 ], [ 72.8320242, 18.9354089 ], [ 72.8320842, 18.935553 ], [ 72.8317216, 18.935692 ], [ 72.8316562, 18.9355489 ] ] ] } },
{ "type": "Feature", "properties": { "element": "way", "id": 1480592899, "name": "Saint Louis Convent", "category": "schools" }, "geometry": { "type": "Polygon", "coordinates": [ [ [ 72.8255116, 19.1248643 ], [ 72.8258924, 19.1252034 ], [ 72.8256058, 19.1254365 ], [ 72.8252395, 19.1251537 ], [ 72.8255116, 19.1248643 ] ] ] } },
{ "type": "Feature", "properties": { "element": "way", "id": 1482662222, "name": "Saint Blaise Highschool", "category": "schools" }, "geometry": { "type": "Polygon", "coordinates": [ [ [ 72.8460388, 19.1272388 ], [ 72.8466441, 19.1271943 ], [ 72.8467155, 19.1275603 ], [ 72.8460097, 19.127627 ], [ 72.8460388, 19.1272388 ] ] ] } },
{ "type": "Feature", "properties": { "element": "way", "id": 1491318915, "name": "Chotani Road Municipal High School", "category": "schools" }, "geometry": { "type": "Polygon", "coordinates": [ [ [ 72.8442104, 19.0386074 ], [ 72.8445602, 19.0385557 ], [ 72.8446407, 19.0390263 ], [ 72.8443885, 19.0390496 ], [ 72.8440752, 19.0389695 ], [ 72.8442104, 19.0386074 ] ] ] } },
{ "type": "Feature", "properties": { "element": "way", "id": 1494524958, "name": null, "category": "schools" }, "geometry": { "type": "Polygon", "coordinates": [ [ [ 72.8332144, 19.1298584 ], [ 72.8331349, 19.129565 ], [ 72.833359, 19.1295344 ], [ 72.833425, 19.1298359 ], [ 72.8332144, 19.1298584 ] ] ] } },
{ "type": "Feature", "properties": { "element": "way", "id": 1499174872, "name": "Singapore International School", "category": "schools" }, "geometry": { "type": "Polygon", "coordinates": [ [ [ 72.8773863, 19.2624401 ], [ 72.8773197, 19.2623449 ], [ 72.8761332, 19.2623441 ], [ 72.8756819, 19.2625172 ], [ 72.8755538, 19.2624472 ], [ 72.8754482, 19.2623697 ], [ 72.8749019, 19.2626137 ], [ 72.8741448, 19.2629742 ], [ 72.8740766, 19.2628138 ], [ 72.8751482, 19.2622997 ], [ 72.8754202, 19.2619987 ], [ 72.8756373, 19.2619556 ], [ 72.8759902, 19.2615965 ], [ 72.8764269, 19.2609692 ], [ 72.87711, 19.2606271 ], [ 72.8776264, 19.2618604 ], [ 72.8777051, 19.2620192 ], [ 72.8776264, 19.2622095 ], [ 72.8774424, 19.2623901 ], [ 72.8773863, 19.2624401 ] ] ] } },
{ "type": "Feature", "properties": { "element": "way", "id": 1503563057, "name": "Mumbai Public School", "category": "schools" }, "geometry": { "type": "Polygon", "coordinates": [ [ [ 72.9523063, 19.1708177 ], [ 72.9527332, 19.171273 ], [ 72.9530899, 19.1709746 ], [ 72.9526629, 19.1705193 ], [ 72.9523063, 19.1708177 ] ] ] } },
{ "type": "Feature", "properties": { "element": "way", "id": 1504445716, "name": "Somaiya Ayurvihar", "category": "schools" }, "geometry": { "type": "Polygon", "coordinates": [ [ [ 72.877543, 19.047722 ], [ 72.8773943, 19.0477926 ], [ 72.8773111, 19.0478575 ], [ 72.8772963, 19.048032 ], [ 72.8771118, 19.0480516 ], [ 72.8766341, 19.0483388 ], [ 72.8763272, 19.0485986 ], [ 72.8753173, 19.0490456 ], [ 72.8750817, 19.0492057 ], [ 72.8748354, 19.0494506 ], [ 72.8745589, 19.0493822 ], [ 72.8744531, 19.0494129 ], [ 72.8740829, 19.0496299 ], [ 72.873709, 19.0498049 ], [ 72.8733773, 19.0498003 ], [ 72.8710027, 19.048908 ], [ 72.8708955, 19.0488185 ], [ 72.87072, 19.0488054 ], [ 72.8703329, 19.0485961 ], [ 72.8701881, 19.0485737 ], [ 72.8699678, 19.0485137 ], [ 72.869971, 19.0476212 ], [ 72.8698866, 19.0473697 ], [ 72.8699321, 19.0470354 ], [ 72.8699223, 19.0462012 ], [ 72.8698841, 19.0458076 ], [ 72.8697318, 19.0455267 ], [ 72.869605, 19.0450916 ], [ 72.8692172, 19.0442181 ], [ 72.8691882, 19.0439235 ], [ 72.8681264, 19.0419271 ], [ 72.8680621, 19.041808 ], [ 72.8680394, 19.0417219 ], [ 72.8680569, 19.0416382 ], [ 72.8681062, 19.0415218 ], [ 72.8681472, 19.0414313 ], [ 72.8682703, 19.0413304 ], [ 72.8699338, 19.0441442 ], [ 72.8701081, 19.0445135 ], [ 72.8702899, 19.0446556 ], [ 72.8711623, 19.045233 ], [ 72.8721598, 19.0456325 ], [ 72.8729426, 19.0458676 ], [ 72.8731262, 19.0458541 ], [ 72.8737112, 19.0460493 ], [ 72.8745458, 19.0463905 ], [ 72.8764297, 19.0470256 ], [ 72.8768875, 19.0472433 ], [ 72.877543, 19.047722 ] ] ] } },
{ "type": "Feature", "properties": { "element": "way", "id": 1519270402, "name": "Conservation Education Centre", "category": "schools" }, "geometry": { "type": "Polygon", "coordinates": [ [ [ 72.8920682, 19.1629639 ], [ 72.8920041, 19.1629539 ], [ 72.8919751, 19.1629494 ], [ 72.8919632, 19.1629634 ], [ 72.8919419, 19.1629539 ], [ 72.8918957, 19.162974 ], [ 72.8918767, 19.1629471 ], [ 72.891853, 19.1629186 ], [ 72.8918571, 19.1628861 ], [ 72.8918897, 19.1628822 ], [ 72.8919057, 19.162885 ], [ 72.891914, 19.1628749 ], [ 72.8919692, 19.1628828 ], [ 72.8920041, 19.1629186 ], [ 72.8920658, 19.1629382 ], [ 72.8920853, 19.1629225 ], [ 72.8920972, 19.1629163 ], [ 72.8921085, 19.1628844 ], [ 72.8920652, 19.1628732 ], [ 72.8919828, 19.1628648 ], [ 72.8919893, 19.1628368 ], [ 72.8919952, 19.16281 ], [ 72.8920338, 19.1628128 ], [ 72.8920658, 19.1628262 ], [ 72.8921025, 19.162834 ], [ 72.8921322, 19.1628436 ], [ 72.8921535, 19.1628161 ], [ 72.8921796, 19.1627876 ], [ 72.8922015, 19.1627853 ], [ 72.8922175, 19.1627943 ], [ 72.8922246, 19.162787 ], [ 72.8922407, 19.1627988 ], [ 72.8922543, 19.1628245 ], [ 72.8922543, 19.1628587 ], [ 72.8922353, 19.1628772 ], [ 72.8922021, 19.1628699 ], [ 72.8921683, 19.1628626 ], [ 72.8921523, 19.1628632 ], [ 72.8921381, 19.1628856 ], [ 72.892128, 19.1629119 ], [ 72.8921274, 19.1629348 ], [ 72.8921357, 19.1629438 ], [ 72.8921713, 19.1629438 ], [ 72.8922021, 19.1629499 ], [ 72.8922401, 19.1629595 ], [ 72.8922567, 19.1629695 ], [ 72.892249, 19.1629841 ], [ 72.8922602, 19.1630026 ], [ 72.892249, 19.1630155 ], [ 72.8922519, 19.1630233 ], [ 72.8922341, 19.1630205 ], [ 72.8922169, 19.1630166 ], [ 72.8921932, 19.1630233 ], [ 72.8921814, 19.1630071 ], [ 72.8921701, 19.1629919 ], [ 72.8921375, 19.1629768 ], [ 72.8921274, 19.1629841 ], [ 72.8921144, 19.1629847 ], [ 72.8921061, 19.1629891 ], [ 72.8921073, 19.1630171 ], [ 72.8921085, 19.1630412 ], [ 72.8921132, 19.1630569 ], [ 72.8921375, 19.163067 ], [ 72.8921446, 19.1630815 ], [ 72.8921488, 19.1630944 ], [ 72.8921648, 19.1631034 ], [ 72.8921826, 19.1631067 ], [ 72.8921909, 19.1631151 ], [ 72.892179, 19.1631286 ], [ 72.8921589, 19.1631347 ], [ 72.8921553, 19.1631129 ], [ 72.8921423, 19.163114 ], [ 72.8921233, 19.1631269 ], [ 72.8921156, 19.1631157 ], [ 72.8921002, 19.1631118 ], [ 72.8920812, 19.1631123 ], [ 72.8920741, 19.1631022 ], [ 72.8920688, 19.1630894 ], [ 72.8920403, 19.1630877 ], [ 72.8920255, 19.1630854 ], [ 72.8920107, 19.163077 ], [ 72.8920113, 19.1630642 ], [ 72.8920231, 19.1630518 ], [ 72.8920492, 19.1630558 ], [ 72.89208, 19.1630502 ], [ 72.8920818, 19.1630261 ], [ 72.8920771, 19.1629942 ], [ 72.89208, 19.1629723 ], [ 72.8920682, 19.1629639 ] ] ] } },
{ "type": "Feature", "properties": { "element": "way", "id": 1530766852, "name": "Z.P. School Ground", "category": "schools" }, "geometry": { "type": "Polygon", "coordinates": [ [ [ 72.9601009, 19.2138266 ], [ 72.9607312, 19.2140115 ], [ 72.9608412, 19.2138012 ], [ 72.9603906, 19.2134846 ], [ 72.9601009, 19.2138266 ] ] ] } },
{ "type": "Feature", "properties": { "element": "way", "id": 1532683598, "name": "Gundecha Education Academy", "category": "schools" }, "geometry": { "type": "Polygon", "coordinates": [ [ [ 72.8333852, 19.1526052 ], [ 72.8336761, 19.1525478 ], [ 72.8337891, 19.1513457 ], [ 72.8334498, 19.1513564 ], [ 72.8333852, 19.1526052 ] ] ] } },
{ "type": "Feature", "properties": { "element": "way", "id": 1535484027, "name": "Whistling Woods International", "category": "schools" }, "geometry": { "type": "Polygon", "coordinates": [ [ [ 72.8855994, 19.1615108 ], [ 72.8859347, 19.1617793 ], [ 72.8865355, 19.1621087 ], [ 72.8870532, 19.1622227 ], [ 72.8870693, 19.1630639 ], [ 72.8860313, 19.1629473 ], [ 72.8853124, 19.1625242 ], [ 72.8853475, 19.1624053 ], [ 72.8854331, 19.1615057 ], [ 72.8855994, 19.1615108 ] ] ] } },
{ "type": "Feature", "properties": { "element": "way", "id": 1535753020, "name": "Guru Gobind English High School", "category": "schools" }, "geometry": { "type": "Polygon", "coordinates": [ [ [ 72.9348582, 19.1216168 ], [ 72.9349413, 19.1225292 ], [ 72.9343057, 19.1226635 ], [ 72.9341635, 19.1224911 ], [ 72.9340643, 19.121665 ], [ 72.9348582, 19.1216168 ] ] ] } },
{ "type": "Feature", "properties": { "element": "way", "id": 1554736538, "name": "Sivai Ground", "category": "schools" }, "geometry": { "type": "Polygon", "coordinates": [ [ [ 72.8704959, 19.1366542 ], [ 72.8704852, 19.1372117 ], [ 72.8706407, 19.1377084 ], [ 72.8711235, 19.1376729 ], [ 72.8713703, 19.136933 ], [ 72.8712845, 19.136416 ], [ 72.8711128, 19.1362336 ], [ 72.8707427, 19.1362336 ], [ 72.8704959, 19.1366542 ] ] ] } },
{ "type": "Feature", "properties": { "element": "way", "id": 1556482880, "name": "Panbai International School", "category": "schools" }, "geometry": { "type": "Polygon", "coordinates": [ [ [ 72.8452549, 19.0856492 ], [ 72.8453821, 19.0854635 ], [ 72.8447939, 19.0853521 ], [ 72.844756, 19.0855606 ], [ 72.8452549, 19.0856492 ] ] ] } }
]
}
